row_id,path,source_file,case_index,block,stride,num_warps,target_ns,target_kind,valid,correctness_ok,n_candidates,n_valid_candidates,f_intercept,f_iters_per_thread,f_active_threads,f_active_warps,f_tail_elems,f_tail_lanes_gt0,f_L,f_line_elems_max,f_line_elems_min,f_line_density,f_mean_warp_lines,f_min_warp_lines,f_max_warp_lines,f_stride_bytes,f_stride_gt_line,f_page_cross,f_bucket_pairs_2k8,f_bucket_worst_2k8,f_bucket_pairs_32k16,f_bucket_worst_32k16,f_num_warps_minus1
0,triton_stride_load,board_template_stride_load_rerun_outliers.json,0,16,3,1,258.2314908504486,min_across_probe_passes,1,1,3,3,1.0,1.0,16.0,1.0,16.0,1.0,2.0,11.0,5.0,8.0,2.0,2.0,2.0,12.0,0.0,0.0,120.0,15.0,120.0,15.0,0.0
1,triton_stride_load,board_template_stride_load_rerun_outliers.json,1,16,5,1,274.56751465797424,min_across_probe_passes,1,1,4,4,1.0,1.0,16.0,1.0,16.0,1.0,3.0,7.0,3.0,5.333333333333333,3.0,3.0,3.0,20.0,0.0,0.0,120.0,15.0,120.0,15.0,0.0
2,triton_stride_load,board_template_stride_load.json,2,16,6,1,273.376668492953,min_across_probe_passes,1,1,3,3,1.0,1.0,16.0,1.0,16.0,1.0,3.0,6.0,5.0,5.333333333333333,3.0,3.0,3.0,24.0,0.0,0.0,120.0,15.0,120.0,15.0,0.0
3,triton_stride_load,board_template_stride_load_rerun2_outliers.json,3,16,7,1,278.51317326227826,min_across_probe_passes,1,1,3,3,1.0,1.0,16.0,1.0,16.0,1.0,4.0,5.0,2.0,4.0,4.0,4.0,4.0,28.0,0.0,0.0,120.0,15.0,120.0,15.0,0.0
4,triton_stride_load,board_template_stride_load_rerun2_outliers.json,4,16,9,1,303.1553129355113,min_across_probe_passes,1,1,3,3,1.0,1.0,16.0,1.0,16.0,1.0,5.0,4.0,1.0,3.2,5.0,5.0,5.0,36.0,0.0,0.0,120.0,15.0,120.0,15.0,0.0
5,triton_stride_load,board_template_stride_load_rerun2_outliers.json,5,16,11,1,307.494322458903,min_across_probe_passes,1,1,3,3,1.0,1.0,16.0,1.0,16.0,1.0,6.0,3.0,1.0,2.6666666666666665,6.0,6.0,6.0,44.0,0.0,0.0,120.0,15.0,120.0,15.0,0.0
6,triton_stride_load,board_template_stride_load_pass2.json,6,16,13,1,309.35365955034894,min_across_probe_passes,1,1,3,3,1.0,1.0,16.0,1.0,16.0,1.0,7.0,3.0,1.0,2.2857142857142856,7.0,7.0,7.0,52.0,0.0,0.0,120.0,15.0,120.0,15.0,0.0
7,triton_stride_load,board_template_stride_load_rerun2_outliers.json,7,16,15,1,296.8546847502391,min_across_probe_passes,1,1,3,3,1.0,1.0,16.0,1.0,16.0,1.0,8.0,3.0,1.0,2.0,8.0,8.0,8.0,60.0,0.0,0.0,120.0,15.0,120.0,15.0,0.0
8,triton_stride_load,board_template_stride_load_pass2.json,8,16,17,1,312.0546837647756,min_across_probe_passes,1,1,2,2,1.0,1.0,16.0,1.0,16.0,1.0,8.0,2.0,2.0,2.0,8.0,8.0,8.0,68.0,0.0,0.0,120.0,15.0,120.0,15.0,0.0
9,triton_stride_load,board_template_stride_load_rerun2_outliers.json,9,16,21,1,314.2880101998647,min_across_probe_passes,1,1,3,3,1.0,1.0,16.0,1.0,16.0,1.0,10.0,2.0,1.0,1.6,10.0,10.0,10.0,84.0,0.0,0.0,120.0,15.0,120.0,15.0,0.0
10,triton_stride_load,board_template_stride_load_pass2.json,10,16,25,1,314.9834970633189,min_across_probe_passes,1,1,3,3,1.0,1.0,16.0,1.0,16.0,1.0,12.0,2.0,1.0,1.3333333333333333,12.0,12.0,12.0,100.0,0.0,0.0,120.0,15.0,120.0,15.0,0.0
11,triton_stride_load,board_template_stride_load_rerun2_outliers.json,11,16,31,1,309.89964803059894,min_across_probe_passes,1,1,3,3,1.0,1.0,16.0,1.0,16.0,1.0,15.0,2.0,1.0,1.0666666666666667,15.0,15.0,15.0,124.0,0.0,0.0,120.0,15.0,120.0,15.0,0.0
12,triton_stride_load,board_template_stride_load_rerun2_outliers.json,12,16,40,1,318.05800398190814,min_across_probe_passes,1,1,3,3,1.0,1.0,16.0,1.0,16.0,1.0,16.0,1.0,1.0,1.0,16.0,16.0,16.0,160.0,1.0,0.0,81.0,12.0,120.0,15.0,0.0
13,triton_stride_load,board_template_stride_load_pass2.json,13,16,48,1,315.69550434748334,min_across_probe_passes,1,1,3,3,1.0,1.0,16.0,1.0,16.0,1.0,16.0,1.0,1.0,1.0,16.0,16.0,16.0,192.0,1.0,0.0,65.0,10.0,120.0,15.0,0.0
14,triton_stride_load,board_template_stride_load_rerun2_outliers.json,14,16,63,1,299.8328407605489,min_across_probe_passes,1,1,3,3,1.0,1.0,16.0,1.0,16.0,1.0,16.0,1.0,1.0,1.0,16.0,16.0,16.0,252.0,1.0,0.0,57.0,8.0,120.0,15.0,0.0
15,triton_stride_load,board_template_stride_load.json,15,16,96,1,538.4324093659719,min_across_probe_passes,1,1,4,1,1.0,1.0,16.0,1.0,16.0,1.0,16.0,1.0,1.0,1.0,16.0,16.0,16.0,384.0,1.0,1.0,35.0,5.0,120.0,15.0,0.0
16,triton_stride_load,board_template_stride_load.json,16,16,129,1,516.8363650639852,min_across_probe_passes,1,1,3,1,1.0,1.0,16.0,1.0,16.0,1.0,16.0,1.0,1.0,1.0,16.0,16.0,16.0,516.0,1.0,1.0,24.0,3.0,120.0,15.0,0.0
17,triton_stride_load,board_template_stride_load.json,17,16,192,1,532.2743356227875,min_across_probe_passes,1,1,4,1,1.0,1.0,16.0,1.0,16.0,1.0,16.0,1.0,1.0,1.0,16.0,16.0,16.0,768.0,1.0,2.0,14.0,2.0,120.0,15.0,0.0
18,triton_stride_load,board_template_stride_load.json,18,16,255,1,457.5245877106984,min_across_probe_passes,1,1,2,1,1.0,1.0,16.0,1.0,16.0,1.0,16.0,1.0,1.0,1.0,16.0,16.0,16.0,1020.0,1.0,3.0,9.0,2.0,120.0,15.0,0.0
19,triton_stride_load,board_template_stride_load_pass2.json,19,64,3,1,282.8480005264282,min_across_probe_passes,1,1,2,2,1.0,1.0,64.0,2.0,64.0,1.0,6.0,11.0,10.0,10.666666666666666,3.0,3.0,3.0,12.0,0.0,0.0,2016.0,63.0,2016.0,63.0,0.0
20,triton_stride_load,board_template_stride_load_rerun2_outliers.json,20,64,5,1,290.4091576735179,min_across_probe_passes,1,1,3,3,1.0,1.0,64.0,2.0,64.0,1.0,10.0,7.0,6.0,6.4,5.0,5.0,5.0,20.0,0.0,0.0,2016.0,63.0,2016.0,63.0,0.0
21,triton_stride_load,board_template_stride_load_rerun2_outliers.json,21,64,6,1,294.76885000864667,min_across_probe_passes,1,1,3,3,1.0,1.0,64.0,2.0,64.0,1.0,12.0,6.0,5.0,5.333333333333333,6.0,6.0,6.0,24.0,0.0,0.0,2016.0,63.0,2016.0,63.0,0.0
22,triton_stride_load,board_template_stride_load_pass2.json,22,64,7,1,299.52534039815265,min_across_probe_passes,1,1,3,3,1.0,1.0,64.0,2.0,64.0,1.0,14.0,5.0,4.0,4.571428571428571,7.0,7.0,7.0,28.0,0.0,0.0,2016.0,63.0,2016.0,63.0,0.0
23,triton_stride_load,board_template_stride_load_pass2.json,23,64,9,1,301.05748772621155,min_across_probe_passes,1,1,3,3,1.0,1.0,64.0,2.0,64.0,1.0,18.0,4.0,3.0,3.5555555555555554,9.0,9.0,9.0,36.0,0.0,0.0,1617.0,56.0,2016.0,63.0,0.0
24,triton_stride_load,board_template_stride_load_pass2.json,24,64,11,1,307.5549900531769,min_across_probe_passes,1,1,3,3,1.0,1.0,64.0,2.0,64.0,1.0,22.0,3.0,2.0,2.909090909090909,11.0,11.0,11.0,44.0,0.0,0.0,1217.0,46.0,2016.0,63.0,0.0
25,triton_stride_load,board_template_stride_load_pass2.json,25,64,13,1,316.230833530426,min_across_probe_passes,1,1,3,3,1.0,1.0,64.0,2.0,64.0,1.0,26.0,3.0,2.0,2.4615384615384617,13.0,13.0,13.0,52.0,0.0,0.0,1056.0,39.0,2016.0,63.0,0.0
26,triton_stride_load,board_template_stride_load_rerun2_outliers.json,26,64,15,1,322.7348327636719,min_across_probe_passes,1,1,3,3,1.0,1.0,64.0,2.0,64.0,1.0,30.0,3.0,2.0,2.1333333333333333,15.0,15.0,15.0,60.0,0.0,0.0,1001.0,34.0,2016.0,63.0,0.0
27,triton_stride_load,board_template_stride_load.json,27,64,17,1,570.4885472853979,min_across_probe_passes,1,1,2,1,1.0,1.0,64.0,2.0,64.0,1.0,34.0,2.0,1.0,1.8823529411764706,17.0,17.0,17.0,68.0,0.0,1.0,903.0,30.0,2016.0,63.0,0.0
28,triton_stride_load,board_template_stride_load.json,28,64,21,1,588.9292806386948,min_across_probe_passes,1,1,3,1,1.0,1.0,64.0,2.0,64.0,1.0,42.0,2.0,1.0,1.5238095238095237,21.0,21.0,21.0,84.0,0.0,1.0,681.0,24.0,2016.0,63.0,0.0
29,triton_stride_load,board_template_stride_load.json,29,64,25,1,620.0673580169678,min_across_probe_passes,1,1,3,1,1.0,1.0,64.0,2.0,64.0,1.0,50.0,2.0,1.0,1.28,25.0,25.0,25.0,100.0,0.0,1.0,611.0,20.0,2016.0,63.0,0.0
30,triton_stride_load,board_template_stride_load.json,30,64,31,1,633.7256580591202,min_across_probe_passes,1,1,3,1,1.0,1.0,64.0,2.0,64.0,1.0,62.0,2.0,1.0,1.032258064516129,31.0,31.0,31.0,124.0,0.0,1.0,483.0,16.0,2016.0,63.0,0.0
31,triton_stride_load,board_template_stride_load.json,31,64,40,1,637.3688727617264,min_across_probe_passes,1,1,3,1,1.0,1.0,64.0,2.0,64.0,1.0,64.0,1.0,1.0,1.0,32.0,32.0,32.0,160.0,1.0,2.0,378.0,12.0,2016.0,63.0,0.0
32,triton_stride_load,board_template_stride_load.json,32,64,48,1,640.2088354031245,min_across_probe_passes,1,1,3,1,1.0,1.0,64.0,2.0,64.0,1.0,64.0,1.0,1.0,1.0,32.0,32.0,32.0,192.0,1.0,2.0,310.0,10.0,2016.0,63.0,0.0
33,triton_stride_load,board_template_stride_load.json,33,64,63,1,634.7164859374365,min_across_probe_passes,1,1,3,1,1.0,1.0,64.0,2.0,64.0,1.0,64.0,1.0,1.0,1.0,32.0,32.0,32.0,252.0,1.0,3.0,225.0,8.0,2016.0,63.0,0.0
34,triton_stride_load,board_template_stride_load.json,34,64,96,1,621.0921059052149,min_across_probe_passes,1,1,3,1,1.0,1.0,64.0,2.0,64.0,1.0,64.0,1.0,1.0,1.0,32.0,32.0,32.0,384.0,1.0,5.0,255.0,10.0,2016.0,63.0,0.0
35,triton_stride_load,board_template_stride_load.json,35,64,129,1,595.5045521259308,min_across_probe_passes,1,1,3,1,1.0,1.0,64.0,2.0,64.0,1.0,64.0,1.0,1.0,1.0,32.0,32.0,32.0,516.0,1.0,7.0,224.0,7.0,2016.0,63.0,0.0
36,triton_stride_load,board_template_stride_load_pass2.json,36,64,192,1,624.4044999281565,min_across_probe_passes,0,1,3,0,1.0,1.0,64.0,2.0,64.0,1.0,64.0,1.0,1.0,1.0,32.0,32.0,32.0,768.0,1.0,11.0,224.0,7.0,1113.0,42.0,0.0
37,triton_stride_load,board_template_stride_load_pass2.json,37,64,255,1,608.9606682459513,min_across_probe_passes,0,1,2,0,1.0,1.0,64.0,2.0,64.0,1.0,64.0,1.0,1.0,1.0,32.0,32.0,32.0,1020.0,1.0,15.0,225.0,8.0,993.0,32.0,0.0
38,triton_stride_load,board_template_stride_load_rerun_outliers.json,38,256,3,1,336.72767877578735,min_across_probe_passes,1,1,3,2,1.0,1.0,256.0,8.0,256.0,1.0,24.0,11.0,10.0,10.666666666666666,3.0,3.0,3.0,12.0,0.0,0.0,18105.0,170.0,32640.0,255.0,0.0
39,triton_stride_load,board_template_stride_load_pass2.json,39,256,5,1,614.9561603864034,min_across_probe_passes,0,1,4,0,1.0,1.0,256.0,8.0,256.0,1.0,40.0,7.0,6.0,6.4,5.0,5.0,5.0,20.0,0.0,1.0,11679.0,102.0,32640.0,255.0,0.0
40,triton_stride_load,board_template_stride_load.json,40,256,6,1,625.6584872802099,min_across_probe_passes,1,1,3,1,1.0,1.0,256.0,8.0,256.0,1.0,48.0,6.0,5.0,5.333333333333333,6.0,6.0,6.0,24.0,0.0,1.0,10795.0,85.0,32640.0,255.0,0.0
41,triton_stride_load,board_template_stride_load.json,41,256,7,1,629.3918987115225,min_across_probe_passes,1,1,3,1,1.0,1.0,256.0,8.0,256.0,1.0,56.0,5.0,4.0,4.571428571428571,7.0,7.0,7.0,28.0,0.0,1.0,8587.0,73.0,32640.0,255.0,0.0
42,triton_stride_load,board_template_stride_load.json,42,256,9,1,696.3013261556625,min_across_probe_passes,1,1,3,1,1.0,1.0,256.0,8.0,256.0,1.0,72.0,4.0,3.0,3.5555555555555554,9.0,9.0,9.0,36.0,0.0,2.0,6762.0,56.0,32640.0,255.0,0.0
43,triton_stride_load,board_template_stride_load.json,43,256,11,1,734.365185101827,min_across_probe_passes,1,1,3,1,1.0,1.0,256.0,8.0,256.0,1.0,88.0,3.0,2.0,2.909090909090909,11.0,11.0,11.0,44.0,0.0,2.0,5566.0,46.0,32640.0,255.0,0.0
44,triton_stride_load,board_template_stride_load.json,44,256,13,1,753.4177005290985,min_across_probe_passes,1,1,3,3,1.0,1.0,256.0,8.0,256.0,1.0,104.0,3.0,2.0,2.4615384615384617,13.0,13.0,13.0,52.0,0.0,3.0,4734.0,39.0,32640.0,255.0,0.0
45,triton_stride_load,board_template_stride_load_pass2.json,45,256,15,1,774.9279737472534,min_across_probe_passes,1,1,3,3,1.0,1.0,256.0,8.0,256.0,1.0,120.0,3.0,2.0,2.1333333333333333,15.0,15.0,15.0,60.0,0.0,3.0,4097.0,34.0,32640.0,255.0,0.0
46,triton_stride_load,board_template_stride_load.json,46,256,17,1,822.733203570048,min_across_probe_passes,1,1,2,2,1.0,1.0,256.0,8.0,256.0,1.0,136.0,2.0,1.0,1.8823529411764706,17.0,17.0,17.0,68.0,0.0,4.0,4080.0,45.0,32640.0,255.0,0.0
47,triton_stride_load,board_template_stride_load.json,47,256,21,1,914.6685798962911,min_across_probe_passes,1,1,3,1,1.0,1.0,256.0,8.0,256.0,1.0,168.0,2.0,1.0,1.5238095238095237,21.0,21.0,21.0,84.0,0.0,5.0,4398.0,48.0,32640.0,255.0,0.0
48,triton_stride_load,board_template_stride_load.json,48,256,25,1,977.1490693092346,min_across_probe_passes,1,1,3,1,1.0,1.0,256.0,8.0,256.0,1.0,200.0,2.0,1.0,1.28,25.0,25.0,25.0,100.0,0.0,6.0,4337.0,41.0,32640.0,255.0,0.0
49,triton_stride_load,board_template_stride_load.json,49,256,31,1,1057.7279726664226,min_across_probe_passes,1,1,3,1,1.0,1.0,256.0,8.0,256.0,1.0,248.0,2.0,1.0,1.032258064516129,31.0,31.0,31.0,124.0,0.0,7.0,3999.0,33.0,32640.0,255.0,0.0
50,triton_stride_load,board_template_stride_load.json,50,256,40,1,1033.3302716414134,min_across_probe_passes,1,1,3,2,1.0,1.0,256.0,8.0,256.0,1.0,256.0,1.0,1.0,1.0,32.0,32.0,32.0,160.0,1.0,9.0,4138.0,38.0,22185.0,204.0,0.0
51,triton_stride_load,board_template_stride_load.json,51,256,48,1,1042.8721805413563,min_across_probe_passes,1,1,3,1,1.0,1.0,256.0,8.0,256.0,1.0,256.0,1.0,1.0,1.0,32.0,32.0,32.0,192.0,1.0,11.0,3968.0,31.0,18105.0,170.0,0.0
52,triton_stride_load,board_template_stride_load_rerun2_outliers.json,52,256,63,1,965.3838276863098,min_across_probe_passes,1,1,3,2,1.0,1.0,256.0,8.0,256.0,1.0,256.0,1.0,1.0,1.0,32.0,32.0,32.0,252.0,1.0,15.0,3969.0,32.0,16265.0,130.0,0.0
53,triton_stride_load,board_template_stride_load_rerun_outliers.json,53,256,96,1,1143.8541213671367,min_across_probe_passes,1,1,4,2,1.0,1.0,256.0,8.0,256.0,1.0,256.0,1.0,1.0,1.0,32.0,32.0,32.0,384.0,1.0,23.0,3968.0,31.0,10795.0,85.0,0.0
54,triton_stride_load,board_template_stride_load_rerun2_outliers.json,54,256,129,1,909.4291726748148,min_across_probe_passes,1,1,3,3,1.0,1.0,256.0,8.0,256.0,1.0,256.0,1.0,1.0,1.0,32.0,32.0,32.0,516.0,1.0,32.0,3968.0,31.0,8001.0,63.0,0.0
55,triton_stride_load,board_template_stride_load_pass2.json,55,256,192,1,887.9953225453695,min_across_probe_passes,1,1,4,4,1.0,1.0,256.0,8.0,256.0,1.0,256.0,1.0,1.0,1.0,32.0,32.0,32.0,768.0,1.0,47.0,3968.0,31.0,5334.0,42.0,0.0
56,triton_stride_load,board_template_stride_load_pass2.json,56,256,255,1,1002.2515058517456,min_across_probe_passes,1,1,2,2,1.0,1.0,256.0,8.0,256.0,1.0,256.0,1.0,1.0,1.0,32.0,32.0,32.0,1020.0,1.0,63.0,3969.0,32.0,3969.0,32.0,0.0
57,triton_stride_load,board_template_stride_load_pass2.json,57,1024,3,1,742.9351707299551,min_across_probe_passes,1,1,3,2,1.0,1.0,1024.0,32.0,0.0,0.0,96.0,11.0,10.0,10.666666666666666,3.0,3.0,3.0,12.0,0.0,2.0,86870.0,170.0,523776.0,1023.0,0.0
58,triton_stride_load,board_template_stride_load_pass2.json,58,1024,5,1,885.1451476414999,min_across_probe_passes,1,1,3,3,1.0,1.0,1024.0,32.0,0.0,0.0,160.0,7.0,6.0,6.4,5.0,5.0,5.0,20.0,0.0,4.0,72828.0,204.0,523776.0,1023.0,0.0
59,triton_stride_load,board_template_stride_load.json,59,1024,6,1,944.1719154516855,min_across_probe_passes,1,1,2,2,1.0,1.0,1024.0,32.0,0.0,0.0,192.0,6.0,5.0,5.333333333333333,6.0,6.0,6.0,24.0,0.0,5.0,72335.0,170.0,523776.0,1023.0,0.0
60,triton_stride_load,board_template_stride_load.json,60,1024,7,1,1018.3943609396616,min_across_probe_passes,1,1,2,2,1.0,1.0,1024.0,32.0,0.0,0.0,224.0,5.0,4.0,4.571428571428571,7.0,7.0,7.0,28.0,0.0,6.0,68985.0,146.0,523776.0,1023.0,0.0
61,triton_stride_load,board_template_stride_load.json,61,1024,9,1,1147.3011175791423,min_across_probe_passes,1,1,2,2,1.0,1.0,1024.0,32.0,0.0,0.0,288.0,4.0,3.0,3.5555555555555554,9.0,9.0,9.0,36.0,0.0,8.0,67376.0,169.0,420833.0,910.0,0.0
62,triton_stride_load,board_template_stride_load.json,62,1024,11,1,1233.8052193323772,min_across_probe_passes,1,1,2,2,1.0,1.0,1024.0,32.0,0.0,0.0,352.0,3.0,2.0,2.909090909090909,11.0,11.0,11.0,44.0,0.0,10.0,66658.0,139.0,315921.0,744.0,0.0
63,triton_stride_load,board_template_stride_load_pass2.json,63,1024,13,1,1320.1165795326233,min_across_probe_passes,1,1,2,2,1.0,1.0,1024.0,32.0,0.0,0.0,416.0,3.0,2.0,2.4615384615384617,13.0,13.0,13.0,52.0,0.0,12.0,66112.0,156.0,275793.0,630.0,0.0
64,triton_stride_load,board_template_stride_load.json,64,1024,15,1,1420.1050003369648,min_across_probe_passes,1,1,2,2,1.0,1.0,1024.0,32.0,0.0,0.0,480.0,3.0,2.0,2.1333333333333333,15.0,15.0,15.0,60.0,0.0,14.0,65825.0,136.0,262857.0,546.0,0.0
65,triton_stride_load,board_template_stride_load.json,65,1024,17,1,1525.1246690750122,min_across_probe_passes,1,1,2,2,1.0,1.0,1024.0,32.0,0.0,0.0,544.0,2.0,1.0,1.8823529411764706,17.0,17.0,17.0,68.0,0.0,16.0,65792.0,151.0,233612.0,481.0,0.0
66,triton_stride_load,board_template_stride_load.json,66,1024,21,1,1716.0518368085225,min_across_probe_passes,1,1,2,2,1.0,1.0,1024.0,32.0,0.0,0.0,672.0,2.0,1.0,1.5238095238095237,21.0,21.0,21.0,84.0,0.0,20.0,65400.0,144.0,181503.0,390.0,0.0
67,triton_stride_load,board_template_stride_load.json,67,1024,25,1,1846.3504711786907,min_across_probe_passes,1,1,2,2,1.0,1.0,1024.0,32.0,0.0,0.0,800.0,2.0,1.0,1.28,25.0,25.0,25.0,100.0,0.0,24.0,65324.0,142.0,161664.0,327.0,0.0
68,triton_stride_load,board_template_stride_load.json,68,1024,31,1,2103.4172972043357,min_across_probe_passes,1,1,2,2,1.0,1.0,1024.0,32.0,0.0,0.0,992.0,2.0,1.0,1.032258064516129,31.0,31.0,31.0,124.0,0.0,30.0,65233.0,132.0,130977.0,264.0,0.0
69,triton_stride_load,board_template_stride_load_pass2.json,69,1024,40,1,2182.0780436197915,min_across_probe_passes,1,1,2,2,1.0,1.0,1024.0,32.0,0.0,0.0,1024.0,1.0,1.0,1.0,32.0,32.0,32.0,160.0,1.0,39.0,65024.0,127.0,104346.0,204.0,0.0
70,triton_stride_load,board_template_stride_load.json,70,1024,48,1,2168.0215199788413,min_across_probe_passes,1,1,2,2,1.0,1.0,1024.0,32.0,0.0,0.0,1024.0,1.0,1.0,1.0,32.0,32.0,32.0,192.0,1.0,47.0,65024.0,127.0,86870.0,170.0,0.0
71,triton_stride_load,board_template_stride_load_pass2.json,71,1024,63,1,2232.6074043909707,min_across_probe_passes,1,1,2,2,1.0,1.0,1024.0,32.0,0.0,0.0,1024.0,1.0,1.0,1.0,32.0,32.0,32.0,252.0,1.0,62.0,65025.0,128.0,65153.0,130.0,0.0
72,triton_stride_load,board_template_stride_load_pass2.json,72,1024,96,1,2095.6985553105674,min_across_probe_passes,1,1,3,3,1.0,1.0,1024.0,32.0,0.0,0.0,1024.0,1.0,1.0,1.0,32.0,32.0,32.0,384.0,1.0,95.0,65024.0,127.0,43180.0,85.0,0.0
73,triton_stride_load,board_template_stride_load_pass2.json,73,1024,129,1,2123.5036055246987,min_across_probe_passes,1,1,2,1,1.0,1.0,1024.0,32.0,0.0,0.0,1024.0,1.0,1.0,1.0,32.0,32.0,32.0,516.0,1.0,128.0,65024.0,127.0,32284.0,70.0,0.0
74,triton_stride_load,board_template_stride_load_pass2.json,74,1024,192,1,2011.0212961832683,min_across_probe_passes,1,1,3,3,1.0,1.0,1024.0,32.0,0.0,0.0,1024.0,1.0,1.0,1.0,32.0,32.0,32.0,768.0,1.0,191.0,65024.0,127.0,35913.0,85.0,0.0
75,triton_stride_load,board_template_stride_load_pass2.json,75,1024,255,1,2043.0988073349,min_across_probe_passes,1,1,2,2,1.0,1.0,1024.0,32.0,0.0,0.0,1024.0,1.0,1.0,1.0,32.0,32.0,32.0,1020.0,1.0,254.0,65025.0,128.0,32263.0,65.0,0.0
76,triton_stride_load,board_template_stride_load.json,76,2048,3,1,1247.610588868459,min_across_probe_passes,1,1,3,1,1.0,2.0,1024.0,32.0,0.0,0.0,192.0,11.0,10.0,10.666666666666666,3.0,3.0,3.0,12.0,0.0,5.0,290191.0,341.0,2096128.0,2047.0,0.0
77,triton_stride_load,board_template_stride_load.json,77,2048,5,1,1382.9374710718791,min_across_probe_passes,1,1,3,1,1.0,2.0,1024.0,32.0,0.0,0.0,320.0,7.0,6.0,6.4,5.0,5.0,5.0,20.0,0.0,9.0,271526.0,307.0,1425777.0,1638.0,0.0
78,triton_stride_load,board_template_stride_load.json,78,2048,6,1,1406.313379605611,min_across_probe_passes,1,1,2,2,1.0,2.0,1024.0,32.0,0.0,0.0,384.0,6.0,5.0,5.333333333333333,6.0,6.0,6.0,24.0,0.0,11.0,261120.0,255.0,1164516.0,1365.0,0.0
79,triton_stride_load,board_template_stride_load.json,79,2048,7,1,1451.1300524075825,min_across_probe_passes,1,1,2,2,1.0,2.0,1024.0,32.0,0.0,0.0,448.0,5.0,4.0,4.571428571428571,7.0,7.0,7.0,28.0,0.0,13.0,266377.0,292.0,1069161.0,1170.0,0.0
80,triton_stride_load,board_template_stride_load.json,80,2048,9,1,1597.535530726115,min_across_probe_passes,1,1,2,2,1.0,2.0,1024.0,32.0,0.0,0.0,576.0,4.0,3.0,3.5555555555555554,9.0,9.0,9.0,36.0,0.0,17.0,264256.0,283.0,853751.0,910.0,0.0
81,triton_stride_load,board_template_stride_load_pass2.json,81,2048,11,1,1806.7821661631267,min_across_probe_passes,1,1,2,2,1.0,2.0,1024.0,32.0,0.0,0.0,704.0,3.0,2.0,2.909090909090909,11.0,11.0,11.0,44.0,0.0,21.0,263283.0,279.0,709683.0,744.0,0.0
82,triton_stride_load,board_template_stride_load.json,82,2048,13,1,1998.5207716623943,min_across_probe_passes,1,1,2,2,1.0,2.0,1024.0,32.0,0.0,0.0,832.0,3.0,2.0,2.4615384615384617,13.0,13.0,13.0,52.0,0.0,25.0,262574.0,276.0,607281.0,630.0,0.0
83,triton_stride_load,board_template_stride_load.json,83,2048,15,1,2215.8196171124778,min_across_probe_passes,1,1,2,2,1.0,2.0,1024.0,32.0,0.0,0.0,960.0,3.0,2.0,2.1333333333333333,15.0,15.0,15.0,60.0,0.0,29.0,262177.0,272.0,530337.0,546.0,0.0
84,triton_stride_load,board_template_stride_load.json,84,2048,17,1,2434.358278910319,min_across_probe_passes,1,1,2,2,1.0,2.0,1024.0,32.0,0.0,0.0,1088.0,2.0,1.0,1.8823529411764706,17.0,17.0,17.0,68.0,0.0,33.0,262144.0,271.0,470824.0,481.0,0.0
85,triton_stride_load,board_template_stride_load.json,85,2048,21,1,2864.303469657898,min_across_probe_passes,1,1,2,2,1.0,2.0,1024.0,32.0,0.0,0.0,1344.0,2.0,1.0,1.5238095238095237,21.0,21.0,21.0,84.0,0.0,41.0,261630.0,269.0,384321.0,390.0,0.0
86,triton_stride_load,board_template_stride_load_pass2.json,86,2048,25,1,3259.4672044118247,min_across_probe_passes,1,1,2,2,1.0,2.0,1024.0,32.0,0.0,0.0,1600.0,2.0,1.0,1.28,25.0,25.0,25.0,100.0,0.0,49.0,261520.0,265.0,324681.0,327.0,0.0
87,triton_stride_load,board_template_stride_load.json,87,2048,31,1,3795.738458633423,min_across_probe_passes,1,1,2,2,1.0,2.0,1024.0,32.0,0.0,0.0,1984.0,2.0,1.0,1.032258064516129,31.0,31.0,31.0,124.0,0.0,61.0,261393.0,264.0,263043.0,264.0,0.0
88,triton_stride_load,board_template_stride_load.json,88,2048,40,1,3942.283312479655,min_across_probe_passes,1,1,2,2,1.0,2.0,1024.0,32.0,0.0,0.0,2048.0,1.0,1.0,1.0,32.0,32.0,32.0,160.0,1.0,79.0,261120.0,255.0,208692.0,204.0,0.0
89,triton_stride_load,board_template_stride_load.json,89,2048,48,1,3918.341040611267,min_across_probe_passes,1,1,2,2,1.0,2.0,1024.0,32.0,0.0,0.0,2048.0,1.0,1.0,1.0,32.0,32.0,32.0,192.0,1.0,95.0,261120.0,255.0,173740.0,170.0,0.0
90,triton_stride_load,board_template_stride_load.json,90,2048,63,1,4246.756116549174,min_across_probe_passes,1,1,2,2,1.0,2.0,1024.0,32.0,0.0,0.0,2048.0,1.0,1.0,1.0,32.0,32.0,32.0,252.0,1.0,125.0,261121.0,256.0,130561.0,130.0,0.0
91,triton_stride_load,board_template_stride_load.json,91,2048,96,1,3840.928077697754,min_across_probe_passes,1,1,3,3,1.0,2.0,1024.0,32.0,0.0,0.0,2048.0,1.0,1.0,1.0,32.0,32.0,32.0,384.0,1.0,191.0,261120.0,255.0,144585.0,170.0,0.0
92,triton_stride_load,board_template_stride_load_pass2.json,92,2048,129,1,3991.929531097412,min_across_probe_passes,1,1,2,2,1.0,2.0,1024.0,32.0,0.0,0.0,2048.0,1.0,1.0,1.0,32.0,32.0,32.0,516.0,1.0,257.0,261120.0,255.0,130160.0,141.0,0.0
93,triton_stride_load,board_template_stride_load.json,93,2048,192,1,3640.363097190857,min_across_probe_passes,1,1,3,3,1.0,2.0,1024.0,32.0,0.0,0.0,2048.0,1.0,1.0,1.0,32.0,32.0,32.0,768.0,1.0,383.0,261120.0,255.0,130048.0,127.0,0.0
94,triton_stride_load,board_template_stride_load_pass2.json,94,2048,255,1,3740.573803583781,min_across_probe_passes,1,1,2,1,1.0,2.0,1024.0,32.0,0.0,0.0,2048.0,1.0,1.0,1.0,32.0,32.0,32.0,1020.0,1.0,509.0,261121.0,256.0,130069.0,131.0,0.0
95,triton_stride_store,board_template_stride_store_pass2.json,95,16,3,1,240.44167002042136,min_across_probe_passes,1,1,2,2,1.0,1.0,16.0,1.0,16.0,1.0,2.0,11.0,5.0,8.0,2.0,2.0,2.0,12.0,0.0,0.0,120.0,15.0,120.0,15.0,0.0
96,triton_stride_store,board_template_stride_store_rerun_outliers.json,96,16,5,1,247.0676600933075,min_across_probe_passes,1,1,3,3,1.0,1.0,16.0,1.0,16.0,1.0,3.0,7.0,3.0,5.333333333333333,3.0,3.0,3.0,20.0,0.0,0.0,120.0,15.0,120.0,15.0,0.0
97,triton_stride_store,board_template_stride_store_rerun_outliers.json,97,16,6,1,247.67531951268515,min_across_probe_passes,1,1,3,3,1.0,1.0,16.0,1.0,16.0,1.0,3.0,6.0,5.0,5.333333333333333,3.0,3.0,3.0,24.0,0.0,0.0,120.0,15.0,120.0,15.0,0.0
98,triton_stride_store,board_template_stride_store_rerun_outliers.json,98,16,7,1,254.45249676704407,min_across_probe_passes,1,1,3,3,1.0,1.0,16.0,1.0,16.0,1.0,4.0,5.0,2.0,4.0,4.0,4.0,4.0,28.0,0.0,0.0,120.0,15.0,120.0,15.0,0.0
99,triton_stride_store,board_template_stride_store_pass2.json,99,16,9,1,265.5666768550873,min_across_probe_passes,1,1,3,3,1.0,1.0,16.0,1.0,16.0,1.0,5.0,4.0,1.0,3.2,5.0,5.0,5.0,36.0,0.0,0.0,120.0,15.0,120.0,15.0,0.0
100,triton_stride_store,board_template_stride_store_rerun_outliers.json,100,16,11,1,275.0723163286845,min_across_probe_passes,1,1,3,3,1.0,1.0,16.0,1.0,16.0,1.0,6.0,3.0,1.0,2.6666666666666665,6.0,6.0,6.0,44.0,0.0,0.0,120.0,15.0,120.0,15.0,0.0
101,triton_stride_store,board_template_stride_store_pass2.json,101,16,13,1,275.82235137621564,min_across_probe_passes,1,1,3,3,1.0,1.0,16.0,1.0,16.0,1.0,7.0,3.0,1.0,2.2857142857142856,7.0,7.0,7.0,52.0,0.0,0.0,120.0,15.0,120.0,15.0,0.0
102,triton_stride_store,board_template_stride_store_pass2.json,102,16,15,1,272.0218499501546,min_across_probe_passes,1,1,3,3,1.0,1.0,16.0,1.0,16.0,1.0,8.0,3.0,1.0,2.0,8.0,8.0,8.0,60.0,0.0,0.0,120.0,15.0,120.0,15.0,0.0
103,triton_stride_store,board_template_stride_store.json,103,16,17,1,279.90158398946124,min_across_probe_passes,1,1,2,2,1.0,1.0,16.0,1.0,16.0,1.0,8.0,2.0,2.0,2.0,8.0,8.0,8.0,68.0,0.0,0.0,120.0,15.0,120.0,15.0,0.0
104,triton_stride_store,board_template_stride_store_rerun_outliers.json,104,16,21,1,289.6450161933899,min_across_probe_passes,1,1,3,3,1.0,1.0,16.0,1.0,16.0,1.0,10.0,2.0,1.0,1.6,10.0,10.0,10.0,84.0,0.0,0.0,120.0,15.0,120.0,15.0,0.0
105,triton_stride_store,board_template_stride_store_rerun_outliers.json,105,16,25,1,284.1773231824239,min_across_probe_passes,1,1,3,3,1.0,1.0,16.0,1.0,16.0,1.0,12.0,2.0,1.0,1.3333333333333333,12.0,12.0,12.0,100.0,0.0,0.0,120.0,15.0,120.0,15.0,0.0
106,triton_stride_store,board_template_stride_store_rerun_outliers.json,106,16,31,1,281.83498978614807,min_across_probe_passes,1,1,3,3,1.0,1.0,16.0,1.0,16.0,1.0,15.0,2.0,1.0,1.0666666666666667,15.0,15.0,15.0,124.0,0.0,0.0,120.0,15.0,120.0,15.0,0.0
107,triton_stride_store,board_template_stride_store_pass2.json,107,16,40,1,283.61716866493225,min_across_probe_passes,1,1,3,3,1.0,1.0,16.0,1.0,16.0,1.0,16.0,1.0,1.0,1.0,16.0,16.0,16.0,160.0,1.0,0.0,81.0,12.0,120.0,15.0,0.0
108,triton_stride_store,board_template_stride_store_rerun_outliers.json,108,16,48,1,279.810498158137,min_across_probe_passes,1,1,3,3,1.0,1.0,16.0,1.0,16.0,1.0,16.0,1.0,1.0,1.0,16.0,16.0,16.0,192.0,1.0,0.0,65.0,10.0,120.0,15.0,0.0
109,triton_stride_store,board_template_stride_store_pass2.json,109,16,63,1,268.270343542099,min_across_probe_passes,1,1,3,3,1.0,1.0,16.0,1.0,16.0,1.0,16.0,1.0,1.0,1.0,16.0,16.0,16.0,252.0,1.0,0.0,57.0,8.0,120.0,15.0,0.0
110,triton_stride_store,board_template_stride_store.json,110,16,96,1,462.1782451868057,min_across_probe_passes,1,1,3,1,1.0,1.0,16.0,1.0,16.0,1.0,16.0,1.0,1.0,1.0,16.0,16.0,16.0,384.0,1.0,1.0,35.0,5.0,120.0,15.0,0.0
111,triton_stride_store,board_template_stride_store.json,111,16,129,1,463.43299249807995,min_across_probe_passes,1,1,3,1,1.0,1.0,16.0,1.0,16.0,1.0,16.0,1.0,1.0,1.0,16.0,16.0,16.0,516.0,1.0,1.0,24.0,3.0,120.0,15.0,0.0
112,triton_stride_store,board_template_stride_store.json,112,16,192,1,469.10808980464935,min_across_probe_passes,1,1,3,1,1.0,1.0,16.0,1.0,16.0,1.0,16.0,1.0,1.0,1.0,16.0,16.0,16.0,768.0,1.0,2.0,14.0,2.0,120.0,15.0,0.0
113,triton_stride_store,board_template_stride_store.json,113,16,255,1,420.70741951465607,min_across_probe_passes,1,1,2,1,1.0,1.0,16.0,1.0,16.0,1.0,16.0,1.0,1.0,1.0,16.0,16.0,16.0,1020.0,1.0,3.0,9.0,2.0,120.0,15.0,0.0
114,triton_stride_store,board_template_stride_store_pass2.json,114,64,3,1,250.84017713864645,min_across_probe_passes,1,1,2,2,1.0,1.0,64.0,2.0,64.0,1.0,6.0,11.0,10.0,10.666666666666666,3.0,3.0,3.0,12.0,0.0,0.0,2016.0,63.0,2016.0,63.0,0.0
115,triton_stride_store,board_template_stride_store_pass2.json,115,64,5,1,255.83115220069885,min_across_probe_passes,1,1,3,3,1.0,1.0,64.0,2.0,64.0,1.0,10.0,7.0,6.0,6.4,5.0,5.0,5.0,20.0,0.0,0.0,2016.0,63.0,2016.0,63.0,0.0
116,triton_stride_store,board_template_stride_store_pass2.json,116,64,6,1,259.8558266957601,min_across_probe_passes,1,1,3,3,1.0,1.0,64.0,2.0,64.0,1.0,12.0,6.0,5.0,5.333333333333333,6.0,6.0,6.0,24.0,0.0,0.0,2016.0,63.0,2016.0,63.0,0.0
117,triton_stride_store,board_template_stride_store_pass2.json,117,64,7,1,261.8556519349416,min_across_probe_passes,1,1,3,3,1.0,1.0,64.0,2.0,64.0,1.0,14.0,5.0,4.0,4.571428571428571,7.0,7.0,7.0,28.0,0.0,0.0,2016.0,63.0,2016.0,63.0,0.0
118,triton_stride_store,board_template_stride_store_rerun_outliers.json,118,64,9,1,263.634314139684,min_across_probe_passes,1,1,3,3,1.0,1.0,64.0,2.0,64.0,1.0,18.0,4.0,3.0,3.5555555555555554,9.0,9.0,9.0,36.0,0.0,0.0,1617.0,56.0,2016.0,63.0,0.0
119,triton_stride_store,board_template_stride_store_rerun_outliers.json,119,64,11,1,271.75132433573407,min_across_probe_passes,1,1,3,3,1.0,1.0,64.0,2.0,64.0,1.0,22.0,3.0,2.0,2.909090909090909,11.0,11.0,11.0,44.0,0.0,0.0,1217.0,46.0,2016.0,63.0,0.0
120,triton_stride_store,board_template_stride_store_pass2.json,120,64,13,1,272.09116021792096,min_across_probe_passes,1,1,3,3,1.0,1.0,64.0,2.0,64.0,1.0,26.0,3.0,2.0,2.4615384615384617,13.0,13.0,13.0,52.0,0.0,0.0,1056.0,39.0,2016.0,63.0,0.0
121,triton_stride_store,board_template_stride_store_rerun_outliers.json,121,64,15,1,278.9796491463979,min_across_probe_passes,1,1,3,3,1.0,1.0,64.0,2.0,64.0,1.0,30.0,3.0,2.0,2.1333333333333333,15.0,15.0,15.0,60.0,0.0,0.0,1001.0,34.0,2016.0,63.0,0.0
122,triton_stride_store,board_template_stride_store_pass2.json,122,64,17,1,669.9379781881968,min_across_probe_passes,0,1,2,0,1.0,1.0,64.0,2.0,64.0,1.0,34.0,2.0,1.0,1.8823529411764706,17.0,17.0,17.0,68.0,0.0,1.0,903.0,30.0,2016.0,63.0,0.0
123,triton_stride_store,board_template_stride_store.json,123,64,21,1,688.5352482398351,min_across_probe_passes,1,1,3,1,1.0,1.0,64.0,2.0,64.0,1.0,42.0,2.0,1.0,1.5238095238095237,21.0,21.0,21.0,84.0,0.0,1.0,681.0,24.0,2016.0,63.0,0.0
124,triton_stride_store,board_template_stride_store.json,124,64,25,1,587.4146819114685,min_across_probe_passes,1,1,3,1,1.0,1.0,64.0,2.0,64.0,1.0,50.0,2.0,1.0,1.28,25.0,25.0,25.0,100.0,0.0,1.0,611.0,20.0,2016.0,63.0,0.0
125,triton_stride_store,board_template_stride_store.json,125,64,31,1,599.0073531866074,min_across_probe_passes,1,1,3,1,1.0,1.0,64.0,2.0,64.0,1.0,62.0,2.0,1.0,1.032258064516129,31.0,31.0,31.0,124.0,0.0,1.0,483.0,16.0,2016.0,63.0,0.0
126,triton_stride_store,board_template_stride_store.json,126,64,40,1,632.2381595770518,min_across_probe_passes,1,1,3,1,1.0,1.0,64.0,2.0,64.0,1.0,64.0,1.0,1.0,1.0,32.0,32.0,32.0,160.0,1.0,2.0,378.0,12.0,2016.0,63.0,0.0
127,triton_stride_store,board_template_stride_store.json,127,64,48,1,556.4873814582825,min_across_probe_passes,1,1,3,1,1.0,1.0,64.0,2.0,64.0,1.0,64.0,1.0,1.0,1.0,32.0,32.0,32.0,192.0,1.0,2.0,310.0,10.0,2016.0,63.0,0.0
128,triton_stride_store,board_template_stride_store.json,128,64,63,1,563.6470019817352,min_across_probe_passes,1,1,3,1,1.0,1.0,64.0,2.0,64.0,1.0,64.0,1.0,1.0,1.0,32.0,32.0,32.0,252.0,1.0,3.0,225.0,8.0,2016.0,63.0,0.0
129,triton_stride_store,board_template_stride_store.json,129,64,96,1,564.0440483887991,min_across_probe_passes,1,1,3,1,1.0,1.0,64.0,2.0,64.0,1.0,64.0,1.0,1.0,1.0,32.0,32.0,32.0,384.0,1.0,5.0,255.0,10.0,2016.0,63.0,0.0
130,triton_stride_store,board_template_stride_store_rerun_outliers.json,130,64,129,1,535.316675901413,min_across_probe_passes,1,1,3,2,1.0,1.0,64.0,2.0,64.0,1.0,64.0,1.0,1.0,1.0,32.0,32.0,32.0,516.0,1.0,7.0,224.0,7.0,2016.0,63.0,0.0
131,triton_stride_store,board_template_stride_store.json,131,64,192,1,559.3919803698858,min_across_probe_passes,1,1,3,1,1.0,1.0,64.0,2.0,64.0,1.0,64.0,1.0,1.0,1.0,32.0,32.0,32.0,768.0,1.0,11.0,224.0,7.0,1113.0,42.0,0.0
132,triton_stride_store,board_template_stride_store.json,132,64,255,1,537.1317565441132,min_across_probe_passes,1,1,2,1,1.0,1.0,64.0,2.0,64.0,1.0,64.0,1.0,1.0,1.0,32.0,32.0,32.0,1020.0,1.0,15.0,225.0,8.0,993.0,32.0,0.0
133,triton_stride_store,board_template_stride_store_pass2.json,133,256,3,1,281.2194923559825,min_across_probe_passes,1,1,2,2,1.0,1.0,256.0,8.0,256.0,1.0,24.0,11.0,10.0,10.666666666666666,3.0,3.0,3.0,12.0,0.0,0.0,18105.0,170.0,32640.0,255.0,0.0
134,triton_stride_store,board_template_stride_store.json,134,256,5,1,541.9866740703583,min_across_probe_passes,1,1,3,1,1.0,1.0,256.0,8.0,256.0,1.0,40.0,7.0,6.0,6.4,5.0,5.0,5.0,20.0,0.0,1.0,11679.0,102.0,32640.0,255.0,0.0
135,triton_stride_store,board_template_stride_store.json,135,256,6,1,535.9247177839279,min_across_probe_passes,1,1,3,1,1.0,1.0,256.0,8.0,256.0,1.0,48.0,6.0,5.0,5.333333333333333,6.0,6.0,6.0,24.0,0.0,1.0,10795.0,85.0,32640.0,255.0,0.0
136,triton_stride_store,board_template_stride_store_rerun_outliers.json,136,256,7,1,562.7438028653463,min_across_probe_passes,0,1,3,0,1.0,1.0,256.0,8.0,256.0,1.0,56.0,5.0,4.0,4.571428571428571,7.0,7.0,7.0,28.0,0.0,1.0,8587.0,73.0,32640.0,255.0,0.0
137,triton_stride_store,board_template_stride_store.json,137,256,9,1,205.6985298792521,min_across_probe_passes,0,1,3,0,1.0,1.0,256.0,8.0,256.0,1.0,72.0,4.0,3.0,3.5555555555555554,9.0,9.0,9.0,36.0,0.0,2.0,6762.0,56.0,32640.0,255.0,0.0
138,triton_stride_store,board_template_stride_store_rerun_outliers.json,138,256,11,1,649.3953466415405,min_across_probe_passes,0,1,3,0,1.0,1.0,256.0,8.0,256.0,1.0,88.0,3.0,2.0,2.909090909090909,11.0,11.0,11.0,44.0,0.0,2.0,5566.0,46.0,32640.0,255.0,0.0
139,triton_stride_store,board_template_stride_store_rerun_outliers.json,139,256,13,1,656.0486455758413,min_across_probe_passes,0,1,3,0,1.0,1.0,256.0,8.0,256.0,1.0,104.0,3.0,2.0,2.4615384615384617,13.0,13.0,13.0,52.0,0.0,3.0,4734.0,39.0,32640.0,255.0,0.0
140,triton_stride_store,board_template_stride_store_rerun_outliers.json,140,256,15,1,701.9389669100443,min_across_probe_passes,1,1,3,1,1.0,1.0,256.0,8.0,256.0,1.0,120.0,3.0,2.0,2.1333333333333333,15.0,15.0,15.0,60.0,0.0,3.0,4097.0,34.0,32640.0,255.0,0.0
141,triton_stride_store,board_template_stride_store.json,141,256,17,1,719.4710175196329,min_across_probe_passes,1,1,2,1,1.0,1.0,256.0,8.0,256.0,1.0,136.0,2.0,1.0,1.8823529411764706,17.0,17.0,17.0,68.0,0.0,4.0,4080.0,45.0,32640.0,255.0,0.0
142,triton_stride_store,board_template_stride_store.json,142,256,21,1,804.0330708026886,min_across_probe_passes,1,1,3,2,1.0,1.0,256.0,8.0,256.0,1.0,168.0,2.0,1.0,1.5238095238095237,21.0,21.0,21.0,84.0,0.0,5.0,4398.0,48.0,32640.0,255.0,0.0
143,triton_stride_store,board_template_stride_store.json,143,256,25,1,813.0374252796173,min_across_probe_passes,1,1,3,3,1.0,1.0,256.0,8.0,256.0,1.0,200.0,2.0,1.0,1.28,25.0,25.0,25.0,100.0,0.0,6.0,4337.0,41.0,32640.0,255.0,0.0
144,triton_stride_store,board_template_stride_store.json,144,256,31,1,920.1414982477824,min_across_probe_passes,1,1,3,3,1.0,1.0,256.0,8.0,256.0,1.0,248.0,2.0,1.0,1.032258064516129,31.0,31.0,31.0,124.0,0.0,7.0,3999.0,33.0,32640.0,255.0,0.0
145,triton_stride_store,board_template_stride_store.json,145,256,40,1,912.4603172143301,min_across_probe_passes,1,1,3,3,1.0,1.0,256.0,8.0,256.0,1.0,256.0,1.0,1.0,1.0,32.0,32.0,32.0,160.0,1.0,9.0,4138.0,38.0,22185.0,204.0,0.0
146,triton_stride_store,board_template_stride_store.json,146,256,48,1,924.5922366778055,min_across_probe_passes,1,1,3,3,1.0,1.0,256.0,8.0,256.0,1.0,256.0,1.0,1.0,1.0,32.0,32.0,32.0,192.0,1.0,11.0,3968.0,31.0,18105.0,170.0,0.0
147,triton_stride_store,board_template_stride_store_rerun_outliers.json,147,256,63,1,875.8710026741028,min_across_probe_passes,1,1,3,3,1.0,1.0,256.0,8.0,256.0,1.0,256.0,1.0,1.0,1.0,32.0,32.0,32.0,252.0,1.0,15.0,3969.0,32.0,16265.0,130.0,0.0
148,triton_stride_store,board_template_stride_store.json,148,256,96,1,932.4863155682882,min_across_probe_passes,1,1,3,3,1.0,1.0,256.0,8.0,256.0,1.0,256.0,1.0,1.0,1.0,32.0,32.0,32.0,384.0,1.0,23.0,3968.0,31.0,10795.0,85.0,0.0
149,triton_stride_store,board_template_stride_store.json,149,256,129,1,824.5550692081451,min_across_probe_passes,1,1,3,3,1.0,1.0,256.0,8.0,256.0,1.0,256.0,1.0,1.0,1.0,32.0,32.0,32.0,516.0,1.0,32.0,3968.0,31.0,8001.0,63.0,0.0
150,triton_stride_store,board_template_stride_store.json,150,256,192,1,772.1274197101593,min_across_probe_passes,1,1,3,3,1.0,1.0,256.0,8.0,256.0,1.0,256.0,1.0,1.0,1.0,32.0,32.0,32.0,768.0,1.0,47.0,3968.0,31.0,5334.0,42.0,0.0
151,triton_stride_store,board_template_stride_store.json,151,256,255,1,870.1055745283762,min_across_probe_passes,1,1,2,2,1.0,1.0,256.0,8.0,256.0,1.0,256.0,1.0,1.0,1.0,32.0,32.0,32.0,1020.0,1.0,63.0,3969.0,32.0,3969.0,32.0,0.0
152,triton_stride_store,board_template_stride_store.json,152,1024,3,1,671.0607806841532,min_across_probe_passes,1,1,2,1,1.0,1.0,1024.0,32.0,0.0,0.0,96.0,11.0,10.0,10.666666666666666,3.0,3.0,3.0,12.0,0.0,2.0,86870.0,170.0,523776.0,1023.0,0.0
153,triton_stride_store,board_template_stride_store_pass2.json,153,1024,5,1,823.7773180007935,min_across_probe_passes,1,1,2,2,1.0,1.0,1024.0,32.0,0.0,0.0,160.0,7.0,6.0,6.4,5.0,5.0,5.0,20.0,0.0,4.0,72828.0,204.0,523776.0,1023.0,0.0
154,triton_stride_store,board_template_stride_store.json,154,1024,6,1,882.6023638248444,min_across_probe_passes,1,1,2,2,1.0,1.0,1024.0,32.0,0.0,0.0,192.0,6.0,5.0,5.333333333333333,6.0,6.0,6.0,24.0,0.0,5.0,72335.0,170.0,523776.0,1023.0,0.0
155,triton_stride_store,board_template_stride_store.json,155,1024,7,1,913.4437640508016,min_across_probe_passes,1,1,2,2,1.0,1.0,1024.0,32.0,0.0,0.0,224.0,5.0,4.0,4.571428571428571,7.0,7.0,7.0,28.0,0.0,6.0,68985.0,146.0,523776.0,1023.0,0.0
156,triton_stride_store,board_template_stride_store.json,156,1024,9,1,1084.159016609192,min_across_probe_passes,1,1,2,2,1.0,1.0,1024.0,32.0,0.0,0.0,288.0,4.0,3.0,3.5555555555555554,9.0,9.0,9.0,36.0,0.0,8.0,67376.0,169.0,420833.0,910.0,0.0
157,triton_stride_store,board_template_stride_store.json,157,1024,11,1,1198.7521052360535,min_across_probe_passes,1,1,2,2,1.0,1.0,1024.0,32.0,0.0,0.0,352.0,3.0,2.0,2.909090909090909,11.0,11.0,11.0,44.0,0.0,10.0,66658.0,139.0,315921.0,744.0,0.0
158,triton_stride_store,board_template_stride_store.json,158,1024,13,1,1272.7966904640198,min_across_probe_passes,1,1,2,2,1.0,1.0,1024.0,32.0,0.0,0.0,416.0,3.0,2.0,2.4615384615384617,13.0,13.0,13.0,52.0,0.0,12.0,66112.0,156.0,275793.0,630.0,0.0
159,triton_stride_store,board_template_stride_store.json,159,1024,15,1,1405.0797422726948,min_across_probe_passes,1,1,2,2,1.0,1.0,1024.0,32.0,0.0,0.0,480.0,3.0,2.0,2.1333333333333333,15.0,15.0,15.0,60.0,0.0,14.0,65825.0,136.0,262857.0,546.0,0.0
160,triton_stride_store,board_template_stride_store.json,160,1024,17,1,1536.0401074091594,min_across_probe_passes,1,1,2,2,1.0,1.0,1024.0,32.0,0.0,0.0,544.0,2.0,1.0,1.8823529411764706,17.0,17.0,17.0,68.0,0.0,16.0,65792.0,151.0,233612.0,481.0,0.0
161,triton_stride_store,board_template_stride_store.json,161,1024,21,1,1754.6600500742595,min_across_probe_passes,1,1,2,2,1.0,1.0,1024.0,32.0,0.0,0.0,672.0,2.0,1.0,1.5238095238095237,21.0,21.0,21.0,84.0,0.0,20.0,65400.0,144.0,181503.0,390.0,0.0
162,triton_stride_store,board_template_stride_store.json,162,1024,25,1,1987.9771868387859,min_across_probe_passes,1,1,2,2,1.0,1.0,1024.0,32.0,0.0,0.0,800.0,2.0,1.0,1.28,25.0,25.0,25.0,100.0,0.0,24.0,65324.0,142.0,161664.0,327.0,0.0
163,triton_stride_store,board_template_stride_store.json,163,1024,31,1,2336.9153340657554,min_across_probe_passes,1,1,2,2,1.0,1.0,1024.0,32.0,0.0,0.0,992.0,2.0,1.0,1.032258064516129,31.0,31.0,31.0,124.0,0.0,30.0,65233.0,132.0,130977.0,264.0,0.0
164,triton_stride_store,board_template_stride_store.json,164,1024,40,1,2408.0437421798706,min_across_probe_passes,1,1,2,2,1.0,1.0,1024.0,32.0,0.0,0.0,1024.0,1.0,1.0,1.0,32.0,32.0,32.0,160.0,1.0,39.0,65024.0,127.0,104346.0,204.0,0.0
165,triton_stride_store,board_template_stride_store_pass2.json,165,1024,48,1,2317.389170328776,min_across_probe_passes,1,1,2,1,1.0,1.0,1024.0,32.0,0.0,0.0,1024.0,1.0,1.0,1.0,32.0,32.0,32.0,192.0,1.0,47.0,65024.0,127.0,86870.0,170.0,0.0
166,triton_stride_store,board_template_stride_store_pass2.json,166,1024,63,1,2393.265962600708,min_across_probe_passes,1,1,2,2,1.0,1.0,1024.0,32.0,0.0,0.0,1024.0,1.0,1.0,1.0,32.0,32.0,32.0,252.0,1.0,62.0,65025.0,128.0,65153.0,130.0,0.0
167,triton_stride_store,board_template_stride_store_pass2.json,167,1024,96,1,2191.715717315674,min_across_probe_passes,1,1,2,2,1.0,1.0,1024.0,32.0,0.0,0.0,1024.0,1.0,1.0,1.0,32.0,32.0,32.0,384.0,1.0,95.0,65024.0,127.0,43180.0,85.0,0.0
168,triton_stride_store,board_template_stride_store_pass2.json,168,1024,129,1,2208.5623741149902,min_across_probe_passes,1,1,2,2,1.0,1.0,1024.0,32.0,0.0,0.0,1024.0,1.0,1.0,1.0,32.0,32.0,32.0,516.0,1.0,128.0,65024.0,127.0,32284.0,70.0,0.0
169,triton_stride_store,board_template_stride_store_pass2.json,169,1024,192,1,2121.725638707479,min_across_probe_passes,1,1,2,2,1.0,1.0,1024.0,32.0,0.0,0.0,1024.0,1.0,1.0,1.0,32.0,32.0,32.0,768.0,1.0,191.0,65024.0,127.0,35913.0,85.0,0.0
170,triton_stride_store,board_template_stride_store_pass2.json,170,1024,255,1,2121.6421922047934,min_across_probe_passes,1,1,2,2,1.0,1.0,1024.0,32.0,0.0,0.0,1024.0,1.0,1.0,1.0,32.0,32.0,32.0,1020.0,1.0,254.0,65025.0,128.0,32263.0,65.0,0.0
171,triton_stride_store,board_template_stride_store_pass2.json,171,2048,3,1,1038.8110081354778,min_across_probe_passes,1,1,2,1,1.0,2.0,1024.0,32.0,0.0,0.0,192.0,11.0,10.0,10.666666666666666,3.0,3.0,3.0,12.0,0.0,5.0,290191.0,341.0,2096128.0,2047.0,0.0
172,triton_stride_store,board_template_stride_store.json,172,2048,5,1,1174.5906869570415,min_across_probe_passes,1,1,2,2,1.0,2.0,1024.0,32.0,0.0,0.0,320.0,7.0,6.0,6.4,5.0,5.0,5.0,20.0,0.0,9.0,271526.0,307.0,1425777.0,1638.0,0.0
173,triton_stride_store,board_template_stride_store.json,173,2048,6,1,1305.648386478424,min_across_probe_passes,1,1,2,2,1.0,2.0,1024.0,32.0,0.0,0.0,384.0,6.0,5.0,5.333333333333333,6.0,6.0,6.0,24.0,0.0,11.0,261120.0,255.0,1164516.0,1365.0,0.0
174,triton_stride_store,board_template_stride_store_pass2.json,174,2048,7,1,1510.3185574213664,min_across_probe_passes,1,1,2,2,1.0,2.0,1024.0,32.0,0.0,0.0,448.0,5.0,4.0,4.571428571428571,7.0,7.0,7.0,28.0,0.0,13.0,266377.0,292.0,1069161.0,1170.0,0.0
175,triton_stride_store,board_template_stride_store.json,175,2048,9,1,1821.6731945673625,min_across_probe_passes,1,1,2,2,1.0,2.0,1024.0,32.0,0.0,0.0,576.0,4.0,3.0,3.5555555555555554,9.0,9.0,9.0,36.0,0.0,17.0,264256.0,283.0,853751.0,910.0,0.0
176,triton_stride_store,board_template_stride_store.json,176,2048,11,1,2050.6128867467246,min_across_probe_passes,1,1,2,2,1.0,2.0,1024.0,32.0,0.0,0.0,704.0,3.0,2.0,2.909090909090909,11.0,11.0,11.0,44.0,0.0,21.0,263283.0,279.0,709683.0,744.0,0.0
177,triton_stride_store,board_template_stride_store_pass2.json,177,2048,13,1,2379.977226257324,min_across_probe_passes,1,1,2,2,1.0,2.0,1024.0,32.0,0.0,0.0,832.0,3.0,2.0,2.4615384615384617,13.0,13.0,13.0,52.0,0.0,25.0,262574.0,276.0,607281.0,630.0,0.0
178,triton_stride_store,board_template_stride_store_pass2.json,178,2048,15,1,2636.0553900400796,min_across_probe_passes,1,1,2,1,1.0,2.0,1024.0,32.0,0.0,0.0,960.0,3.0,2.0,2.1333333333333333,15.0,15.0,15.0,60.0,0.0,29.0,262177.0,272.0,530337.0,546.0,0.0
179,triton_stride_store,board_template_stride_store_pass2.json,179,2048,17,1,2818.411032358805,min_across_probe_passes,1,1,2,2,1.0,2.0,1024.0,32.0,0.0,0.0,1088.0,2.0,1.0,1.8823529411764706,17.0,17.0,17.0,68.0,0.0,33.0,262144.0,271.0,470824.0,481.0,0.0
180,triton_stride_store,board_template_stride_store.json,180,2048,21,1,3415.188431739807,min_across_probe_passes,1,1,2,2,1.0,2.0,1024.0,32.0,0.0,0.0,1344.0,2.0,1.0,1.5238095238095237,21.0,21.0,21.0,84.0,0.0,41.0,261630.0,269.0,384321.0,390.0,0.0
181,triton_stride_store,board_template_stride_store.json,181,2048,25,1,3902.354677518209,min_across_probe_passes,1,1,2,2,1.0,2.0,1024.0,32.0,0.0,0.0,1600.0,2.0,1.0,1.28,25.0,25.0,25.0,100.0,0.0,49.0,261520.0,265.0,324681.0,327.0,0.0
182,triton_stride_store,board_template_stride_store.json,182,2048,31,1,4641.087611516316,min_across_probe_passes,1,1,2,2,1.0,2.0,1024.0,32.0,0.0,0.0,1984.0,2.0,1.0,1.032258064516129,31.0,31.0,31.0,124.0,0.0,61.0,261393.0,264.0,263043.0,264.0,0.0
183,triton_stride_store,board_template_stride_store.json,183,2048,40,1,4644.747495651245,min_across_probe_passes,1,1,2,2,1.0,2.0,1024.0,32.0,0.0,0.0,2048.0,1.0,1.0,1.0,32.0,32.0,32.0,160.0,1.0,79.0,261120.0,255.0,208692.0,204.0,0.0
184,triton_stride_store,board_template_stride_store_pass2.json,184,2048,48,1,4611.491362253825,min_across_probe_passes,1,1,2,2,1.0,2.0,1024.0,32.0,0.0,0.0,2048.0,1.0,1.0,1.0,32.0,32.0,32.0,192.0,1.0,95.0,261120.0,255.0,173740.0,170.0,0.0
185,triton_stride_store,board_template_stride_store_pass2.json,185,2048,63,1,4624.189694722493,min_across_probe_passes,1,1,2,2,1.0,2.0,1024.0,32.0,0.0,0.0,2048.0,1.0,1.0,1.0,32.0,32.0,32.0,252.0,1.0,125.0,261121.0,256.0,130561.0,130.0,0.0
186,triton_stride_store,board_template_stride_store_pass2.json,186,2048,96,1,4400.050004323323,min_across_probe_passes,1,1,2,2,1.0,2.0,1024.0,32.0,0.0,0.0,2048.0,1.0,1.0,1.0,32.0,32.0,32.0,384.0,1.0,191.0,261120.0,255.0,144585.0,170.0,0.0
187,triton_stride_store,board_template_stride_store_pass2.json,187,2048,129,1,4290.151755015056,min_across_probe_passes,1,1,2,2,1.0,2.0,1024.0,32.0,0.0,0.0,2048.0,1.0,1.0,1.0,32.0,32.0,32.0,516.0,1.0,257.0,261120.0,255.0,130160.0,141.0,0.0
188,triton_stride_store,board_template_stride_store.json,188,2048,192,1,4249.058882395427,min_across_probe_passes,1,1,2,2,1.0,2.0,1024.0,32.0,0.0,0.0,2048.0,1.0,1.0,1.0,32.0,32.0,32.0,768.0,1.0,383.0,261120.0,255.0,130048.0,127.0,0.0
189,triton_stride_store,board_template_stride_store.json,189,2048,255,1,4245.735804239909,min_across_probe_passes,1,1,2,2,1.0,2.0,1024.0,32.0,0.0,0.0,2048.0,1.0,1.0,1.0,32.0,32.0,32.0,1020.0,1.0,509.0,261121.0,256.0,130069.0,131.0,0.0
