path,block,stride,num_warps,target_ns,pred_ns,relative_error,abs_pct_error,split
triton_stride_store,16,5,1,247.0676600933075,228.0170277848402,-0.0771069443134429,7.710694431344289,cv_stride_5
triton_stride_store,64,5,1,255.83115220069885,265.6878550885764,0.03852815735335069,3.852815735335069,cv_stride_5
triton_stride_store,256,5,1,541.9866740703583,367.6546356717319,-0.32165373567099065,32.16537356709907,cv_stride_5
triton_stride_store,1024,5,1,823.7773180007935,775.5217580043543,-0.058578403340297736,5.857840334029774,cv_stride_5
triton_stride_store,2048,5,1,1174.5906869570415,1383.3721026986834,0.17774823013668062,17.774823013668062,cv_stride_5
triton_stride_store,16,11,1,275.0723163286845,257.69990943183853,-0.06315578073690142,6.315578073690142,cv_stride_11
triton_stride_store,64,11,1,271.75132433573407,331.0817274806104,0.21832608650538488,21.83260865053849,cv_stride_11
triton_stride_store,1024,11,1,1198.7521052360535,1121.8191472495487,-0.06417753733275444,6.417753733275444,cv_stride_11
triton_stride_store,2048,11,1,2050.6128867467246,1902.3138136454936,-0.0723193900027157,7.23193900027157,cv_stride_11
triton_stride_store,16,21,1,289.6450161933899,287.3610471645509,-0.00788540765815926,0.788540765815926,cv_stride_21
triton_stride_store,64,21,1,688.5352482398351,425.9207400712364,-0.38141040540763005,38.14104054076301,cv_stride_21
triton_stride_store,256,21,1,804.0330708026886,712.8818523440192,-0.11336749913491817,11.336749913491817,cv_stride_21
triton_stride_store,1024,21,1,1754.6600500742595,1710.6047487746512,-0.025107599217149668,2.5107599217149668,cv_stride_21
triton_stride_store,2048,21,1,3415.188431739807,3103.885197370304,-0.09115257930611909,9.115257930611909,cv_stride_21
triton_stride_store,16,48,1,279.810498158137,340.70828171504746,0.21763938078725542,21.76393807872554,cv_stride_48
triton_stride_store,64,48,1,556.4873814582825,545.5913565576222,-0.01958000354312983,1.9580003543129831,cv_stride_48
triton_stride_store,256,48,1,924.5922366778055,938.2647940882345,0.014787661920628192,1.4787661920628192,cv_stride_48
triton_stride_store,1024,48,1,2317.389170328776,2408.1012374669517,0.03914408002748471,3.9144080027484707,cv_stride_48
triton_stride_store,2048,48,1,4611.491362253825,4478.900975357838,-0.028752170714504866,2.8752170714504866,cv_stride_48
triton_stride_store,16,129,1,463.43299249807995,336.5615397537632,-0.27376439484904036,27.376439484904036,cv_stride_129
triton_stride_store,64,129,1,535.316675901413,540.43189419982,0.00955549962980995,0.9555499629809949,cv_stride_129
triton_stride_store,256,129,1,824.5550692081451,912.7829062801393,0.10700053928080644,10.700053928080644,cv_stride_129
triton_stride_store,1024,129,1,2208.5623741149902,2403.8418725113092,0.08841928155847123,8.841928155847123,cv_stride_129
triton_stride_store,2048,129,1,4290.151755015056,4508.007370614551,0.05078039846605176,5.078039846605176,cv_stride_129
triton_stride_store,16,255,1,420.70741951465607,336.21279982047963,-0.20083938569862303,20.083938569862305,cv_stride_255
triton_stride_store,64,255,1,537.1317565441132,531.5168988441419,-0.010453408556770238,1.0453408556770238,cv_stride_255
triton_stride_store,256,255,1,870.1055745283762,904.999729321019,0.04010335735586623,4.010335735586623,cv_stride_255
triton_stride_store,1024,255,1,2121.6421922047934,2406.6755154662196,0.1343456141231909,13.434561412319091,cv_stride_255
triton_stride_store,2048,255,1,4245.735804239909,4514.110516479524,0.0632104126619486,6.32104126619486,cv_stride_255
