path,block,stride,num_warps,template_ns,pure_simt_ns,ratio
triton_stride_load,16,3,1,242.6063664196392,125.27901219405125,1.9365284110306795
triton_stride_load,16,5,1,252.1756325858291,131.55945707295638,1.9168187388154465
triton_stride_load,16,6,1,252.1756325858291,131.55945707295638,1.9168187388154465
triton_stride_load,16,7,1,261.744898752019,137.83990195186152,1.8989051431814674
triton_stride_load,16,9,1,271.3141649182089,144.12034683076664,1.8825528170342225
triton_stride_load,16,11,1,280.88343108439886,150.40079170967175,1.867566173631626
triton_stride_load,16,13,1,290.4526972505888,156.6812365885769,1.8537809859981966
triton_stride_load,16,15,1,300.0219634167787,162.96168146748204,1.841058343992641
triton_stride_load,16,17,1,300.0219634167787,162.96168146748204,1.841058343992641
triton_stride_load,16,21,1,319.16049574915854,175.52257122529227,1.8183444643110862
triton_stride_load,16,25,1,338.2990280815384,188.08346098310255,1.7986644137303025
triton_stride_load,16,31,1,367.00682658010817,206.92479561981793,1.773624207194619
triton_stride_load,16,40,1,376.57609274629806,213.20524049872307,1.7662609599343007
triton_stride_load,16,48,1,376.57609274629806,213.20524049872307,1.7662609599343007
triton_stride_load,16,63,1,376.57609274629806,213.20524049872307,1.7662609599343007
triton_stride_load,16,96,1,376.57609274629806,227.83072874771722,1.6528766545942553
triton_stride_load,16,129,1,376.57609274629806,227.83072874771722,1.6528766545942553
triton_stride_load,16,192,1,376.57609274629806,227.83072874771722,1.6528766545942553
triton_stride_load,16,255,1,376.57609274629806,227.83072874771722,1.6528766545942553
triton_stride_load,64,3,1,294.51863037983037,149.16688351550332,1.9744237020894806
triton_stride_load,64,5,1,316.9561936501543,173.46605756834487,1.8271943116322624
triton_stride_load,64,6,1,328.17497528531635,185.61564459476566,1.7680351028696148
triton_stride_load,64,7,1,339.3937569204783,197.76523162118642,1.716144714307403
triton_stride_load,64,9,1,361.83132019080233,222.064405674028,1.6293980977840299
triton_stride_load,64,11,1,384.2688834611263,246.36357972686955,1.559763354174124
triton_stride_load,64,13,1,406.7064467314502,270.66275377971107,1.502631747634044
triton_stride_load,64,15,1,429.14401000177423,294.96192783255265,1.4549132261075932
triton_stride_load,64,17,1,451.58157327209824,319.2611018853942,1.4144584811782155
triton_stride_load,64,21,1,496.45669981274625,367.8594499910773,1.3495825642777102
triton_stride_load,64,25,1,541.3318263533941,416.4577980967604,1.2998479769794593
triton_stride_load,64,31,1,608.6445161643661,489.35532025528505,1.2437680576290675
triton_stride_load,64,40,1,619.8632977995281,501.50490728170587,1.236006445399223
triton_stride_load,64,48,1,619.8632977995281,501.50490728170587,1.236006445399223
triton_stride_load,64,63,1,619.8632977995281,501.50490728170587,1.236006445399223
triton_stride_load,64,96,1,619.8632977995281,501.50490728170587,1.236006445399223
triton_stride_load,64,129,1,619.8632977995281,501.50490728170587,1.236006445399223
triton_stride_load,256,3,1,473.7877143696678,258.5131667532903,1.8327411339238393
triton_stride_load,256,6,1,537.1353377166511,404.30821107033967,1.3285293818165933
triton_stride_load,256,7,1,558.2512121656455,452.90655917602277,1.2325968808693724
triton_stride_load,256,9,1,600.4829610636343,501.50490728170587,1.1973620842883006
triton_stride_load,256,11,1,642.7147099616232,501.50490728170587,1.2815721254759262
triton_stride_load,256,13,1,684.946458859612,501.50490728170587,1.365782166663552
triton_stride_load,256,15,1,727.1782077576007,501.50490728170587,1.4499922078511773
triton_stride_load,256,17,1,769.4099566555896,501.50490728170587,1.534202249038803
triton_stride_load,256,21,1,853.8734544515672,501.50490728170587,1.7026223314140543
triton_stride_load,256,25,1,938.3369522475449,501.50490728170587,1.8710424137893058
triton_stride_load,256,31,1,1065.0321989415113,501.50490728170587,2.1236725373521823
triton_stride_load,256,40,1,1066.5427140570853,501.50490728170587,2.126684502127884
triton_stride_load,256,48,1,1053.4724745014714,501.50490728170587,2.1006224649158094
triton_stride_load,256,63,1,1038.0957220831024,501.50490728170587,2.06996124466631
triton_stride_load,256,96,1,1020.7968756124374,501.50490728170587,2.0354673718856238
triton_stride_load,256,129,1,1012.3396617823345,501.50490728170587,2.0186037007483995
triton_stride_load,256,192,1,1004.2668667626907,501.50490728170587,2.0025065601174123
triton_stride_load,256,255,1,1000.4226786580984,501.50490728170587,1.9948412550550376
triton_stride_load,1024,3,1,786.7606159814503,501.50490728170587,1.5687994365716351
triton_stride_load,1024,5,1,908.1691073900984,501.50490728170587,1.810887778372148
triton_stride_load,1024,6,1,968.8733530944226,501.50490728170587,1.9319319492724045
triton_stride_load,1024,7,1,1029.5775987987467,501.50490728170587,2.0529761201726613
triton_stride_load,1024,9,1,1107.5467646255024,501.50490728170587,2.208446514768339
triton_stride_load,1024,11,1,1165.1417334979192,501.50490728170587,2.323290792533431
triton_stride_load,1024,13,1,1242.7264805142156,501.50490728170587,2.4779946566228714
triton_stride_load,1024,15,1,1331.843791844289,501.50490728170587,2.655694435899436
triton_stride_load,1024,17,1,1428.2650605730876,501.50490728170587,2.8479582947945135
triton_stride_load,1024,21,1,1636.0999316385942,501.50490728170587,3.2623807023279285
triton_stride_load,1024,25,1,1854.6985293969594,501.50490728170587,3.6982659640359934
triton_stride_load,1024,31,1,2194.7056185639726,501.50490728170587,4.376239567544571
triton_stride_load,1024,40,1,2232.3447356407432,501.50490728170587,4.451291908070579
triton_stride_load,1024,48,1,2219.2744960851296,501.50490728170587,4.425229870858504
triton_stride_load,1024,63,1,2203.8977436667606,501.50490728170587,4.394568650609005
triton_stride_load,1024,96,1,2186.598897196095,501.50490728170587,4.360074777828318
triton_stride_load,1024,129,1,2180.8326150392068,501.50490728170587,4.348576820234756
triton_stride_load,1024,192,1,2186.598897196095,501.50490728170587,4.360074777828318
triton_stride_load,1024,255,1,2178.910520986911,501.50490728170587,4.344744167703569
triton_stride_load,2048,3,1,1338.758962913016,501.50490728170587,2.6694832761845873
triton_stride_load,2048,5,1,1408.5091508580533,501.50490728170587,2.8085650417511547
triton_stride_load,2048,6,1,1417.0515563141153,501.50490728170587,2.825598584857172
triton_stride_load,2048,7,1,1455.5786289859966,501.50490728170587,2.9024215074497115
triton_stride_load,2048,9,1,1582.6072196894586,501.50490728170587,3.155716318445663
triton_stride_load,2048,11,1,1745.771178576088,501.50490728170587,3.4810649970279384
triton_stride_load,2048,13,1,1928.9249156065969,501.50490728170587,3.846273261934562
triton_stride_load,2048,15,1,2123.6112169508824,501.50490728170587,4.234477442028309
triton_stride_load,2048,17,1,2325.6014756938935,501.50490728170587,4.63724570174057
triton_stride_load,2048,21,1,2744.5743267878256,501.50490728170587,5.472676910908352
triton_stride_load,2048,25,1,3174.310904574615,501.50490728170587,6.329570974250782
triton_stride_load,2048,31,1,3831.024963784266,501.50490728170587,7.63905778021091
triton_stride_load,2048,40,1,3921.448575868143,501.50490728170587,7.819362321145509
triton_stride_load,2048,48,1,3908.378336312529,501.50490728170587,7.793300283933434
triton_stride_load,2048,63,1,3893.0015838941604,501.50490728170587,7.762639063683936
triton_stride_load,2048,96,1,3908.378336312529,501.50490728170587,7.793300283933434
triton_stride_load,2048,129,1,3897.2301908092118,501.50490728170587,7.771070899252548
triton_stride_load,2048,192,1,3891.8483274627824,501.50490728170587,7.7603394721652235
triton_stride_load,2048,255,1,3893.3860027046194,501.50490728170587,7.763405594190173
triton_stride_store,16,3,1,223.96435339457372,21.87355661151962,10.239046048717281
triton_stride_store,16,5,1,232.1366776598491,20.678817291567725,11.225819851627023
triton_stride_store,16,6,1,232.1366776598491,20.07157214966646,11.565445692489348
triton_stride_store,16,7,1,240.3090019251245,20.698568255418373,11.60993354514835
triton_stride_store,16,9,1,248.48132619039995,21.325564361170283,11.651805409794278
triton_stride_store,16,11,1,256.65365045567535,21.9525604669222,11.691285435354903
triton_stride_store,16,13,1,264.82597472095074,23.18680171457538,11.421410247989456
triton_stride_store,16,15,1,272.9982989862262,24.42104296222856,11.178814082939294
triton_stride_store,16,17,1,272.9982989862262,23.813797820327295,11.463870695718963
triton_stride_store,16,21,1,289.342947516777,26.28228031563366,11.009050357957914
triton_stride_store,16,25,1,305.6875960473278,28.750762810940028,10.632329933556052
triton_stride_store,16,31,1,330.20456884315405,32.453486553899566,10.17470244051412
triton_stride_store,16,40,1,338.37689310842944,33.687727801552754,10.04451517483565
triton_stride_store,16,48,1,338.37689310842944,33.687727801552754,10.04451517483565
triton_stride_store,16,63,1,338.37689310842944,33.687727801552754,10.04451517483565
triton_stride_store,16,96,1,338.37689310842944,33.687727801552754,10.04451517483565
triton_stride_store,16,129,1,338.37689310842944,33.687727801552754,10.04451517483565
triton_stride_store,16,192,1,338.37689310842944,33.687727801552754,10.04451517483565
triton_stride_store,16,255,1,338.37689310842944,33.687727801552754,10.04451517483565
triton_stride_store,64,3,1,249.24011995903408,27.46133724009102,9.076037258490329
triton_stride_store,64,5,1,269.4191825312273,29.96932166309867,8.98983252140018
triton_stride_store,64,6,1,279.5087138173239,31.83055901650377,8.78114373273815
triton_stride_store,64,7,1,289.5982451034205,33.691796369908865,8.595512151500156
triton_stride_store,64,9,1,309.77730767561366,38.02151621862032,8.147421209991254
triton_stride_store,64,11,1,329.95637024780683,42.35123606733179,7.790950179664844
triton_stride_store,64,13,1,350.13543282000006,47.28820105794451,7.4042874329467985
triton_stride_store,64,15,1,370.31449539219324,52.22516604855725,7.0907289226785215
triton_stride_store,64,21,1,430.85168310877276,66.42881587849418,6.485915448152038
triton_stride_store,64,25,1,471.20980825315917,76.30274585971964,6.175528848194594
triton_stride_store,64,31,1,531.7469959697387,91.11364083155783,5.836085476518073
triton_stride_store,64,40,1,541.8365272558353,93.58212332686419,5.789957611490664
triton_stride_store,64,48,1,541.8365272558353,93.58212332686419,5.789957611490664
triton_stride_store,64,63,1,541.8365272558353,93.58212332686419,5.789957611490664
triton_stride_store,64,96,1,541.8365272558353,93.58212332686419,5.789957611490664
triton_stride_store,64,129,1,541.8365272558353,93.58212332686419,5.789957611490664
triton_stride_store,64,192,1,536.8701054647697,93.58212332686419,5.736887413738056
triton_stride_store,64,255,1,534.5051427071194,93.58212332686419,5.7116158909987185
triton_stride_store,256,3,1,329.1571312807011,53.5825735256003,6.142988468507186
triton_stride_store,256,5,1,372.3426781027485,70.90145292044613,5.251552158183976
triton_stride_store,256,6,1,393.9354515137722,80.16813775977033,4.913865564574151
triton_stride_store,256,15,1,588.2704122129854,167.21177216509568,3.5181160070007493
triton_stride_store,256,17,1,631.4559590350327,186.35238698564535,3.3885048066686343
triton_stride_store,256,21,1,717.8270526791275,225.8481069105472,3.1783620527022656
triton_stride_store,256,25,1,804.1981463232223,265.343826835449,3.030777674062641
triton_stride_store,256,31,1,933.7547867893645,324.5874067228018,2.876743728960479
triton_stride_store,256,40,1,943.2862501363717,334.46133670402725,2.8203147766855574
triton_stride_store,256,48,1,935.2453767603607,334.46133670402725,2.7962735124388427
triton_stride_store,256,63,1,925.7855257297595,334.46133670402725,2.7679896721485897
triton_stride_store,256,96,1,915.1431933203331,334.46133670402725,2.7361703518220555
triton_stride_store,256,129,1,909.9402752535025,334.46133670402725,2.7206142396624164
triton_stride_store,256,192,1,904.9738534624369,334.46133670402725,2.7057652235100336
triton_stride_store,256,255,1,902.6088907047865,334.46133670402725,2.69869426343747
triton_stride_store,1024,3,1,648.825176567369,158.06751866763742,4.104734369441385
triton_stride_store,1024,5,1,784.0366603888333,234.62997794983602,3.3415877512312626
triton_stride_store,1024,6,1,851.6424022995653,273.51845273283664,3.1136561127428584
triton_stride_store,1024,7,1,919.2481442102975,312.4069275158372,2.9424704231749055
triton_stride_store,1024,9,1,1027.7355488703136,390.7911222237396,2.6298845864822495
triton_stride_store,1024,11,1,1123.6886509147828,469.175316931642,2.3950293426849267
triton_stride_store,1024,13,1,1231.9395592990336,548.1667567814457,2.247381009626252
triton_stride_store,1024,15,1,1347.2853559562354,627.1581966312493,2.148238455932036
triton_stride_store,1024,17,1,1467.1245818529724,705.5423913391518,2.0794279689818533
triton_stride_store,1024,21,1,1716.0263884012834,863.5252710387591,1.9872335482863477
triton_stride_store,1024,25,1,1971.5500906710147,1021.5081507383665,1.930038531015087
triton_stride_store,1024,31,1,2362.2852767622107,1258.4824702877777,1.8770903310413423
triton_stride_store,1024,40,1,2415.701242127041,1297.9781902126795,1.861126219486953
triton_stride_store,1024,48,1,2407.6603687510296,1297.9781902126795,1.8549312976950127
triton_stride_store,1024,63,1,2398.2005177204287,1297.9781902126795,1.847643154410378
triton_stride_store,1024,96,1,2387.5581853110025,1297.9781902126795,1.8394439932151638
triton_stride_store,1024,129,1,2384.0107411745266,1297.9781902126795,1.8367109394834253
triton_stride_store,1024,192,1,2387.5581853110025,1297.9781902126795,1.8394439932151638
triton_stride_store,1024,255,1,2382.828259795702,1297.9781902126795,1.8357999215728462
triton_stride_store,2048,3,1,1186.9763937278276,297.38077885702023,3.9914361590213003
triton_stride_store,2048,5,1,1348.1621500939505,452.93467798902253,2.976504594613144
triton_stride_store,2048,6,1,1412.5550333871072,531.3188726969249,2.6585824557993014
triton_stride_store,2048,7,1,1495.3946261899366,609.7030674048274,2.4526604935005722
triton_stride_store,2048,9,1,1691.8183276450486,767.0787019625334,2.2055342213473197
triton_stride_store,2048,11,1,1910.4726790220739,924.4543365202395,2.066594966943775
triton_stride_store,2048,13,1,2141.4248367388805,1082.4372162198467,1.9783362994643652
triton_stride_store,2048,15,1,2379.4718827286383,1240.420095919454,1.918279049618967
triton_stride_store,2048,17,1,2622.0123579579313,1397.7957304771605,1.8758194067904788
triton_stride_store,2048,21,1,3116.3166631713534,1713.7614898763752,1.8184074514337194
triton_stride_store,2048,25,1,3617.242864106197,2029.7272492755899,1.7821324837596735
triton_stride_store,2048,31,1,4376.0817981950595,2503.6758883744124,1.747862739947687
triton_stride_store,2048,40,1,4490.848388226167,2582.667328224216,1.7388412123964776
triton_stride_store,2048,48,1,4482.807514850157,2582.667328224216,1.735727813590469
triton_stride_store,2048,63,1,4473.347663819555,2582.667328224216,1.7320649914657529
triton_stride_store,2048,96,1,4482.807514850157,2582.667328224216,1.735727813590469
triton_stride_store,2048,129,1,4475.9491228529705,2582.667328224216,1.7330722675500498
triton_stride_store,2048,192,1,4472.63817499226,2582.667328224216,1.731790279806399
triton_stride_store,2048,255,1,4473.58416009532,2582.667328224216,1.7321565620188706
