group_key,group,n,mape_pct,p50_pct,p90_pct,p95_pct,max_pct,bias_pct,rmse_pct,within_5pct,within_10pct,within_20pct,within_30pct,within_50pct,mean_target_ns,mean_pred_ns
stride,1,56,14.61581790709118,12.115432353058264,23.211598665526335,32.32303210049611,79.82407990049245,7.962344308175615,18.675347425923945,3.571428571428571,35.714285714285715,85.71428571428571,92.85714285714286,98.21428571428571,157.36637202401957,157.6814625381482
stride,2,56,14.582360554052599,10.049158142773774,29.32607431940962,37.838698779907986,80.8750701299352,5.629026455484514,21.398172349005968,19.642857142857142,48.214285714285715,78.57142857142857,91.07142857142857,96.42857142857143,179.2994828983432,168.0323651305868
stride,3,56,12.251949796826384,6.229018958992361,21.738228586423816,60.62051293000418,80.3360096695708,-3.7353752814335737,22.197271455490437,42.857142857142854,69.64285714285714,87.5,91.07142857142857,91.07142857142857,269.5220953651837,211.00604973333188
stride,4,56,11.621863898392531,9.42391928921123,20.00413183359774,27.679750976587343,70.43281074714871,-0.9929510465262711,17.437389835510846,26.785714285714285,51.78571428571429,89.28571428571429,94.64285714285714,96.42857142857143,249.15519684907935,218.80798385319537
stride,5,56,12.462060012817687,7.887516971476265,19.90284825726146,55.7144923048018,74.03998889289194,-7.029911962221297,19.685111183482217,35.714285714285715,55.35714285714286,89.28571428571429,92.85714285714286,92.85714285714286,328.3035399924432,261.5976197872954
stride,6,56,14.989476817399634,7.3326209562858295,56.82318237505994,67.35128715423717,82.18748057596812,-9.166537908339272,25.42550099126204,33.92857142857143,60.71428571428571,87.5,87.5,87.5,363.1360275404794,268.68451523251645
stride,7,56,15.382153126539155,8.953001413110783,52.87259589331454,65.1413653743291,83.49068775767361,-9.765291523561626,25.743393688397852,30.357142857142854,51.78571428571429,87.5,87.5,89.28571428571429,383.72404842327035,276.8317636991277
stride,8,56,16.867098105915122,10.476407583899338,43.252238743556134,76.40215974998533,83.52309462188654,-9.790619666329526,27.006718673628143,26.785714285714285,46.42857142857143,82.14285714285714,83.92857142857143,91.07142857142857,377.8185789429005,285.0375502676389
stride,9,56,16.80537904403602,10.189504771969627,58.57514843714175,75.67168259619007,85.89121059048917,-11.11723829544802,27.625703581978073,35.714285714285715,50.0,87.5,87.5,87.5,454.5522101134771,327.74888513770486
stride,10,56,13.847345857336235,8.891471441272682,18.292645276766294,62.2307618169967,74.74518582095597,-8.88035550282086,22.344658213771417,37.5,53.57142857142857,91.07142857142857,91.07142857142857,91.07142857142857,429.0572069585323,335.4802451474011
stride,11,56,11.980405142039178,6.273893024779964,17.73038207999266,59.73465718972413,74.28393197003042,-8.370977147816152,19.838709226684546,39.285714285714285,60.71428571428571,91.07142857142857,92.85714285714286,92.85714285714286,436.01164975691415,344.21156858936945
stride,12,56,12.90947588730812,6.989525933473805,18.673563654754332,61.42678917568219,76.4985905125763,-8.56277522140638,22.040830000215784,33.92857142857143,64.28571428571429,91.07142857142857,91.07142857142857,91.07142857142857,446.96628240247566,352.0140385113396
stride,16,56,16.573425823781484,10.666980647268575,37.002062778387256,57.16286960336611,74.28529873185391,-11.229533140830318,23.612703188796612,23.214285714285715,44.642857142857146,78.57142857142857,80.35714285714286,92.85714285714286,485.6092110276222,388.60998300435364
stride,20,56,12.687288889282444,9.485885048061991,30.914201524104584,39.554010668360114,58.84782100885959,-7.208549909283006,18.060978706177906,32.142857142857146,53.57142857142857,85.71428571428571,89.28571428571429,96.42857142857143,553.344332746097,457.9986148896483
stride,24,56,10.932132388093024,6.973832536340185,22.091216544890266,40.25081821470796,57.208869778188465,-7.976664737859029,16.317160043582902,39.285714285714285,60.71428571428571,89.28571428571429,91.07142857142857,98.21428571428571,601.3885832258633,495.99770177374046
stride,32,56,17.143517898779347,10.585220975331588,39.64671079105416,56.79954525803218,79.42149614381555,-12.37312454131299,25.37792562726699,26.785714285714285,44.642857142857146,73.21428571428571,76.78571428571429,92.85714285714286,765.2300761214325,580.5848359758434
stride,40,56,12.172832151882128,7.726880385478053,33.49069871232108,40.80770838783311,66.80003339837397,-7.645458567774622,18.689696719437833,35.714285714285715,58.92857142857143,83.92857142857143,85.71428571428571,94.64285714285714,770.8308686103139,615.926025887853
stride,48,56,12.062966223198364,7.418059988693404,31.29575332969929,40.52325289304922,67.63244250669041,-7.433007242498414,18.53035430025993,33.92857142857143,64.28571428571429,83.92857142857143,89.28571428571429,94.64285714285714,767.4463146499226,615.926025887853
stride,64,56,16.461555742947102,8.922994691071157,40.05042558125293,58.605210507675125,94.27727788088771,-8.143071937450431,25.440494142966063,30.357142857142854,55.35714285714286,73.21428571428571,78.57142857142857,92.85714285714286,798.5781269768873,615.926025887853
stride,96,56,17.69526779289603,11.26056620444852,37.026519100813815,52.98204704432777,68.71487864834931,-11.237337342866043,24.347162904477926,30.357142857142854,44.642857142857146,66.07142857142857,73.21428571428571,92.85714285714286,831.7701020943267,633.596620843858
stride,128,56,19.13261048647891,13.702787692177687,42.42077695675533,57.01857631531905,69.92926591844507,-0.7518071841479952,25.566950676933192,21.428571428571427,44.642857142857146,64.28571428571429,73.21428571428571,92.85714285714286,740.5563765870673,633.596620843858
stride,192,56,16.33677844872596,10.19507228005645,31.703022628575383,42.0241970427768,70.14642680341193,-4.94373810170383,22.190348467464858,26.785714285714285,48.214285714285715,60.71428571428571,85.71428571428571,94.64285714285714,780.4863403240839,642.4319183218604
stride,256,56,30.666610500412315,23.565928805873213,62.6262056916671,65.4664794088387,67.50244500148297,18.850037679974122,36.70380561467332,0.0,12.5,44.642857142857146,58.92857142857143,73.21428571428571,644.9765170081739,642.4319183218604
