group_key,group,v7_n,v7_mape_pct,v7_p50_pct,v7_p90_pct,v7_max_pct,v7_bias_pct,v7_rmse_pct,v8_n,v8_mape_pct,v8_p50_pct,v8_p90_pct,v8_max_pct,v8_bias_pct,v8_rmse_pct,mape_reduction_pct_points
overall,,1288,33.2483939279656,18.17070655728932,69.43921836413196,1253.9435091682049,6.820783879488311,82.81813603633202,1288,15.225233586792648,9.73039697421601,37.546683256591386,94.27727788088771,-5.387518165999801,23.211027909164606,18.023160341172954
block,4,161,35.20178969556653,13.081665859561465,104.47717390642923,234.6166315897815,24.03595404493792,61.127393487945156,161,9.115663026879615,7.117450980229001,13.297979487388156,80.06215316828924,3.3307431129741256,13.993900830013766,26.086126668686916
block,8,161,68.40888962517788,17.08723038293649,84.65631907054599,1253.9435091682049,48.093623910046055,205.97024424706984,161,14.235540137191608,7.25195859176766,57.48114596730376,94.27727788088771,-3.0185647965098936,24.568371768142747,54.17334948798627
block,16,161,31.648482282844146,17.407506191329837,70.36315709251761,255.43559641568874,4.924085820248628,50.873940834716834,161,16.76843637524398,12.271157265749622,34.71041990597767,82.32800160316216,-13.964017245202337,24.19820591526509,14.880045907600167
block,32,161,24.426432847803838,18.75166633980698,46.54891084261856,85.42703399358584,-11.980454069158036,31.354690143745383,161,18.156335128438048,11.936204664755156,66.80003339837397,85.89121059048917,-14.393145372283852,27.867306507691293,6.27009771936579
block,64,161,16.209593355416217,10.794514753870033,38.9374230312281,59.539886634663674,0.7340628529697122,21.51386865258025,161,9.832935798047073,6.460876274555183,17.142434746488533,67.00102990362319,-3.959242520571286,15.967440758341708,6.376657557369144
block,128,161,20.903623438879887,19.08322422421973,43.017941418884575,60.12837448245212,-1.323792701546838,25.120685667656257,161,10.901009301339556,7.428517096049503,30.32525076484034,64.91492486315119,4.660276127175836,15.976341336611208,10.00261413754033
block,256,161,26.21745840413062,19.962063981405752,62.6305305110374,73.83324712355275,-8.147832050957524,32.90367197137287,161,17.519274635116,11.302587894505178,48.22270978613952,61.5976440706547,-3.772257379981106,24.037131988080393,8.698183769014623
block,512,161,42.97088177390573,34.55738446551659,81.46189652857663,195.28322959022572,-1.7693767706334522,54.4300287557665,161,25.272674292085323,19.63284124985851,59.34388685763816,75.09075350701652,-11.983937253599892,32.56461389950089,17.698207481820408
num_warps,1,184,30.143310650290026,20.396291507339754,72.89346128726052,83.73495858999084,-27.51000646702972,38.540127745793484,184,19.4125092486919,11.005992612003425,58.108490032488625,75.09075350701652,-11.264620381800471,28.76522535121534,10.730801401598125
num_warps,2,184,32.03205925093692,22.668969149155785,71.45921070944118,94.3142089752227,-26.143054341086945,40.95288804654336,184,22.703548259165018,10.517231183948173,67.94817750515513,94.27727788088771,-13.174744267034704,34.50375050821648,9.3285109917719
num_warps,4,184,19.525115111008496,14.59182537719122,35.445659053066194,165.73062507800626,-8.938229185692474,27.484922230839675,184,11.888191520037015,9.416193251551007,18.359022776916355,85.89121059048917,-6.737024809011786,18.052779326292352,7.636923590971481
num_warps,8,184,16.803955304836233,10.483247626412112,27.910730459127404,338.85177357859203,2.31611824786389,33.68812554271139,184,9.449334728737409,8.551193072334868,17.866778931193668,62.78600027694328,-0.6545902914198275,12.426578171351641,7.354620576098824
num_warps,16,184,24.913672642343634,13.35620186929873,52.140361019205706,663.12896271749,16.382881501111026,62.96013806408296,184,9.487239137342232,7.0135246802904945,18.39072052753161,67.12114304590125,0.7739901921607473,13.761453576598049,15.426433505001402
num_warps,32,184,46.213237047923435,18.671597803215647,92.57694633245838,1173.963557931064,43.92658836518979,130.9463724837761,184,12.937473538493823,9.80285968042689,26.844273187898366,63.302286428134714,4.990003660095034,17.601502513217245,33.27576350942961
num_warps,64,184,63.10740748842052,43.541620400557534,115.39921708539143,1253.9435091682049,47.7111890360626,147.8113084489376,184,20.698338675081153,16.464295703731622,52.9287334212092,76.04230207484477,-11.645641264987594,27.817306588605934,42.40906881333937
stride,1,56,15.766445521167038,9.421864628022629,44.76718833413439,83.06173822206411,0.2112440356056824,23.386979011411576,56,14.61581790709118,12.115432353058264,23.211598665526335,79.82407990049245,7.962344308175615,18.675347425923945,1.150627614075857
stride,2,56,24.000132680945303,10.849037457274829,83.88889618504723,98.72080171080668,7.318877509088502,36.42245920561707,56,14.582360554052599,10.049158142773774,29.32607431940962,80.8750701299352,5.629026455484514,21.398172349005968,9.417772126892704
stride,3,56,21.22187437839371,14.380812343663514,53.62937018655208,84.223837922972,-4.761378760425362,29.952432076625467,56,12.251949796826384,6.229018958992361,21.738228586423816,80.3360096695708,-3.7353752814335737,22.197271455490437,8.969924581567327
stride,4,56,20.98865259180341,13.16559544130967,58.8849448348207,76.27863102184035,3.3558966017611045,29.533024213157148,56,11.621863898392531,9.42391928921123,20.00413183359774,70.43281074714871,-0.9929510465262711,17.437389835510846,9.36678869341088
stride,5,56,20.82391481339587,15.143743132346444,50.81239124788647,79.06679878099152,-6.594918623261944,27.81742651706512,56,12.462060012817687,7.887516971476265,19.90284825726146,74.03998889289194,-7.029911962221297,19.685111183482217,8.361854800578183
stride,6,56,23.670609993366458,14.968169239127771,64.01532203918832,84.84502260488088,-5.751487336590172,32.93592292289106,56,14.989476817399634,7.3326209562858295,56.82318237505994,82.18748057596812,-9.166537908339272,25.42550099126204,8.681133175966824
stride,7,56,24.088630675128297,15.235533831742178,61.2857861224515,84.63969611402163,-3.296354875167799,33.63218965779051,56,15.382153126539155,8.953001413110783,52.87259589331454,83.49068775767361,-9.765291523561626,25.743393688397852,8.706477548589142
stride,8,56,25.06503312529502,14.861558785618655,60.09315685724545,84.43826551244643,-1.6955074770281322,34.966210007854976,56,16.867098105915122,10.476407583899338,43.252238743556134,83.52309462188654,-9.790619666329526,27.006718673628143,8.197935019379898
stride,9,56,25.328607447797737,17.82880676832157,67.16626699800855,85.42703399358584,-9.057374284571631,34.30028416439841,56,16.80537904403602,10.189504771969627,58.57514843714175,85.89121059048917,-11.11723829544802,27.625703581978073,8.523228403761717
stride,10,56,24.283177105163514,18.64451535713534,60.37579625585874,83.23973035454391,-4.682776188307395,31.444185527874918,56,13.847345857336235,8.891471441272682,18.292645276766294,74.74518582095597,-8.88035550282086,22.344658213771417,10.435831247827279
stride,11,56,25.691643816721122,19.24215578608581,61.528913338987934,117.3449447963463,-0.25908612852402,34.339996787455945,56,11.980405142039178,6.273893024779964,17.73038207999266,74.28393197003042,-8.370977147816152,19.838709226684546,13.711238674681944
stride,12,56,26.845750615640732,19.315962543965036,69.44060658504478,115.14975568607753,0.6542175461615269,36.4281770678187,56,12.90947588730812,6.989525933473805,18.673563654754332,76.4985905125763,-8.56277522140638,22.040830000215784,13.936274728332611
stride,16,56,25.672373165997698,18.001023158464967,57.51373393805977,118.87793963007445,0.28016332306232405,35.06818145946417,56,16.573425823781484,10.666980647268575,37.002062778387256,74.28529873185391,-11.229533140830318,23.612703188796612,9.098947342216213
stride,20,56,27.90511839337197,20.52008496876498,66.38534760210084,115.5061291136688,1.9778493282639538,37.10064973113603,56,12.687288889282444,9.485885048061991,30.914201524104584,58.84782100885959,-7.208549909283006,18.060978706177906,15.217829504089528
stride,24,56,27.747025471221495,18.588628216187736,68.38399367894522,146.45370082002134,3.857682080357488,39.45902536505059,56,10.932132388093024,6.973832536340185,22.091216544890266,57.208869778188465,-7.976664737859029,16.317160043582902,16.81489308312847
stride,32,56,31.017397599155675,25.366224562321893,69.74562870696123,185.88507870823997,-0.005285002875161331,43.941051551723035,56,17.143517898779347,10.585220975331588,39.64671079105416,79.42149614381555,-12.37312454131299,25.37792562726699,13.873879700376328
stride,40,56,35.51128945716535,24.666062821328843,74.70074867029288,173.66107333349433,4.556499574685158,50.371415531161,56,12.172832151882128,7.726880385478053,33.49069871232108,66.80003339837397,-7.645458567774622,18.689696719437833,23.33845730528322
stride,48,56,33.10455771813165,24.09591965882307,74.72685974781123,177.50148973747167,3.900027724762302,46.309462964281614,56,12.062966223198364,7.418059988693404,31.29575332969929,67.63244250669041,-7.433007242498414,18.53035430025993,21.041591494933286
stride,64,56,32.35772077799653,21.291418658482275,68.45782870268272,185.6613818682647,0.3672559229575085,46.25762151134919,56,16.461555742947102,8.922994691071157,40.05042558125293,94.27727788088771,-8.143071937450431,25.440494142966063,15.896165035049432
stride,96,56,38.15844159754586,24.978198008455177,82.92225283852758,206.930655001648,3.4637767353512934,54.831852507059075,56,17.69526779289603,11.26056620444852,37.026519100813815,68.71487864834931,-11.237337342866043,24.347162904477926,20.46317380464983
stride,128,56,37.51978881923923,20.10678885976384,86.88932761892045,222.80944833746867,12.530730716330929,57.4510347358034,56,19.13261048647891,13.702787692177687,42.42077695675533,69.92926591844507,-0.7518071841479952,25.566950676933192,18.38717833276032
stride,192,56,92.6512813172795,32.76105366867438,169.98400982624935,1251.2949477091622,60.94930166755421,240.8479565002898,56,16.33677844872596,10.19507228005645,31.703022628575383,70.14642680341193,-4.94373810170383,22.190348467464858,76.31450286855355
stride,256,56,105.29359326128579,31.32957262379434,214.9499305900036,1253.9435091682049,89.55867513904073,260.7606197116893,56,30.666610500412315,23.565928805873213,62.6262056916671,67.50244500148297,18.850037679974122,36.70380561467332,74.62698276087347
