index,block,stride,target_ns,pred_ns,error_pct,abs_error_pct,num_warps
0,32,1,132.766167,118.792916,-10.524708,10.524708,1
1,32,4,180.551827,137.017296,-24.111930,24.111930,1
2,32,8,199.909334,161.316471,-19.305184,19.305184,1
3,32,16,209.977493,209.914819,-0.029848,0.029848,1
4,32,32,392.788157,307.111515,-21.812430,21.812430,1
5,32,64,477.195327,307.111515,-35.642389,35.642389,1
6,32,128,502.909511,307.111515,-38.933047,38.933047,1
7,32,256,472.667158,307.111515,-35.025840,35.025840,1
8,64,1,149.535830,124.867709,-16.496461,16.496461,1
9,64,4,195.860510,161.316471,-17.637062,17.637062,1
10,64,8,210.005671,209.914819,-0.043262,0.043262,1
11,64,16,389.374157,307.111515,-21.126888,21.126888,1
12,64,32,526.294649,501.504907,-4.710240,4.710240,1
13,64,64,585.287869,501.504907,-14.314830,14.314830,1
14,64,128,545.175135,501.504907,-8.010312,8.010312,1
15,64,256,477.155834,501.504907,5.102960,5.102960,1
16,128,1,184.825674,137.017296,-25.866740,25.866740,1
17,128,4,206.206505,209.914819,1.798349,1.798349,1
18,128,8,396.898821,307.111515,-22.622215,22.622215,1
19,128,16,531.050990,501.504907,-5.563700,5.563700,1
20,128,32,683.205664,501.504907,-26.595324,26.595324,1
21,128,64,677.634140,501.504907,-25.991789,25.991789,1
22,128,128,570.110530,501.504907,-12.033741,12.033741,1
23,128,256,516.833653,501.504907,-2.965895,2.965895,1
24,256,1,202.456171,161.316471,-20.320300,20.320300,1
25,256,4,594.055682,307.111515,-48.302571,48.302571,1
26,256,8,912.131031,501.504907,-45.018326,45.018326,1
27,256,16,1102.960507,501.504907,-54.531019,54.531019,1
28,256,32,1232.355336,501.504907,-59.305170,59.305170,1
29,256,64,757.783691,501.504907,-33.819517,33.819517,1
30,256,128,666.088820,501.504907,-24.709004,24.709004,1
31,256,256,610.785484,501.504907,-17.891810,17.891810,1
32,32,1,134.727006,118.998567,-11.674303,11.674303,2
33,32,4,173.467840,137.839902,-20.538642,20.538642,2
34,32,8,201.905002,162.961681,-19.287943,19.287943,2
35,32,16,208.418171,213.205240,2.296858,2.296858,2
36,32,32,392.278492,313.692359,-20.033251,20.033251,2
37,32,64,476.583178,328.317847,-31.110064,31.110064,2
38,32,128,507.587979,328.317847,-35.318041,35.318041,2
39,32,256,470.165854,328.317847,-30.169781,30.169781,2
40,64,1,132.680158,124.867709,-5.888181,5.888181,2
41,64,4,178.926329,161.316471,-9.841960,9.841960,2
42,64,8,197.154159,209.914819,6.472427,6.472427,2
43,64,16,369.748672,307.111515,-16.940468,16.940468,2
44,64,32,483.821174,501.504907,3.655014,3.655014,2
45,64,64,542.044659,501.504907,-7.479043,7.479043,2
46,64,128,501.328846,501.504907,0.035119,0.035119,2
47,64,256,475.531836,501.504907,5.461899,5.461899,2
48,128,1,147.598997,137.017296,-7.169222,7.169222,2
49,128,4,186.043670,209.914819,12.830939,12.830939,2
50,128,8,365.025178,307.111515,-15.865663,15.865663,2
51,128,16,482.925147,501.504907,3.847338,3.847338,2
52,128,32,592.605869,501.504907,-15.372943,15.372943,2
53,128,64,580.582132,501.504907,-13.620334,13.620334,2
54,128,128,516.226182,501.504907,-2.851710,2.851710,2
55,128,256,479.107156,501.504907,4.674894,4.674894,2
56,256,1,184.913168,161.316471,-12.760961,12.760961,2
57,256,4,331.999019,307.111515,-7.496258,7.496258,2
58,256,8,486.504336,501.504907,3.083338,3.083338,2
59,256,16,596.150845,501.504907,-15.876173,15.876173,2
60,256,32,714.110176,501.504907,-29.772054,29.772054,2
61,256,64,609.405309,501.504907,-17.705852,17.705852,2
62,256,128,553.029845,501.504907,-9.316846,9.316846,2
63,256,256,515.850147,501.504907,-2.780893,2.780893,2
64,32,1,130.521173,119.409870,-8.513027,8.513027,4
65,32,4,179.302668,139.485113,-22.206895,22.206895,4
66,32,8,197.739169,166.252103,-15.923535,15.923535,4
67,32,16,242.364337,219.786084,-9.315831,9.315831,4
68,32,32,391.974653,326.854046,-16.613474,16.613474,4
69,32,64,477.561682,370.730511,-22.370131,22.370131,4
70,32,128,516.911507,370.730511,-28.279695,28.279695,4
71,32,256,479.689151,370.730511,-22.714427,22.714427,4
72,64,1,132.416839,125.279012,-5.390423,5.390423,4
73,64,4,179.187670,162.961681,-9.055304,9.055304,4
74,64,8,201.376840,213.205240,5.873764,5.873764,4
75,64,16,363.212511,313.692359,-13.633934,13.633934,4
76,64,32,541.196634,529.292083,-2.199672,2.199672,4
77,64,64,530.845662,529.292083,-0.292661,0.292661,4
78,64,128,509.527157,529.292083,3.879072,3.879072,4
79,64,256,413.203667,529.292083,28.094721,28.094721,4
80,128,1,132.173002,137.017296,3.665117,3.665117,4
81,128,4,183.395500,209.914819,14.460180,14.460180,4
82,128,8,351.120015,307.111515,-12.533749,12.533749,4
83,128,16,477.402647,501.504907,5.048623,5.048623,4
84,128,32,552.796175,501.504907,-9.278514,9.278514,4
85,128,64,549.445033,501.504907,-8.725190,8.725190,4
86,128,128,493.782490,501.504907,1.563931,1.563931,4
87,128,256,476.278509,501.504907,5.296565,5.296565,4
88,256,1,148.547505,161.316471,8.595880,8.595880,4
89,256,4,331.980010,307.111515,-7.490962,7.490962,4
90,256,8,458.875348,501.504907,9.290009,9.290009,4
91,256,16,551.480015,501.504907,-9.061998,9.061998,4
92,256,32,643.807511,501.504907,-22.103284,22.103284,4
93,256,64,552.190473,501.504907,-9.179000,9.179000,4
94,256,128,527.135005,501.504907,-4.862151,4.862151,4
95,256,256,479.284659,501.504907,4.636128,4.636128,4
96,32,1,133.445993,120.232476,-9.901772,9.901772,8
97,32,4,177.873835,142.775535,-19.732132,19.732132,8
98,32,8,199.991008,172.832947,-13.579641,13.579641,8
99,32,16,214.390491,232.947772,8.655832,8.655832,8
100,32,32,402.336150,353.177421,-12.218323,12.218323,8
101,32,64,480.980014,455.555839,-5.285911,5.285911,8
102,32,128,512.831499,455.555839,-11.168515,11.168515,8
103,32,256,464.027325,455.555839,-1.825644,1.825644,8
104,64,1,131.557162,126.101618,-4.146900,4.146900,8
105,64,4,188.335836,166.252103,-11.725720,11.725720,8
106,64,8,541.347027,219.786084,-59.400149,59.400149,8
107,64,16,371.910344,326.854046,-12.114828,12.114828,8
108,64,32,554.346323,584.866434,5.505604,5.505604,8
109,64,64,568.456680,584.866434,2.886720,2.886720,8
110,64,128,529.492488,584.866434,10.457929,10.457929,8
111,64,256,466.741835,584.866434,25.308338,25.308338,8
112,128,1,133.070330,137.839902,3.584249,3.584249,8
113,128,4,192.709004,213.205240,10.635848,10.635848,8
114,128,8,357.482682,313.692359,-12.249635,12.249635,8
115,128,16,460.895151,529.292083,14.840020,14.840020,8
116,128,32,576.780478,542.453770,-5.951434,5.951434,8
117,128,64,574.036191,542.453770,-5.501817,5.501817,8
118,128,128,529.078672,542.453770,2.527998,2.527998,8
119,128,256,473.245844,542.453770,14.624096,14.624096,8
120,256,1,132.844677,161.316471,21.432394,21.432394,8
121,256,4,333.312174,307.111515,-7.860697,7.860697,8
122,256,8,452.802151,501.504907,10.755858,10.755858,8
123,256,16,528.999825,501.504907,-5.197529,5.197529,8
124,256,32,654.845486,501.504907,-23.416299,23.416299,8
125,256,64,542.691032,501.504907,-7.589240,7.589240,8
126,256,128,492.545019,501.504907,1.819100,1.819100,8
127,256,256,469.996169,501.504907,6.704041,6.704041,8
128,32,1,141.569341,121.877686,-13.909548,13.909548,16
129,32,4,181.956838,149.356378,-17.916589,17.916589,16
130,32,8,199.770838,185.994634,-6.896003,6.896003,16
131,32,16,229.987989,259.271146,12.732473,12.732473,16
132,32,32,475.676666,405.824170,-14.684869,14.684869,16
133,32,64,529.596170,625.206494,18.053440,18.053440,16
134,32,128,526.843150,625.206494,18.670328,18.670328,16
135,32,256,499.467999,625.206494,25.174485,25.174485,16
136,64,1,134.500836,127.746829,-5.021536,5.021536,16
137,64,4,246.680836,172.832947,-29.936614,29.936614,16
138,64,8,201.297333,232.947772,15.723228,15.723228,16
139,64,16,390.541325,353.177421,-9.567209,9.567209,16
140,64,32,641.713490,696.015137,8.461977,8.461977,16
141,64,64,678.535342,696.015137,2.576107,2.576107,16
142,64,128,638.543646,696.015137,9.000401,9.000401,16
143,64,256,501.785179,696.015137,38.707791,38.707791,16
144,128,1,135.551999,139.485113,2.901554,2.901554,16
145,128,4,189.942996,219.786084,15.711603,15.711603,16
146,128,8,355.280653,326.854046,-8.001169,8.001169,16
147,128,16,475.043505,584.866434,23.118499,23.118499,16
148,128,32,862.934311,624.351496,-27.647854,27.647854,16
149,128,64,806.859652,624.351496,-22.619567,22.619567,16
150,128,128,638.547858,624.351496,-2.223226,2.223226,16
151,128,256,506.265998,624.351496,23.324794,23.324794,16
152,256,1,132.159824,162.961681,23.306521,23.306521,16
153,256,4,324.476148,313.692359,-3.323446,3.323446,16
154,256,8,450.959335,529.292083,17.370247,17.370247,16
155,256,16,520.080179,542.453770,4.301950,4.301950,16
156,256,32,876.511653,687.304868,-21.586340,21.586340,16
157,256,64,833.789329,687.304868,-17.568522,17.568522,16
158,256,128,637.460828,687.304868,7.819154,7.819154,16
159,256,256,496.976674,687.304868,38.297209,38.297209,16
160,32,1,138.530994,125.168108,-9.646135,9.646135,32
161,32,2,148.512671,137.618094,-7.335790,7.335790,32
162,32,3,163.749337,150.068080,-8.355000,8.355000,32
163,32,4,185.255344,162.518066,-12.273480,12.273480,32
164,32,5,195.989167,174.968052,-10.725652,10.725652,32
165,32,6,197.195843,187.418038,-4.958424,4.958424,32
166,32,7,202.569172,199.868023,-1.333445,1.333445,32
167,32,8,210.885659,212.318009,0.679207,0.679207,32
168,32,9,209.840496,224.767995,7.113736,7.113736,32
169,32,10,210.956996,237.217981,12.448502,12.448502,32
170,32,11,215.900501,249.667967,15.640291,15.640291,32
171,32,12,218.149165,262.117953,20.155377,20.155377,32
172,32,16,357.933154,311.917896,-12.855824,12.855824,32
173,32,20,363.152340,361.717839,-0.395013,0.395013,32
174,32,24,442.696979,411.517783,-7.043011,7.043011,32
175,32,32,767.824690,511.117670,-33.433025,33.433025,32
176,32,40,657.720476,964.507805,46.644029,46.644029,32
177,32,48,742.060006,964.507805,29.977064,29.977064,32
178,32,64,904.158672,964.507805,6.674618,6.674618,32
179,32,96,769.323647,964.507805,25.370877,25.370877,32
180,32,128,844.782313,964.507805,14.172348,14.172348,32
181,32,192,675.592184,964.507805,42.764796,42.764796,32
182,32,256,762.097657,964.507805,26.559608,26.559608,32
183,64,1,137.254496,131.037250,-4.529721,4.529721,32
184,64,2,147.757838,149.356378,1.081865,1.081865,32
185,64,3,165.221001,167.675506,1.485589,1.485589,32
186,64,4,180.493161,185.994634,3.048023,3.048023,32
187,64,5,193.026334,204.313762,5.847611,5.847611,32
188,64,6,200.198844,222.632890,11.205882,11.205882,32
189,64,7,207.718338,240.952018,15.999397,15.999397,32
190,64,8,217.728674,259.271146,19.079927,19.079927,32
191,64,9,323.172684,277.590274,-14.104660,14.104660,32
192,64,10,333.714341,295.909402,-11.328533,11.328533,32
193,64,11,361.202493,314.228530,-13.004883,13.004883,32
194,64,12,368.020991,332.547658,-9.638943,9.638943,32
195,64,16,519.697338,405.824170,-21.911440,21.911440,32
196,64,20,724.699348,698.483006,-3.617547,3.617547,32
197,64,24,809.182703,771.759518,-4.624813,4.624813,32
198,64,32,863.781869,918.312542,6.313014,6.313014,32
199,64,40,875.754694,918.312542,4.859563,4.859563,32
200,64,48,826.383809,918.312542,11.124218,11.124218,32
201,64,64,855.747163,918.312542,7.311199,7.311199,32
202,64,96,736.254295,918.312542,24.727631,24.727631,32
203,64,128,831.800361,918.312542,10.400594,10.400594,32
204,64,192,751.869460,918.312542,22.137231,22.137231,32
205,64,256,761.975149,918.312542,20.517387,20.517387,32
206,128,1,133.782501,142.775535,6.722130,6.722130,32
207,128,2,151.371494,172.832947,14.178002,14.178002,32
208,128,3,165.830836,202.890359,22.347788,22.347788,32
209,128,4,180.669506,232.947772,28.935854,28.935854,32
210,128,5,305.641984,263.005184,-13.949916,13.949916,32
211,128,6,334.774494,293.062596,-12.459700,12.459700,32
212,128,7,362.774665,323.120008,-10.930933,10.930933,32
213,128,8,364.592512,353.177421,-3.130918,3.130918,32
214,128,9,502.558519,485.613251,-3.371800,3.371800,32
215,128,10,510.070672,515.670663,1.097885,1.097885,32
216,128,11,549.665987,545.728075,-0.716419,0.716419,32
217,128,12,580.427676,575.785488,-0.799788,0.799788,32
218,128,16,784.741034,696.015137,-11.306392,11.306392,32
219,128,20,911.037803,719.048090,-21.073737,21.073737,32
220,128,24,944.684863,742.081043,-21.446710,21.446710,32
221,128,32,927.753667,906.674672,-2.272047,2.272047,32
222,128,40,907.813470,906.674672,-0.125444,0.125444,32
223,128,48,914.946020,906.674672,-0.904026,0.904026,32
224,128,64,940.003355,906.674672,-3.545592,3.545592,32
225,128,96,834.047536,906.674672,8.707793,8.707793,32
226,128,128,834.897697,906.674672,8.597098,8.597098,32
227,128,192,876.552343,906.674672,3.436455,3.436455,32
228,128,256,756.291012,906.674672,19.884364,19.884364,32
229,256,1,135.125662,166.252103,23.035181,23.035181,32
230,256,2,156.493167,219.786084,40.444524,40.444524,32
231,256,3,299.769322,273.320065,-8.823203,8.823203,32
232,256,4,319.615990,326.854046,2.264610,2.264610,32
233,256,5,518.304845,424.264492,-18.143831,18.143831,32
234,256,6,523.036674,477.798472,-8.649145,8.649145,32
235,256,7,523.282508,531.332453,1.538356,1.538356,32
236,256,8,534.940342,584.866434,9.333021,9.333021,32
237,256,9,526.550819,589.802067,12.012373,12.012373,32
238,256,10,545.929144,594.737700,8.940456,8.940456,32
239,256,11,619.069338,599.673333,-3.133091,3.133091,32
240,256,12,660.301973,604.608965,-8.434475,8.434475,32
241,256,16,838.602473,742.879220,-11.414616,11.414616,32
242,256,20,970.006863,881.149474,-9.160491,9.160491,32
243,256,24,1084.619502,1019.419729,-6.011304,6.011304,32
244,256,32,1287.139356,1295.960238,0.685309,0.685309,32
245,256,40,1157.809854,1295.960238,11.932044,11.932044,32
246,256,48,1138.810774,1295.960238,13.799436,13.799436,32
247,256,64,932.925026,1295.960238,38.913654,38.913654,32
248,256,96,1163.865805,1295.960238,11.349627,11.349627,32
249,256,128,831.932008,1295.960238,55.777182,55.777182,32
250,256,192,884.010136,1295.960238,46.600156,46.600156,32
251,256,256,759.732644,1295.960238,70.581092,70.581092,32
252,32,1,140.229672,131.748952,-6.047736,6.047736,64
253,32,2,151.779170,150.779782,-0.658449,0.658449,64
254,32,3,184.864670,169.810611,-8.143286,8.143286,64
255,32,4,194.177836,188.841441,-2.748200,2.748200,64
256,32,5,208.344008,207.872270,-0.226422,0.226422,64
257,32,6,208.207831,226.903100,8.979138,8.979138,64
258,32,7,220.561673,245.933929,11.503475,11.503475,64
259,32,8,327.800999,264.964759,-19.169020,19.169020,64
260,32,9,246.219342,283.995588,15.342518,15.342518,64
261,32,10,249.942829,303.026418,21.238292,21.238292,64
262,32,11,280.096014,322.057248,14.981018,14.981018,64
263,32,12,285.226494,341.088077,19.584991,19.584991,64
264,32,16,639.909486,417.211395,-34.801499,34.801499,64
265,32,20,424.359014,493.334713,16.254091,16.254091,64
266,32,24,637.363791,569.458032,-10.654160,10.654160,64
267,32,32,2626.800696,721.704668,-72.525336,72.525336,64
268,32,40,2648.199479,1643.110428,-37.953676,37.953676,64
269,32,48,2626.483123,1643.110428,-37.440663,37.440663,64
270,32,64,2836.504062,1643.110428,-42.072693,42.072693,64
271,32,96,3055.969477,1643.110428,-46.232760,46.232760,64
272,32,128,3089.231491,1643.110428,-46.811677,46.811677,64
273,32,192,2813.535770,1643.110428,-41.599803,41.599803,64
274,32,256,2588.630199,1643.110428,-36.525873,36.525873,64
275,64,1,140.272677,137.618094,-1.892445,1.892445,64
276,64,2,154.172331,162.518066,5.413251,5.413251,64
277,64,3,183.291177,187.418038,2.251533,2.251533,64
278,64,4,199.195494,212.318009,6.587757,6.587757,64
279,64,5,210.196843,237.217981,12.855159,12.855159,64
280,64,6,213.975171,262.117953,22.499237,22.499237,64
281,64,7,233.065173,287.017924,23.149212,23.149212,64
282,64,8,338.218172,311.917896,-7.776128,7.776128,64
283,64,9,273.077508,336.817868,23.341490,23.341490,64
284,64,10,270.867656,361.717839,33.540433,33.540433,64
285,64,11,308.256825,386.617811,25.420682,25.420682,64
286,64,12,486.573319,411.517783,-15.425329,15.425329,64
287,64,16,1327.256401,511.117670,-61.490661,61.490661,64
288,64,20,675.934801,1064.107692,57.427564,57.427564,64
289,64,24,733.728528,1163.707579,58.601926,58.601926,64
290,64,32,2913.288116,1481.435076,-49.149037,49.149037,64
291,64,40,2907.179594,1481.435076,-49.042189,49.042189,64
292,64,48,2732.135852,1481.435076,-45.777401,45.777401,64
293,64,64,2948.701302,1481.435076,-49.759744,49.759744,64
294,64,96,2899.893761,1481.435076,-48.914160,48.914160,64
295,64,128,2986.264865,1481.435076,-50.391705,50.391705,64
296,64,192,2941.912095,1481.435076,-49.643802,49.643802,64
297,64,256,2739.109357,1481.435076,-45.915446,45.915446,64
298,128,1,141.375328,149.356378,5.645292,5.645292,64
299,128,2,151.420837,185.994634,22.832920,22.832920,64
300,128,3,184.431156,222.632890,20.713276,20.713276,64
301,128,4,204.244172,259.271146,26.941760,26.941760,64
302,128,5,216.638168,295.909402,36.591537,36.591537,64
303,128,6,219.545831,332.547658,51.470723,51.470723,64
304,128,7,245.599498,369.185914,50.320305,50.320305,64
305,128,8,506.525815,405.824170,-19.880851,19.880851,64
306,128,9,480.122010,661.844750,37.849283,37.849283,64
307,128,10,492.610991,698.483006,41.792006,41.792006,64
308,128,11,540.187180,735.121262,36.086395,36.086395,64
309,128,12,621.115486,771.759518,24.253788,24.253788,64
310,128,16,773.475031,1036.840265,34.049610,34.049610,64
311,128,20,819.816520,1204.724317,46.950481,46.950481,64
312,128,24,2322.101196,1372.608368,-40.889382,40.889382,64
313,128,32,3075.670242,1708.376470,-44.455148,44.455148,64
314,128,40,2763.605754,1708.376470,-38.183061,38.183061,64
315,128,48,2947.569609,1708.376470,-42.041183,42.041183,64
316,128,64,3084.957202,1708.376470,-44.622361,44.622361,64
317,128,96,2716.904402,1708.376470,-37.120479,37.120479,64
318,128,128,3058.480501,1708.376470,-44.142967,44.142967,64
319,128,192,2636.283954,1708.376470,-35.197555,35.197555,64
320,128,256,2412.890593,1708.376470,-29.197931,29.197931,64
321,256,1,142.636160,172.832947,21.170499,21.170499,64
322,256,2,161.320329,232.947772,44.400754,44.400754,64
323,256,3,200.779671,293.062596,45.962285,45.962285,64
324,256,4,348.072832,353.177421,1.466529,1.466529,64
325,256,5,411.322519,515.670663,25.368935,25.368935,64
326,256,6,464.635839,575.785488,23.921884,23.921884,64
327,256,7,533.552845,695.164174,30.289657,30.289657,64
328,256,8,667.135666,814.542860,22.095535,22.095535,64
329,256,9,723.884682,885.323198,22.301690,22.301690,64
330,256,10,746.164481,956.103537,28.135761,28.135761,64
331,256,11,766.391655,1026.883875,33.989438,33.989438,64
332,256,12,836.347818,1097.664213,31.244942,31.244942,64
333,256,16,861.915787,1380.785565,60.199591,60.199591,64
334,256,20,2255.187710,1663.906918,-26.218695,26.218695,64
335,256,24,2537.221034,1947.028271,-23.261385,23.261385,64
336,256,32,3056.023598,2513.270976,-17.760093,17.760093,64
337,256,40,2854.578733,2513.270976,-11.956502,11.956502,64
338,256,48,2809.832573,2513.270976,-10.554422,10.554422,64
339,256,64,2963.952541,2513.270976,-15.205424,15.205424,64
340,256,96,2498.795509,2513.270976,0.579298,0.579298,64
341,256,128,3130.435228,2513.270976,-19.714966,19.714966,64
342,256,192,2640.340487,2513.270976,-4.812618,4.812618,64
343,256,256,2765.841881,2513.270976,-9.131791,9.131791,64
