group,index,block,stride,num_warps,target_ns,pred_ns,error_pct,abs_error_pct
simd_wide,0,8,1,,270.021600,271.372978,0.500470,0.500470
simd_wide,1,8,2,,349.527960,312.171704,-10.687630,10.687630
simd_wide,2,16,1,,265.521240,271.372978,2.203868,2.203868
simd_wide,3,16,2,,339.027120,312.171704,-7.921318,7.921318
simd_wide,4,24,1,,269.021520,271.372978,0.874078,0.874078
simd_wide,5,24,2,,287.523000,312.171704,8.572777,8.572777
simd_wide,6,32,1,,250.520040,271.372978,8.323860,8.323860
simd_wide,7,32,2,,288.523080,312.171704,8.196441,8.196441
simd_wide,8,48,1,,335.026800,271.372978,-18.999621,18.999621
simd_wide,9,48,2,,362.529000,312.171704,-13.890556,13.890556
simd_wide,10,64,1,,260.020800,271.372978,4.365873,4.365873
simd_wide,11,64,2,,263.521080,312.171704,18.461758,18.461758
simd_wide,12,96,1,,353.028240,358.059124,1.425065,1.425065
simd_wide,13,96,2,,397.531800,398.857850,0.333571,0.333571
simd_wide,14,128,1,,359.528760,360.315649,0.218867,0.218867
simd_wide,15,128,2,,400.532040,401.114375,0.145390,0.145390
simd_wide,16,192,1,,354.028320,364.828699,3.050710,3.050710
simd_wide,17,192,2,,402.532200,405.627425,0.768939,0.768939
simd_wide,18,256,1,,380.030400,369.341749,-2.812578,2.812578
simd_wide,19,256,2,,426.534120,410.140475,-3.843454,3.843454
simd_wide,20,384,1,,382.530600,378.367849,-1.088214,1.088214
simd_wide,21,384,2,,427.534200,419.166575,-1.957183,1.957183
simd_wide,22,512,1,,380.030400,387.393949,1.937621,1.937621
simd_wide,23,512,2,,420.533640,428.192675,1.821266,1.821266
simd_gather,0,8,3,,300.024000,389.927600,29.965470,29.965470
simd_gather,1,8,4,,355.028400,389.927600,9.829974,9.829974
simd_gather,2,8,5,,349.527960,389.927600,11.558343,11.558343
simd_gather,3,8,6,,362.028960,389.927600,7.706190,7.706190
simd_gather,4,8,7,,359.028720,389.927600,8.606242,8.606242
simd_gather,5,8,8,,301.024080,389.927600,29.533691,29.533691
simd_gather,6,8,9,,370.029600,389.927600,5.377408,5.377408
simd_gather,7,8,10,,345.527640,389.927600,12.849901,12.849901
simd_gather,8,8,11,,378.530280,389.927600,3.010940,3.010940
simd_gather,9,8,12,,365.529240,389.927600,6.674804,6.674804
simd_gather,10,8,13,,381.030480,389.927600,2.335015,2.335015
simd_gather,11,8,14,,324.525960,389.927600,20.152976,20.152976
simd_gather,12,8,15,,385.530840,389.927600,1.140443,1.140443
simd_gather,13,8,16,,285.022800,389.927600,36.805757,36.805757
simd_gather,14,8,17,,298.023840,389.927600,30.837721,30.837721
simd_gather,15,8,18,,278.022240,389.927600,40.250507,40.250507
simd_gather,16,8,19,,383.530680,389.927600,1.667903,1.667903
simd_gather,17,8,20,,370.029600,389.927600,5.377408,5.377408
simd_gather,18,8,21,,364.529160,389.927600,6.967465,6.967465
simd_gather,19,8,22,,372.029760,389.927600,4.810863,4.810863
simd_gather,20,8,23,,413.033040,389.927600,-5.594090,5.594090
simd_gather,21,8,24,,394.531560,389.927600,-1.166943,1.166943
simd_gather,22,8,25,,417.033360,389.927600,-6.499662,6.499662
simd_gather,23,8,26,,398.531880,389.927600,-2.158994,2.158994
simd_gather,24,8,27,,397.531800,389.927600,-1.912853,1.912853
simd_gather,25,8,28,,393.531480,389.927600,-0.915779,0.915779
simd_gather,26,8,29,,411.032880,389.927600,-5.134694,5.134694
simd_gather,27,8,30,,404.532360,389.927600,-3.610282,3.610282
simd_gather,28,8,31,,393.031440,389.927600,-0.789718,0.789718
simd_gather,29,8,32,,413.033040,389.927600,-5.594090,5.594090
simd_gather,30,8,40,,407.032560,389.927600,-4.202357,4.202357
simd_gather,31,8,48,,366.029280,389.927600,6.529073,6.529073
simd_gather,32,8,56,,376.030080,389.927600,3.695853,3.695853
simd_gather,33,8,64,,382.030560,389.927600,2.067123,2.067123
simd_gather,34,8,80,,399.031920,388.528269,-2.632283,2.632283
simd_gather,35,8,96,,380.030400,387.157070,1.875290,1.875290
simd_gather,36,8,112,,388.531080,385.814004,-0.699320,0.699320
simd_gather,37,8,128,,391.531320,384.499071,-1.796089,1.796089
simd_gather,38,8,160,,399.531960,385.333556,-3.553759,3.553759
simd_gather,39,8,192,,383.030640,384.004556,0.254266,0.254266
simd_gather,40,8,224,,385.030800,383.976423,-0.273842,0.273842
simd_gather,41,8,256,,287.022960,382.661489,33.320864,33.320864
simd_gather,42,16,3,,381.530520,408.758300,7.136462,7.136462
simd_gather,43,16,4,,352.028160,408.758300,16.115228,16.115228
simd_gather,44,16,5,,457.536600,408.758300,-10.661071,10.661071
simd_gather,45,16,6,,392.531400,408.758300,4.133911,4.133911
simd_gather,46,16,7,,378.530280,408.758300,7.985628,7.985628
simd_gather,47,16,8,,406.532520,408.758300,0.547504,0.547504
simd_gather,48,16,9,,401.032080,408.758300,1.926584,1.926584
simd_gather,49,16,10,,408.032640,408.758300,0.177844,0.177844
simd_gather,50,16,11,,435.534840,408.758300,-6.147967,6.147967
simd_gather,51,16,12,,376.030080,408.758300,8.703618,8.703618
simd_gather,52,16,13,,432.034560,408.758300,-5.387592,5.387592
simd_gather,53,16,14,,407.532600,408.758300,0.300761,0.300761
simd_gather,54,16,15,,416.533320,408.758300,-1.866602,1.866602
simd_gather,55,16,16,,429.034320,408.758300,-4.725967,4.725967
simd_gather,56,16,17,,392.531400,408.758300,4.133911,4.133911
simd_gather,57,16,18,,423.033840,408.758300,-3.374562,3.374562
simd_gather,58,16,19,,424.033920,408.758300,-3.602452,3.602452
simd_gather,59,16,20,,391.031280,408.758300,4.533402,4.533402
simd_gather,60,16,21,,430.034400,408.758300,-4.947534,4.947534
simd_gather,61,16,22,,376.530120,408.758300,8.559257,8.559257
simd_gather,62,16,23,,443.535480,408.758300,-7.840901,7.840901
simd_gather,63,16,24,,438.535080,408.758300,-6.790057,6.790057
simd_gather,64,16,25,,434.534760,408.758300,-5.931967,5.931967
simd_gather,65,16,26,,451.536120,408.758300,-9.473842,9.473842
simd_gather,66,16,27,,426.034080,408.758300,-4.055023,4.055023
simd_gather,67,16,28,,415.033200,408.758300,-1.511903,1.511903
simd_gather,68,16,29,,436.034880,408.758300,-6.255596,6.255596
simd_gather,69,16,30,,409.032720,408.758300,-0.067090,0.067090
simd_gather,70,16,31,,419.033520,408.758300,-2.452124,2.452124
simd_gather,71,16,32,,433.534680,408.758300,-5.714971,5.714971
simd_gather,72,16,40,,404.032320,404.307113,0.068013,0.068013
simd_gather,73,16,48,,419.033520,401.480318,-4.188973,4.188973
simd_gather,74,16,56,,399.531960,400.109120,0.144459,0.144459
simd_gather,75,16,64,,372.529800,397.451120,6.689752,6.689752
simd_gather,76,16,80,,425.034000,396.787810,-6.645631,6.645631
simd_gather,77,16,96,,379.030320,395.430677,4.326925,4.326925
simd_gather,78,16,112,,367.529400,394.017280,7.207010,7.207010
simd_gather,79,16,128,,368.529480,392.674213,6.551642,6.551642
simd_gather,80,16,160,,374.529960,393.466500,5.056081,5.056081
simd_gather,81,16,192,,400.532040,392.109367,-2.102871,2.102871
simd_gather,82,16,224,,363.029040,392.943852,8.240336,8.240336
simd_gather,83,16,256,,242.019360,391.600786,61.805562,61.805562
simd_gather,84,24,3,,447.035760,428.489242,-4.148777,4.148777
simd_gather,85,24,4,,401.032080,428.489242,6.846625,6.846625
simd_gather,86,24,5,,426.034080,428.489242,0.576283,0.576283
simd_gather,87,24,6,,372.529800,428.489242,15.021467,15.021467
simd_gather,88,24,7,,453.036240,428.489242,-5.418330,5.418330
simd_gather,89,24,8,,456.536520,428.489242,-6.143491,6.143491
simd_gather,90,24,9,,443.535480,428.489242,-3.392342,3.392342
simd_gather,91,24,10,,427.534200,428.489242,0.223384,0.223384
simd_gather,92,24,11,,460.036800,428.489242,-6.857616,6.857616
simd_gather,93,24,12,,466.037280,428.489242,-8.056874,8.056874
simd_gather,94,24,13,,424.033920,428.489242,1.050699,1.050699
simd_gather,95,24,14,,434.034720,428.489242,-1.277658,1.277658
simd_gather,96,24,15,,453.036240,428.489242,-5.418330,5.418330
simd_gather,97,24,16,,430.034400,428.489242,-0.359310,0.359310
simd_gather,98,24,17,,445.535640,428.489242,-3.826046,3.826046
simd_gather,99,24,18,,431.534520,428.489242,-0.705686,0.705686
simd_gather,100,24,19,,462.036960,428.489242,-7.260830,7.260830
simd_gather,101,24,20,,442.035360,428.489242,-3.064487,3.064487
simd_gather,102,24,21,,424.533960,428.489242,0.931676,0.931676
simd_gather,103,24,22,,427.534200,428.489242,0.223384,0.223384
simd_gather,104,24,23,,464.537160,426.864850,-8.109644,8.109644
simd_gather,105,24,24,,441.035280,425.268591,-3.574927,3.574927
simd_gather,106,24,25,,430.034400,423.700464,-1.472890,1.472890
simd_gather,107,24,26,,425.534040,422.160470,-0.792785,0.792785
simd_gather,108,24,27,,448.035840,420.648609,-6.112732,6.112732
simd_gather,109,24,28,,437.535000,420.648609,-3.859438,3.859438
simd_gather,110,24,29,,422.033760,419.164880,-0.679775,0.679775
simd_gather,111,24,30,,439.035120,419.164880,-4.525889,4.525889
simd_gather,112,24,31,,431.034480,417.709284,-3.091446,3.091446
simd_gather,113,24,32,,457.536600,416.281820,-9.016717,9.016717
simd_gather,114,24,40,,423.533880,412.168224,-2.683529,2.683529
simd_gather,115,24,48,,440.535240,410.133715,-6.901043,6.901043
simd_gather,116,24,56,,470.037600,408.551522,-13.081098,13.081098
simd_gather,117,24,64,,458.036640,405.851323,-11.393263,11.393263
simd_gather,118,24,80,,400.532040,404.255064,0.929520,0.929520
simd_gather,119,24,96,,417.033360,403.662085,-3.206284,3.206284
simd_gather,120,24,112,,468.537480,402.234621,-14.151026,14.151026
simd_gather,121,24,128,,413.033040,400.849356,-2.949808,2.949808
simd_gather,122,24,160,,412.032960,401.599444,-2.532204,2.532204
simd_gather,123,24,192,,406.532520,403.776995,-0.677812,0.677812
simd_gather,124,24,224,,413.033040,404.667745,-2.025333,2.025333
simd_gather,125,24,256,,380.530440,403.366877,6.001212,6.001212
simd_gather,126,32,3,,596.047680,449.120425,-24.650252,24.650252
simd_gather,127,32,4,,394.531560,449.120425,13.836375,13.836375
simd_gather,128,32,5,,512.040960,449.120425,-12.288184,12.288184
simd_gather,129,32,6,,492.039360,449.120425,-8.722663,8.722663
simd_gather,130,32,7,,477.538200,449.120425,-5.950890,5.950890
simd_gather,131,32,8,,486.038880,449.120425,-7.595782,7.595782
simd_gather,132,32,9,,472.037760,449.120425,-4.854979,4.854979
simd_gather,133,32,10,,445.535640,449.120425,0.804601,0.804601
simd_gather,134,32,11,,471.537720,449.120425,-4.754083,4.754083
simd_gather,135,32,12,,439.535160,449.120425,2.180773,2.180773
simd_gather,136,32,13,,420.533640,449.120425,6.797740,6.797740
simd_gather,137,32,14,,451.036080,449.120425,-0.424723,0.424723
simd_gather,138,32,15,,457.036560,449.120425,-1.732057,1.732057
simd_gather,139,32,16,,480.538440,449.120425,-6.538086,6.538086
simd_gather,140,32,17,,449.535960,447.383503,-0.478818,0.478818
simd_gather,141,32,18,,444.035520,443.994057,-0.009338,0.009338
simd_gather,142,32,19,,449.035920,440.717141,-1.852587,1.852587
simd_gather,143,32,20,,438.535080,439.120882,0.133582,0.133582
simd_gather,144,32,21,,447.035760,437.552755,-2.121308,2.121308
simd_gather,145,32,22,,462.036960,436.012761,-5.632493,5.632493
simd_gather,146,32,23,,452.536200,434.500900,-3.985383,3.985383
simd_gather,147,32,24,,455.036400,433.017171,-4.839004,4.839004
simd_gather,148,32,25,,465.037200,431.561574,-7.198483,7.198483
simd_gather,149,32,26,,447.035760,430.134111,-3.780827,3.780827
simd_gather,150,32,27,,442.035360,428.734779,-3.008940,3.008940
simd_gather,151,32,28,,435.034800,428.734779,-1.448165,1.448165
simd_gather,152,32,29,,441.035280,427.363581,-3.099911,3.099911
simd_gather,153,32,30,,439.035120,427.363581,-2.658452,2.658452
simd_gather,154,32,31,,443.535480,426.020515,-3.948943,3.948943
simd_gather,155,32,32,,432.534600,424.705581,-1.810033,1.810033
simd_gather,156,32,40,,433.034640,420.709090,-2.846320,2.846320
simd_gather,157,32,48,,449.535960,417.882295,-7.041409,7.041409
simd_gather,158,32,56,,382.530600,416.131306,8.783796,8.783796
simd_gather,159,32,64,,448.035840,413.374843,-7.736211,7.736211
simd_gather,160,32,80,,419.033520,412.599002,-1.535562,1.535562
simd_gather,161,32,96,,415.533240,411.059008,-1.076745,1.076745
simd_gather,162,32,112,,412.533000,410.466029,-0.501044,0.501044
simd_gather,163,32,128,,395.031600,409.024499,3.542223,3.542223
simd_gather,164,32,160,,443.535480,413.930381,-6.674798,6.674798
simd_gather,165,32,192,,393.031440,413.478065,5.202287,5.202287
simd_gather,166,32,224,,433.534680,413.011683,-4.733877,4.733877
simd_gather,167,32,256,,371.029680,412.531234,11.185508,11.185508
simd_gather,168,48,3,,535.042800,493.083516,-7.842229,7.842229
simd_gather,169,48,4,,577.046160,493.083516,-14.550421,14.550421
simd_gather,170,48,5,,551.544120,493.083516,-10.599443,10.599443
simd_gather,171,48,6,,536.042880,493.083516,-8.014165,8.014165
simd_gather,172,48,7,,528.042240,493.083516,-6.620441,6.620441
simd_gather,173,48,8,,524.041920,493.083516,-5.907620,5.907620
simd_gather,174,48,9,,503.040240,493.083516,-1.979310,1.979310
simd_gather,175,48,10,,501.040080,493.083516,-1.588009,1.588009
simd_gather,176,48,11,,473.537880,491.121534,3.713252,3.713252
simd_gather,177,48,12,,487.539000,483.554930,-0.817180,0.817180
simd_gather,178,48,13,,271.021680,478.175369,76.434361,76.434361
simd_gather,179,48,14,,484.038720,473.049001,-2.270421,2.270421
simd_gather,180,48,15,,483.538680,469.772085,-2.847051,2.847051
simd_gather,181,48,16,,473.037840,465.067706,-1.684883,1.684883
simd_gather,182,48,17,,522.541800,463.555844,-11.288275,11.288275
simd_gather,183,48,18,,459.536760,460.616519,0.234967,0.234967
simd_gather,184,48,19,,463.037040,457.789724,-1.133239,1.133239
simd_gather,185,48,20,,446.535720,456.418525,2.213217,2.213217
simd_gather,186,48,21,,483.538680,455.075459,-5.886441,5.886441
simd_gather,187,48,22,,477.038160,454.313685,-4.763660,4.763660
simd_gather,188,48,23,,467.537400,452.422034,-3.232975,3.232975
simd_gather,189,48,24,,479.538360,450.614781,-6.031547,6.031547
simd_gather,190,48,25,,450.536040,448.891925,-0.364924,0.364924
simd_gather,191,48,26,,486.038880,447.408196,-7.948065,7.948065
simd_gather,192,48,27,,463.537080,445.811937,-3.823889,3.823889
simd_gather,193,48,28,,464.037120,445.699407,-3.951777,3.951777
simd_gather,194,48,29,,477.038160,444.300075,-6.862781,6.862781
simd_gather,195,48,30,,458.036640,444.229744,-3.014365,3.014365
simd_gather,196,48,31,,449.035920,442.872612,-1.372565,1.372565
simd_gather,197,48,32,,455.536440,441.529545,-3.074813,3.074813
simd_gather,198,48,40,,475.538040,436.360979,-8.238471,8.238471
simd_gather,199,48,48,,451.036080,433.932614,-3.792039,3.792039
simd_gather,200,48,56,,475.038000,432.209758,-9.015751,9.015751
simd_gather,201,48,64,,418.533480,429.298566,2.572097,2.572097
simd_gather,202,48,80,,478.538280,428.283598,-10.501706,10.501706
simd_gather,203,48,96,,452.036160,434.490348,-3.881506,3.881506
simd_gather,204,48,112,,415.033200,434.108363,4.596057,4.596057
simd_gather,205,48,128,,402.532200,431.478496,7.191051,7.191051
simd_gather,206,48,160,,474.037920,431.790333,-8.912280,8.912280
simd_gather,207,48,192,,436.534920,433.967884,-0.588048,0.588048
simd_gather,208,48,224,,484.038720,434.406318,-10.253808,10.253808
simd_gather,209,48,256,,416.533320,433.911803,4.172171,4.172171
simd_gather,210,64,3,,687.555000,540.647575,-21.366643,21.366643
simd_gather,211,64,4,,631.550520,540.647575,-14.393614,14.393614
simd_gather,212,64,5,,562.545000,540.647575,-3.892564,3.892564
simd_gather,213,64,6,,578.546280,540.647575,-6.550678,6.550678
simd_gather,214,64,7,,522.041760,540.647575,3.564047,3.564047
simd_gather,215,64,8,,543.543480,540.647575,-0.532783,0.532783
simd_gather,216,64,9,,515.041200,525.929059,2.113978,2.113978
simd_gather,217,64,10,,489.039120,516.259810,5.566158,5.566158
simd_gather,218,64,11,,486.538920,507.293875,4.265837,4.265837
simd_gather,219,64,12,,493.539480,500.627513,1.436163,1.436163
simd_gather,220,64,13,,499.039920,495.923134,-0.624557,0.624557
simd_gather,221,64,14,,461.036880,491.471947,6.601439,6.601439
simd_gather,222,64,15,,489.039120,488.645152,-0.080560,0.080560
simd_gather,223,64,16,,510.540840,484.615953,-5.077926,5.077926
simd_gather,224,64,17,,477.538200,482.939871,1.131150,1.131150
simd_gather,225,64,18,,497.539800,478.959641,-3.734407,3.734407
simd_gather,226,64,19,,460.536840,475.542063,3.258202,3.258202
simd_gather,227,64,20,,499.039920,473.805141,-5.056665,5.056665
simd_gather,228,64,21,,475.038000,472.011954,-0.637011,0.637011
simd_gather,229,64,22,,477.038160,470.486026,-1.373503,1.373503
simd_gather,230,64,23,,483.038640,469.044496,-2.897107,2.897107
simd_gather,231,64,24,,461.036880,467.687363,1.442506,1.442506
simd_gather,232,64,25,,480.038400,465.823845,-2.961129,2.961129
simd_gather,233,64,26,,468.537480,464.030658,-0.961891,0.961891
simd_gather,234,64,27,,468.537480,462.139007,-1.365627,1.365627
simd_gather,235,64,28,,466.037280,461.843615,-0.899856,0.899856
simd_gather,236,64,29,,467.537400,460.317688,-1.544200,1.544200
simd_gather,237,64,30,,473.537880,460.233290,-2.809615,2.809615
simd_gather,238,64,31,,465.037200,458.819892,-1.336948,1.336948
simd_gather,239,64,32,,459.536760,457.476826,-0.448263,0.448263
simd_gather,240,64,40,,488.039040,453.016148,-7.176248,7.176248
simd_gather,241,64,48,,465.537240,449.457906,-3.453931,3.453931
simd_gather,242,64,56,,493.539480,448.344475,-9.157323,9.157323
simd_gather,243,64,64,,460.036800,445.222288,-3.220288,3.220288
simd_gather,244,64,80,,525.542040,452.997164,-13.803820,13.803820
simd_gather,245,64,96,,462.537000,451.314312,-2.426333,2.426333
simd_gather,246,64,112,,447.035760,450.693201,0.818154,0.818154
simd_gather,247,64,128,,492.039360,448.729023,-8.802210,8.802210
simd_gather,248,64,160,,496.039680,453.224788,-8.631344,8.631344
simd_gather,249,64,192,,489.539160,452.235758,-7.620106,7.620106
simd_gather,250,64,224,,456.536520,456.689324,0.033470,0.033470
simd_gather,251,64,256,,397.531800,455.742493,14.643028,14.643028
simd_gather,252,96,3,,871.069680,646.578592,-25.771886,25.771886
simd_gather,253,96,4,,706.556520,646.578592,-8.488766,8.488766
simd_gather,254,96,5,,637.551000,646.578592,1.415980,1.415980
simd_gather,255,96,6,,626.050080,621.472921,-0.731117,0.731117
simd_gather,256,96,7,,585.546840,595.059613,1.624596,1.624596
simd_gather,257,96,8,,580.046400,576.143103,-0.672928,0.672928
simd_gather,258,96,9,,537.042960,564.575434,5.126680,5.126680
simd_gather,259,96,10,,544.043520,557.156789,2.410335,2.410335
simd_gather,260,96,11,,539.543160,549.995912,1.937334,1.937334
simd_gather,261,96,12,,510.540840,540.403764,5.849272,5.849272
simd_gather,262,96,13,,539.043120,533.772305,-0.977810,0.977810
simd_gather,263,96,14,,531.042480,528.547473,-0.469832,0.469832
simd_gather,264,96,15,,506.540520,525.158027,3.675423,3.675423
simd_gather,265,96,16,,522.541800,520.988165,-0.297323,0.297323
simd_gather,266,96,17,,505.040400,517.675821,2.501863,2.501863
simd_gather,267,96,18,,531.542520,513.526795,-3.389329,3.389329
simd_gather,268,96,19,,516.041280,509.841958,-1.201323,1.201323
simd_gather,269,96,20,,514.541160,508.020638,-1.267250,1.267250
simd_gather,270,96,21,,506.040480,506.522843,0.095321,0.095321
simd_gather,271,96,22,,515.541240,505.423478,-1.962551,1.962551
simd_gather,272,96,23,,511.040880,503.053574,-1.562949,1.562949
simd_gather,273,96,24,,520.041600,500.964995,-3.668284,3.668284
simd_gather,274,96,25,,515.541240,499.157741,-3.177922,3.177922
simd_gather,275,96,26,,507.540600,497.659946,-1.946771,1.946771
simd_gather,276,96,27,,516.041280,496.049621,-3.874043,3.874043
simd_gather,277,96,28,,492.539400,495.374440,0.575597,0.575597
simd_gather,278,96,29,,520.541640,493.539054,-5.187402,5.187402
simd_gather,279,96,30,,606.548520,493.159264,-18.694177,18.694177
simd_gather,280,96,31,,530.042400,491.633337,-7.246413,7.246413
simd_gather,281,96,32,,505.540440,490.248072,-3.024955,3.024955
simd_gather,282,96,40,,514.041120,484.816820,-5.685207,5.685207
simd_gather,283,96,48,,525.042000,496.466166,-5.442581,5.442581
simd_gather,284,96,56,,575.046000,494.966175,-13.925812,13.925812
simd_gather,285,96,64,,506.040480,491.077639,-2.956847,2.956847
simd_gather,286,96,80,,503.540280,489.554091,-2.777571,2.777571
simd_gather,287,96,96,,486.038880,493.116907,1.456268,1.456268
simd_gather,288,96,112,,519.041520,492.212275,-5.168998,5.168998
simd_gather,289,96,128,,504.040320,490.234031,-2.739124,2.739124
simd_gather,290,96,160,,511.040880,494.291546,-3.277494,3.277494
simd_gather,291,96,192,,555.544440,498.194332,-10.323226,10.323226
simd_gather,292,96,224,,512.040960,500.782184,-2.198804,2.198804
simd_gather,293,96,256,,517.041360,500.754235,-3.150062,3.150062
simd_gather,294,128,3,,904.072320,766.913476,-15.171225,15.171225
simd_gather,295,128,4,,779.062320,766.913476,-1.559419,1.559419
simd_gather,296,128,5,,664.053120,698.171131,5.137844,5.137844
simd_gather,297,128,6,,642.051360,661.469658,3.024415,3.024415
simd_gather,298,128,7,,595.547640,640.457800,7.540985,7.540985
simd_gather,299,128,8,,588.047040,626.042499,6.461296,6.461296
simd_gather,300,128,9,,581.546520,607.277470,4.424573,4.424573
simd_gather,301,128,10,,561.544920,595.399816,6.028885,6.028885
simd_gather,302,128,11,,574.045920,586.391682,2.150658,2.150658
simd_gather,303,128,12,,539.543160,580.400501,7.572581,7.572581
simd_gather,304,128,13,,544.543560,571.856028,5.015663,5.015663
simd_gather,305,128,14,,560.044800,564.830713,0.854559,0.854559
simd_gather,306,128,15,,557.044560,560.850483,0.683235,0.683235
simd_gather,307,128,16,,538.543080,556.483694,3.331324,3.331324
simd_gather,308,128,17,,551.544120,553.344719,0.326465,0.326465
simd_gather,309,128,18,,551.044080,548.886236,-0.391592,0.391592
simd_gather,310,128,19,,539.543160,545.370193,1.079994,1.079994
simd_gather,311,128,20,,542.043360,543.802066,0.324459,0.324459
simd_gather,312,128,21,,605.048400,540.644451,-10.644429,10.644429
simd_gather,313,128,22,,548.543880,538.260480,-1.874672,1.874672
simd_gather,314,128,23,,545.543640,536.298498,-1.694666,1.694666
simd_gather,315,128,24,,525.542040,534.758504,1.753706,1.753706
simd_gather,316,128,25,,526.042080,533.040223,1.330339,1.330339
simd_gather,317,128,26,,534.542760,530.993843,-0.663916,0.663916
simd_gather,318,128,27,,547.543800,529.130324,-3.362923,3.362923
simd_gather,319,128,28,,529.042320,528.989661,-0.009954,0.009954
simd_gather,320,128,29,,538.043040,526.788552,-2.091745,2.091745
simd_gather,321,128,30,,527.542200,526.141504,-0.265514,0.265514
simd_gather,322,128,31,,525.042000,524.460847,-0.110687,0.110687
simd_gather,323,128,32,,518.041440,523.019317,0.960903,0.960903
simd_gather,324,128,40,,617.549400,538.606693,-12.783221,12.783221
simd_gather,325,128,48,,592.547400,534.139245,-9.857128,9.857128
simd_gather,326,128,56,,542.543400,530.353748,-2.246761,2.246761
simd_gather,327,128,64,,555.044400,526.526052,-5.138030,5.138030
simd_gather,328,128,80,,592.547400,534.017407,-9.877690,9.877690
simd_gather,329,128,96,,555.544440,530.032787,-4.592189,4.592189
simd_gather,330,128,112,,539.043120,535.984148,-0.567482,0.567482
simd_gather,331,128,128,,573.045840,533.539522,-6.894094,6.894094
simd_gather,332,128,160,,583.546680,537.046256,-7.968587,7.968587
simd_gather,333,128,192,,568.545480,540.552991,-4.923527,4.923527
simd_gather,334,128,224,,573.545880,544.059726,-5.141028,5.141028
simd_gather,335,128,256,,550.044000,547.566461,-0.450426,0.450426
simd_gather,336,192,3,,951.076080,972.964633,2.301451,2.301451
simd_gather,337,192,4,,788.563080,852.308400,8.083731,8.083731
simd_gather,338,192,5,,719.557560,806.072097,12.023296,12.023296
simd_gather,339,192,6,,683.054640,760.443113,11.329763,11.329763
simd_gather,340,192,7,,661.552920,729.134741,10.215633,10.215633
simd_gather,341,192,8,,646.551720,712.314106,10.171249,10.171249
simd_gather,342,192,9,,624.549960,688.438445,10.229523,10.229523
simd_gather,343,192,10,,601.548120,676.040338,12.383418,12.383418
simd_gather,344,192,11,,618.049440,666.319399,7.810048,7.810048
simd_gather,345,192,12,,598.547880,653.970261,9.259473,9.259473
simd_gather,346,192,13,,586.046880,647.577928,10.499339,10.499339
simd_gather,347,192,14,,612.048960,639.328847,4.457141,4.457141
simd_gather,348,192,15,,613.049040,633.280874,3.300198,3.300198
simd_gather,349,192,16,,587.547000,628.351434,6.944880,6.944880
simd_gather,350,192,17,,595.047600,623.974627,4.861296,4.861296
simd_gather,351,192,18,,597.047760,619.502078,3.760891,3.760891
simd_gather,352,192,19,,571.545720,615.465583,7.684401,7.684401
simd_gather,353,192,20,,560.544840,611.787515,9.141583,9.141583
simd_gather,354,192,21,,595.547640,609.403544,2.326582,2.326582
simd_gather,355,192,22,,657.552600,615.610293,-6.378548,6.378548
simd_gather,356,192,23,,584.046720,625.672872,7.127195,7.127195
simd_gather,357,192,24,,573.545880,636.523161,10.980339,10.980339
simd_gather,358,192,25,,596.547720,635.180095,6.475991,6.475991
simd_gather,359,192,26,,654.552360,633.014415,-3.290485,3.290485
simd_gather,360,192,27,,590.547240,631.683220,6.965739,6.965739
simd_gather,361,192,28,,616.049280,630.058828,2.274095,2.274095
simd_gather,362,192,29,,632.050560,629.053352,-0.474204,0.474204
simd_gather,363,192,30,,564.545160,627.780618,11.201134,11.201134
simd_gather,364,192,31,,615.549240,626.156226,1.723174,1.723174
simd_gather,365,192,32,,561.044880,623.779552,11.181756,11.181756
simd_gather,366,192,40,,601.548120,615.111388,2.254727,2.254727
simd_gather,367,192,48,,647.051760,624.018336,-3.559750,3.559750
simd_gather,368,192,56,,625.550040,620.329107,-0.834615,0.834615
simd_gather,369,192,64,,617.549400,615.031749,-0.407684,0.407684
simd_gather,370,192,80,,622.549800,620.657390,-0.303977,0.303977
simd_gather,371,192,96,,611.548920,624.630508,2.139091,2.139091
simd_gather,372,192,112,,621.549720,628.364498,1.096417,1.096417
simd_gather,373,192,128,,625.050000,625.551953,0.080306,0.080306
simd_gather,374,192,160,,605.548440,633.554453,4.624901,4.624901
simd_gather,375,192,192,,582.046560,636.072158,9.282006,9.282006
simd_gather,376,192,224,,683.054640,644.032459,-5.712893,5.712893
simd_gather,377,192,256,,604.548360,646.592363,6.954614,6.954614
simd_gather,378,256,3,,979.078320,1077.264633,10.028443,10.028443
simd_gather,379,256,4,,842.567400,995.318793,18.129279,18.129279
simd_gather,380,256,5,,757.060560,899.292446,18.787385,18.787385
simd_gather,381,256,6,,733.058640,864.743113,17.963702,17.963702
simd_gather,382,256,7,,699.555960,818.074366,16.941948,16.941948
simd_gather,383,256,8,,704.056320,797.709030,13.301878,13.301878
simd_gather,384,256,9,,703.556280,771.165351,9.609618,9.609618
simd_gather,385,256,10,,683.054640,759.934745,11.255338,11.255338
simd_gather,386,256,11,,661.552920,741.333411,12.059578,12.059578
simd_gather,387,256,12,,682.054560,732.866565,7.449845,7.449845
simd_gather,388,256,13,,668.053440,721.400881,7.985505,7.985505
simd_gather,389,256,14,,621.049680,714.966349,15.122247,15.122247
simd_gather,390,256,15,,664.553160,705.936326,6.227217,6.227217
simd_gather,391,256,16,,632.550600,700.219175,10.697733,10.697733
simd_gather,392,256,17,,695.555640,720.883424,3.641374,3.641374
simd_gather,393,256,18,,712.056960,738.653268,3.735138,3.735138
simd_gather,394,256,19,,719.557560,734.624070,2.093858,2.093858
simd_gather,395,256,20,,658.052640,734.258873,11.580568,11.580568
simd_gather,396,256,21,,696.055680,730.135786,4.896175,4.896175
simd_gather,397,256,22,,659.052720,728.434293,10.527469,10.527469
simd_gather,398,256,23,,736.058880,724.805720,-1.528840,1.528840
simd_gather,399,256,24,,649.051920,722.794769,11.361626,11.361626
simd_gather,400,256,25,,627.050160,721.048355,14.990538,14.990538
simd_gather,401,256,26,,682.054560,718.404422,5.329465,5.329465
simd_gather,402,256,27,,694.055520,714.410126,2.932706,2.932706
simd_gather,403,256,28,,687.555000,712.785734,3.669631,3.669631
simd_gather,404,256,29,,649.051920,711.039320,9.550453,9.550453
simd_gather,405,256,30,,714.057120,709.443061,-0.646175,0.646175
simd_gather,406,256,31,,660.052800,706.763699,7.076843,7.076843
simd_gather,407,256,32,,764.061120,703.725910,-7.896647,7.896647
simd_gather,408,256,40,,722.057760,716.976615,-0.703703,0.703703
simd_gather,409,256,48,,691.055280,707.232644,2.340965,2.340965
simd_gather,410,256,56,,689.055120,716.517187,3.985467,3.985467
simd_gather,411,256,64,,718.557480,710.739379,-1.088027,1.088027
simd_gather,412,256,80,,692.555400,714.246114,3.131983,3.131983
simd_gather,413,256,96,,690.555240,717.752849,3.938513,3.938513
simd_gather,414,256,112,,748.059840,721.259584,-3.582635,3.582635
simd_gather,415,256,128,,756.560520,724.766319,-4.202466,4.202466
simd_gather,416,256,160,,705.556440,731.779789,3.716690,3.716690
simd_gather,417,256,192,,783.562680,738.793258,-5.713572,5.713572
simd_gather,418,256,224,,705.056400,745.806728,5.779726,5.779726
simd_gather,419,256,256,,782.562600,752.820198,-3.800642,3.800642
simd_gather,420,384,3,,1641.131280,1358.563724,-17.217852,17.217852
simd_gather,421,384,4,,1379.110320,1224.600793,-11.203565,11.203565
simd_gather,422,384,5,,1248.599880,1109.411603,-11.147549,11.147549
simd_gather,423,384,6,,1121.589720,1043.217722,-6.987582,6.987582
simd_gather,424,384,7,,1105.588440,1000.248406,-9.527961,9.527961
simd_gather,425,384,8,,1081.086480,969.375562,-10.333208,10.333208
simd_gather,426,384,9,,1093.087440,937.810222,-14.205379,14.205379
simd_gather,427,384,10,,1014.581160,915.692318,-9.746765,9.746765
simd_gather,428,384,11,,1114.589160,920.927968,-17.375119,17.375119
simd_gather,429,384,12,,992.579400,966.249436,-2.652681,2.652681
simd_gather,430,384,13,,1018.581480,960.061854,-5.745208,5.745208
simd_gather,431,384,14,,969.077520,955.784564,-1.371712,1.371712
simd_gather,432,384,15,,986.078880,949.603751,-3.699007,3.699007
simd_gather,433,384,16,,964.077120,943.197879,-2.165723,2.165723
simd_gather,434,384,17,,1059.584760,938.434512,-11.433748,11.433748
simd_gather,435,384,18,,986.578920,929.018456,-5.834350,5.834350
simd_gather,436,384,19,,1008.080640,923.741934,-8.366266,8.366266
simd_gather,437,384,20,,1029.582360,919.213119,-10.719807,10.719807
simd_gather,438,384,21,,1047.083760,912.574363,-12.846097,12.846097
simd_gather,439,384,22,,1016.581320,924.448769,-9.062979,9.062979
simd_gather,440,384,23,,999.079920,938.379047,-6.075677,6.075677
simd_gather,441,384,24,,1030.082400,936.234729,-9.110695,9.110695
simd_gather,442,384,25,,1016.081280,936.021540,-7.879265,7.879265
simd_gather,443,384,26,,986.578920,931.851679,-5.547173,5.547173
simd_gather,444,384,27,,998.079840,928.713230,-6.950006,6.950006
simd_gather,445,384,28,,970.577640,925.816104,-4.611845,4.611845
simd_gather,446,384,29,,986.078880,921.948404,-6.503585,6.503585
simd_gather,447,384,30,,985.578840,920.314521,-6.621928,6.621928
simd_gather,448,384,31,,993.579480,918.043080,-7.602452,7.602452
simd_gather,449,384,32,,1002.580200,913.240237,-8.911004,8.911004
simd_gather,450,384,40,,1049.583960,922.775777,-12.081757,12.081757
simd_gather,451,384,48,,1015.081200,927.866900,-8.591855,8.591855
simd_gather,452,384,56,,1037.583000,931.038239,-10.268553,10.268553
simd_gather,453,384,64,,986.078880,923.760441,-6.319823,6.319823
simd_gather,454,384,80,,987.078960,934.758531,-5.300531,5.300531
simd_gather,455,384,96,,967.577400,934.280646,-3.441250,3.441250
simd_gather,456,384,112,,963.577080,943.738742,-2.058822,2.058822
simd_gather,457,384,128,,917.073360,944.800851,3.023476,3.023476
simd_gather,458,384,160,,996.579720,955.321055,-4.140027,4.140027
simd_gather,459,384,192,,1031.082480,965.841260,-6.327449,6.327449
simd_gather,460,384,224,,1014.581160,976.361464,-3.767042,3.767042
simd_gather,461,384,256,,1019.581560,986.881669,-3.207187,3.207187
simd_gather,462,512,3,,1783.642680,1662.589343,-6.786860,6.786860
simd_gather,463,512,4,,1450.616040,1453.006109,0.164762,0.164762
simd_gather,464,512,5,,1374.609960,1329.184800,-3.304585,3.304585
simd_gather,465,512,6,,1299.103920,1245.614493,-4.117409,4.117409
simd_gather,466,512,7,,1222.597800,1186.979920,-2.913295,2.913295
simd_gather,467,512,8,,1146.591720,1141.042093,-0.484011,0.484011
simd_gather,468,512,9,,1201.596120,1224.960207,1.944421,1.944421
simd_gather,469,512,10,,1172.093760,1220.461631,4.126621,4.126621
simd_gather,470,512,11,,1136.090880,1210.235359,6.526281,6.526281
simd_gather,471,512,12,,1110.588840,1196.832304,7.765562,7.765562
simd_gather,472,512,13,,1137.090960,1184.502333,4.169532,4.169532
simd_gather,473,512,14,,1116.089280,1170.873691,4.908605,4.908605
simd_gather,474,512,15,,1080.586440,1157.819044,7.147286,7.147286
simd_gather,475,512,16,,1150.592040,1144.548828,-0.525226,0.525226
simd_gather,476,512,17,,1128.090240,1188.151489,5.324153,5.324153
simd_gather,477,512,18,,1132.590600,1181.014696,4.275516,4.275516
simd_gather,478,512,19,,1147.591800,1177.799147,2.632238,2.632238
simd_gather,479,512,20,,1145.091600,1174.051274,2.529027,2.529027
simd_gather,480,512,21,,1131.090480,1168.816950,3.335407,3.335407
simd_gather,481,512,22,,1149.091920,1161.728600,1.099710,1.099710
simd_gather,482,512,23,,1129.590360,1157.218426,2.445848,2.445848
simd_gather,483,512,24,,1122.089760,1148.055563,2.314058,2.314058
simd_gather,484,512,25,,1159.092720,1176.658909,1.515512,1.515512
simd_gather,485,512,26,,1157.592600,1172.426013,1.281402,1.281402
simd_gather,486,512,27,,1109.088720,1170.019011,5.493726,5.493726
simd_gather,487,512,28,,1131.090480,1167.642337,3.231559,3.231559
simd_gather,488,512,29,,1170.093600,1163.884972,-0.530610,0.530610
simd_gather,489,512,30,,1152.592200,1160.129803,0.653970,0.653970
simd_gather,490,512,31,,1181.594520,1158.298991,-1.971533,1.971533
simd_gather,491,512,32,,1164.593160,1151.562298,-1.118920,1.118920
simd_gather,492,512,40,,1114.089120,1155.069033,3.678333,3.678333
simd_gather,493,512,48,,1145.091600,1158.575768,1.177562,1.177562
simd_gather,494,512,56,,1177.094160,1162.082503,-1.275315,1.275315
simd_gather,495,512,64,,1118.089440,1165.589238,4.248300,4.248300
simd_gather,496,512,80,,1168.093440,1172.602707,0.386037,0.386037
simd_gather,497,512,96,,1180.594440,1179.616177,-0.082862,0.082862
simd_gather,498,512,112,,1139.091120,1186.629647,4.173373,4.173373
simd_gather,499,512,128,,1155.092400,1193.643117,3.337457,3.337457
simd_gather,500,512,160,,1192.595400,1207.670056,1.264021,1.264021
simd_gather,501,512,192,,1143.091440,1221.696996,6.876576,6.876576
simd_gather,502,512,224,,1163.093040,1235.723935,6.244633,6.244633
simd_gather,503,512,256,,1167.593400,1249.750875,7.036480,7.036480
simt,0,32,1,1,132.766167,118.792916,-10.524708,10.524708
simt,1,32,4,1,180.551827,137.017296,-24.111930,24.111930
simt,2,32,8,1,199.909334,161.316471,-19.305184,19.305184
simt,3,32,16,1,209.977493,209.914819,-0.029848,0.029848
simt,4,32,32,1,392.788157,307.111515,-21.812430,21.812430
simt,5,32,64,1,477.195327,307.111515,-35.642389,35.642389
simt,6,32,128,1,502.909511,307.111515,-38.933047,38.933047
simt,7,32,256,1,472.667158,307.111515,-35.025840,35.025840
simt,8,64,1,1,149.535830,124.867709,-16.496461,16.496461
simt,9,64,4,1,195.860510,161.316471,-17.637062,17.637062
simt,10,64,8,1,210.005671,209.914819,-0.043262,0.043262
simt,11,64,16,1,389.374157,307.111515,-21.126888,21.126888
simt,12,64,32,1,526.294649,501.504907,-4.710240,4.710240
simt,13,64,64,1,585.287869,501.504907,-14.314830,14.314830
simt,14,64,128,1,545.175135,501.504907,-8.010312,8.010312
simt,15,64,256,1,477.155834,501.504907,5.102960,5.102960
simt,16,128,1,1,184.825674,137.017296,-25.866740,25.866740
simt,17,128,4,1,206.206505,209.914819,1.798349,1.798349
simt,18,128,8,1,396.898821,307.111515,-22.622215,22.622215
simt,19,128,16,1,531.050990,501.504907,-5.563700,5.563700
simt,20,128,32,1,683.205664,501.504907,-26.595324,26.595324
simt,21,128,64,1,677.634140,501.504907,-25.991789,25.991789
simt,22,128,128,1,570.110530,501.504907,-12.033741,12.033741
simt,23,128,256,1,516.833653,501.504907,-2.965895,2.965895
simt,24,256,1,1,202.456171,161.316471,-20.320300,20.320300
simt,25,256,4,1,594.055682,307.111515,-48.302571,48.302571
simt,26,256,8,1,912.131031,501.504907,-45.018326,45.018326
simt,27,256,16,1,1102.960507,501.504907,-54.531019,54.531019
simt,28,256,32,1,1232.355336,501.504907,-59.305170,59.305170
simt,29,256,64,1,757.783691,501.504907,-33.819517,33.819517
simt,30,256,128,1,666.088820,501.504907,-24.709004,24.709004
simt,31,256,256,1,610.785484,501.504907,-17.891810,17.891810
simt,32,32,1,2,134.727006,118.998567,-11.674303,11.674303
simt,33,32,4,2,173.467840,137.839902,-20.538642,20.538642
simt,34,32,8,2,201.905002,162.961681,-19.287943,19.287943
simt,35,32,16,2,208.418171,213.205240,2.296858,2.296858
simt,36,32,32,2,392.278492,313.692359,-20.033251,20.033251
simt,37,32,64,2,476.583178,328.317847,-31.110064,31.110064
simt,38,32,128,2,507.587979,328.317847,-35.318041,35.318041
simt,39,32,256,2,470.165854,328.317847,-30.169781,30.169781
simt,40,64,1,2,132.680158,124.867709,-5.888181,5.888181
simt,41,64,4,2,178.926329,161.316471,-9.841960,9.841960
simt,42,64,8,2,197.154159,209.914819,6.472427,6.472427
simt,43,64,16,2,369.748672,307.111515,-16.940468,16.940468
simt,44,64,32,2,483.821174,501.504907,3.655014,3.655014
simt,45,64,64,2,542.044659,501.504907,-7.479043,7.479043
simt,46,64,128,2,501.328846,501.504907,0.035119,0.035119
simt,47,64,256,2,475.531836,501.504907,5.461899,5.461899
simt,48,128,1,2,147.598997,137.017296,-7.169222,7.169222
simt,49,128,4,2,186.043670,209.914819,12.830939,12.830939
simt,50,128,8,2,365.025178,307.111515,-15.865663,15.865663
simt,51,128,16,2,482.925147,501.504907,3.847338,3.847338
simt,52,128,32,2,592.605869,501.504907,-15.372943,15.372943
simt,53,128,64,2,580.582132,501.504907,-13.620334,13.620334
simt,54,128,128,2,516.226182,501.504907,-2.851710,2.851710
simt,55,128,256,2,479.107156,501.504907,4.674894,4.674894
simt,56,256,1,2,184.913168,161.316471,-12.760961,12.760961
simt,57,256,4,2,331.999019,307.111515,-7.496258,7.496258
simt,58,256,8,2,486.504336,501.504907,3.083338,3.083338
simt,59,256,16,2,596.150845,501.504907,-15.876173,15.876173
simt,60,256,32,2,714.110176,501.504907,-29.772054,29.772054
simt,61,256,64,2,609.405309,501.504907,-17.705852,17.705852
simt,62,256,128,2,553.029845,501.504907,-9.316846,9.316846
simt,63,256,256,2,515.850147,501.504907,-2.780893,2.780893
simt,64,32,1,4,130.521173,119.409870,-8.513027,8.513027
simt,65,32,4,4,179.302668,139.485113,-22.206895,22.206895
simt,66,32,8,4,197.739169,166.252103,-15.923535,15.923535
simt,67,32,16,4,242.364337,219.786084,-9.315831,9.315831
simt,68,32,32,4,391.974653,326.854046,-16.613474,16.613474
simt,69,32,64,4,477.561682,370.730511,-22.370131,22.370131
simt,70,32,128,4,516.911507,370.730511,-28.279695,28.279695
simt,71,32,256,4,479.689151,370.730511,-22.714427,22.714427
simt,72,64,1,4,132.416839,125.279012,-5.390423,5.390423
simt,73,64,4,4,179.187670,162.961681,-9.055304,9.055304
simt,74,64,8,4,201.376840,213.205240,5.873764,5.873764
simt,75,64,16,4,363.212511,313.692359,-13.633934,13.633934
simt,76,64,32,4,541.196634,529.292083,-2.199672,2.199672
simt,77,64,64,4,530.845662,529.292083,-0.292661,0.292661
simt,78,64,128,4,509.527157,529.292083,3.879072,3.879072
simt,79,64,256,4,413.203667,529.292083,28.094721,28.094721
simt,80,128,1,4,132.173002,137.017296,3.665117,3.665117
simt,81,128,4,4,183.395500,209.914819,14.460180,14.460180
simt,82,128,8,4,351.120015,307.111515,-12.533749,12.533749
simt,83,128,16,4,477.402647,501.504907,5.048623,5.048623
simt,84,128,32,4,552.796175,501.504907,-9.278514,9.278514
simt,85,128,64,4,549.445033,501.504907,-8.725190,8.725190
simt,86,128,128,4,493.782490,501.504907,1.563931,1.563931
simt,87,128,256,4,476.278509,501.504907,5.296565,5.296565
simt,88,256,1,4,148.547505,161.316471,8.595880,8.595880
simt,89,256,4,4,331.980010,307.111515,-7.490962,7.490962
simt,90,256,8,4,458.875348,501.504907,9.290009,9.290009
simt,91,256,16,4,551.480015,501.504907,-9.061998,9.061998
simt,92,256,32,4,643.807511,501.504907,-22.103284,22.103284
simt,93,256,64,4,552.190473,501.504907,-9.179000,9.179000
simt,94,256,128,4,527.135005,501.504907,-4.862151,4.862151
simt,95,256,256,4,479.284659,501.504907,4.636128,4.636128
simt,96,32,1,8,133.445993,120.232476,-9.901772,9.901772
simt,97,32,4,8,177.873835,142.775535,-19.732132,19.732132
simt,98,32,8,8,199.991008,172.832947,-13.579641,13.579641
simt,99,32,16,8,214.390491,232.947772,8.655832,8.655832
simt,100,32,32,8,402.336150,353.177421,-12.218323,12.218323
simt,101,32,64,8,480.980014,455.555839,-5.285911,5.285911
simt,102,32,128,8,512.831499,455.555839,-11.168515,11.168515
simt,103,32,256,8,464.027325,455.555839,-1.825644,1.825644
simt,104,64,1,8,131.557162,126.101618,-4.146900,4.146900
simt,105,64,4,8,188.335836,166.252103,-11.725720,11.725720
simt,106,64,8,8,541.347027,219.786084,-59.400149,59.400149
simt,107,64,16,8,371.910344,326.854046,-12.114828,12.114828
simt,108,64,32,8,554.346323,584.866434,5.505604,5.505604
simt,109,64,64,8,568.456680,584.866434,2.886720,2.886720
simt,110,64,128,8,529.492488,584.866434,10.457929,10.457929
simt,111,64,256,8,466.741835,584.866434,25.308338,25.308338
simt,112,128,1,8,133.070330,137.839902,3.584249,3.584249
simt,113,128,4,8,192.709004,213.205240,10.635848,10.635848
simt,114,128,8,8,357.482682,313.692359,-12.249635,12.249635
simt,115,128,16,8,460.895151,529.292083,14.840020,14.840020
simt,116,128,32,8,576.780478,542.453770,-5.951434,5.951434
simt,117,128,64,8,574.036191,542.453770,-5.501817,5.501817
simt,118,128,128,8,529.078672,542.453770,2.527998,2.527998
simt,119,128,256,8,473.245844,542.453770,14.624096,14.624096
simt,120,256,1,8,132.844677,161.316471,21.432394,21.432394
simt,121,256,4,8,333.312174,307.111515,-7.860697,7.860697
simt,122,256,8,8,452.802151,501.504907,10.755858,10.755858
simt,123,256,16,8,528.999825,501.504907,-5.197529,5.197529
simt,124,256,32,8,654.845486,501.504907,-23.416299,23.416299
simt,125,256,64,8,542.691032,501.504907,-7.589240,7.589240
simt,126,256,128,8,492.545019,501.504907,1.819100,1.819100
simt,127,256,256,8,469.996169,501.504907,6.704041,6.704041
simt,128,32,1,16,141.569341,121.877686,-13.909548,13.909548
simt,129,32,4,16,181.956838,149.356378,-17.916589,17.916589
simt,130,32,8,16,199.770838,185.994634,-6.896003,6.896003
simt,131,32,16,16,229.987989,259.271146,12.732473,12.732473
simt,132,32,32,16,475.676666,405.824170,-14.684869,14.684869
simt,133,32,64,16,529.596170,625.206494,18.053440,18.053440
simt,134,32,128,16,526.843150,625.206494,18.670328,18.670328
simt,135,32,256,16,499.467999,625.206494,25.174485,25.174485
simt,136,64,1,16,134.500836,127.746829,-5.021536,5.021536
simt,137,64,4,16,246.680836,172.832947,-29.936614,29.936614
simt,138,64,8,16,201.297333,232.947772,15.723228,15.723228
simt,139,64,16,16,390.541325,353.177421,-9.567209,9.567209
simt,140,64,32,16,641.713490,696.015137,8.461977,8.461977
simt,141,64,64,16,678.535342,696.015137,2.576107,2.576107
simt,142,64,128,16,638.543646,696.015137,9.000401,9.000401
simt,143,64,256,16,501.785179,696.015137,38.707791,38.707791
simt,144,128,1,16,135.551999,139.485113,2.901554,2.901554
simt,145,128,4,16,189.942996,219.786084,15.711603,15.711603
simt,146,128,8,16,355.280653,326.854046,-8.001169,8.001169
simt,147,128,16,16,475.043505,584.866434,23.118499,23.118499
simt,148,128,32,16,862.934311,624.351496,-27.647854,27.647854
simt,149,128,64,16,806.859652,624.351496,-22.619567,22.619567
simt,150,128,128,16,638.547858,624.351496,-2.223226,2.223226
simt,151,128,256,16,506.265998,624.351496,23.324794,23.324794
simt,152,256,1,16,132.159824,162.961681,23.306521,23.306521
simt,153,256,4,16,324.476148,313.692359,-3.323446,3.323446
simt,154,256,8,16,450.959335,529.292083,17.370247,17.370247
simt,155,256,16,16,520.080179,542.453770,4.301950,4.301950
simt,156,256,32,16,876.511653,687.304868,-21.586340,21.586340
simt,157,256,64,16,833.789329,687.304868,-17.568522,17.568522
simt,158,256,128,16,637.460828,687.304868,7.819154,7.819154
simt,159,256,256,16,496.976674,687.304868,38.297209,38.297209
simt,160,32,1,32,138.530994,125.168108,-9.646135,9.646135
simt,161,32,2,32,148.512671,137.618094,-7.335790,7.335790
simt,162,32,3,32,163.749337,150.068080,-8.355000,8.355000
simt,163,32,4,32,185.255344,162.518066,-12.273480,12.273480
simt,164,32,5,32,195.989167,174.968052,-10.725652,10.725652
simt,165,32,6,32,197.195843,187.418038,-4.958424,4.958424
simt,166,32,7,32,202.569172,199.868023,-1.333445,1.333445
simt,167,32,8,32,210.885659,212.318009,0.679207,0.679207
simt,168,32,9,32,209.840496,224.767995,7.113736,7.113736
simt,169,32,10,32,210.956996,237.217981,12.448502,12.448502
simt,170,32,11,32,215.900501,249.667967,15.640291,15.640291
simt,171,32,12,32,218.149165,262.117953,20.155377,20.155377
simt,172,32,16,32,357.933154,311.917896,-12.855824,12.855824
simt,173,32,20,32,363.152340,361.717839,-0.395013,0.395013
simt,174,32,24,32,442.696979,411.517783,-7.043011,7.043011
simt,175,32,32,32,767.824690,511.117670,-33.433025,33.433025
simt,176,32,40,32,657.720476,964.507805,46.644029,46.644029
simt,177,32,48,32,742.060006,964.507805,29.977064,29.977064
simt,178,32,64,32,904.158672,964.507805,6.674618,6.674618
simt,179,32,96,32,769.323647,964.507805,25.370877,25.370877
simt,180,32,128,32,844.782313,964.507805,14.172348,14.172348
simt,181,32,192,32,675.592184,964.507805,42.764796,42.764796
simt,182,32,256,32,762.097657,964.507805,26.559608,26.559608
simt,183,64,1,32,137.254496,131.037250,-4.529721,4.529721
simt,184,64,2,32,147.757838,149.356378,1.081865,1.081865
simt,185,64,3,32,165.221001,167.675506,1.485589,1.485589
simt,186,64,4,32,180.493161,185.994634,3.048023,3.048023
simt,187,64,5,32,193.026334,204.313762,5.847611,5.847611
simt,188,64,6,32,200.198844,222.632890,11.205882,11.205882
simt,189,64,7,32,207.718338,240.952018,15.999397,15.999397
simt,190,64,8,32,217.728674,259.271146,19.079927,19.079927
simt,191,64,9,32,323.172684,277.590274,-14.104660,14.104660
simt,192,64,10,32,333.714341,295.909402,-11.328533,11.328533
simt,193,64,11,32,361.202493,314.228530,-13.004883,13.004883
simt,194,64,12,32,368.020991,332.547658,-9.638943,9.638943
simt,195,64,16,32,519.697338,405.824170,-21.911440,21.911440
simt,196,64,20,32,724.699348,698.483006,-3.617547,3.617547
simt,197,64,24,32,809.182703,771.759518,-4.624813,4.624813
simt,198,64,32,32,863.781869,918.312542,6.313014,6.313014
simt,199,64,40,32,875.754694,918.312542,4.859563,4.859563
simt,200,64,48,32,826.383809,918.312542,11.124218,11.124218
simt,201,64,64,32,855.747163,918.312542,7.311199,7.311199
simt,202,64,96,32,736.254295,918.312542,24.727631,24.727631
simt,203,64,128,32,831.800361,918.312542,10.400594,10.400594
simt,204,64,192,32,751.869460,918.312542,22.137231,22.137231
simt,205,64,256,32,761.975149,918.312542,20.517387,20.517387
simt,206,128,1,32,133.782501,142.775535,6.722130,6.722130
simt,207,128,2,32,151.371494,172.832947,14.178002,14.178002
simt,208,128,3,32,165.830836,202.890359,22.347788,22.347788
simt,209,128,4,32,180.669506,232.947772,28.935854,28.935854
simt,210,128,5,32,305.641984,263.005184,-13.949916,13.949916
simt,211,128,6,32,334.774494,293.062596,-12.459700,12.459700
simt,212,128,7,32,362.774665,323.120008,-10.930933,10.930933
simt,213,128,8,32,364.592512,353.177421,-3.130918,3.130918
simt,214,128,9,32,502.558519,485.613251,-3.371800,3.371800
simt,215,128,10,32,510.070672,515.670663,1.097885,1.097885
simt,216,128,11,32,549.665987,545.728075,-0.716419,0.716419
simt,217,128,12,32,580.427676,575.785488,-0.799788,0.799788
simt,218,128,16,32,784.741034,696.015137,-11.306392,11.306392
simt,219,128,20,32,911.037803,719.048090,-21.073737,21.073737
simt,220,128,24,32,944.684863,742.081043,-21.446710,21.446710
simt,221,128,32,32,927.753667,906.674672,-2.272047,2.272047
simt,222,128,40,32,907.813470,906.674672,-0.125444,0.125444
simt,223,128,48,32,914.946020,906.674672,-0.904026,0.904026
simt,224,128,64,32,940.003355,906.674672,-3.545592,3.545592
simt,225,128,96,32,834.047536,906.674672,8.707793,8.707793
simt,226,128,128,32,834.897697,906.674672,8.597098,8.597098
simt,227,128,192,32,876.552343,906.674672,3.436455,3.436455
simt,228,128,256,32,756.291012,906.674672,19.884364,19.884364
simt,229,256,1,32,135.125662,166.252103,23.035181,23.035181
simt,230,256,2,32,156.493167,219.786084,40.444524,40.444524
simt,231,256,3,32,299.769322,273.320065,-8.823203,8.823203
simt,232,256,4,32,319.615990,326.854046,2.264610,2.264610
simt,233,256,5,32,518.304845,424.264492,-18.143831,18.143831
simt,234,256,6,32,523.036674,477.798472,-8.649145,8.649145
simt,235,256,7,32,523.282508,531.332453,1.538356,1.538356
simt,236,256,8,32,534.940342,584.866434,9.333021,9.333021
simt,237,256,9,32,526.550819,589.802067,12.012373,12.012373
simt,238,256,10,32,545.929144,594.737700,8.940456,8.940456
simt,239,256,11,32,619.069338,599.673333,-3.133091,3.133091
simt,240,256,12,32,660.301973,604.608965,-8.434475,8.434475
simt,241,256,16,32,838.602473,742.879220,-11.414616,11.414616
simt,242,256,20,32,970.006863,881.149474,-9.160491,9.160491
simt,243,256,24,32,1084.619502,1019.419729,-6.011304,6.011304
simt,244,256,32,32,1287.139356,1295.960238,0.685309,0.685309
simt,245,256,40,32,1157.809854,1295.960238,11.932044,11.932044
simt,246,256,48,32,1138.810774,1295.960238,13.799436,13.799436
simt,247,256,64,32,932.925026,1295.960238,38.913654,38.913654
simt,248,256,96,32,1163.865805,1295.960238,11.349627,11.349627
simt,249,256,128,32,831.932008,1295.960238,55.777182,55.777182
simt,250,256,192,32,884.010136,1295.960238,46.600156,46.600156
simt,251,256,256,32,759.732644,1295.960238,70.581092,70.581092
simt,252,32,1,64,140.229672,131.748952,-6.047736,6.047736
simt,253,32,2,64,151.779170,150.779782,-0.658449,0.658449
simt,254,32,3,64,184.864670,169.810611,-8.143286,8.143286
simt,255,32,4,64,194.177836,188.841441,-2.748200,2.748200
simt,256,32,5,64,208.344008,207.872270,-0.226422,0.226422
simt,257,32,6,64,208.207831,226.903100,8.979138,8.979138
simt,258,32,7,64,220.561673,245.933929,11.503475,11.503475
simt,259,32,8,64,327.800999,264.964759,-19.169020,19.169020
simt,260,32,9,64,246.219342,283.995588,15.342518,15.342518
simt,261,32,10,64,249.942829,303.026418,21.238292,21.238292
simt,262,32,11,64,280.096014,322.057248,14.981018,14.981018
simt,263,32,12,64,285.226494,341.088077,19.584991,19.584991
simt,264,32,16,64,639.909486,417.211395,-34.801499,34.801499
simt,265,32,20,64,424.359014,493.334713,16.254091,16.254091
simt,266,32,24,64,637.363791,569.458032,-10.654160,10.654160
simt,267,32,32,64,2626.800696,721.704668,-72.525336,72.525336
simt,268,32,40,64,2648.199479,1643.110428,-37.953676,37.953676
simt,269,32,48,64,2626.483123,1643.110428,-37.440663,37.440663
simt,270,32,64,64,2836.504062,1643.110428,-42.072693,42.072693
simt,271,32,96,64,3055.969477,1643.110428,-46.232760,46.232760
simt,272,32,128,64,3089.231491,1643.110428,-46.811677,46.811677
simt,273,32,192,64,2813.535770,1643.110428,-41.599803,41.599803
simt,274,32,256,64,2588.630199,1643.110428,-36.525873,36.525873
simt,275,64,1,64,140.272677,137.618094,-1.892445,1.892445
simt,276,64,2,64,154.172331,162.518066,5.413251,5.413251
simt,277,64,3,64,183.291177,187.418038,2.251533,2.251533
simt,278,64,4,64,199.195494,212.318009,6.587757,6.587757
simt,279,64,5,64,210.196843,237.217981,12.855159,12.855159
simt,280,64,6,64,213.975171,262.117953,22.499237,22.499237
simt,281,64,7,64,233.065173,287.017924,23.149212,23.149212
simt,282,64,8,64,338.218172,311.917896,-7.776128,7.776128
simt,283,64,9,64,273.077508,336.817868,23.341490,23.341490
simt,284,64,10,64,270.867656,361.717839,33.540433,33.540433
simt,285,64,11,64,308.256825,386.617811,25.420682,25.420682
simt,286,64,12,64,486.573319,411.517783,-15.425329,15.425329
simt,287,64,16,64,1327.256401,511.117670,-61.490661,61.490661
simt,288,64,20,64,675.934801,1064.107692,57.427564,57.427564
simt,289,64,24,64,733.728528,1163.707579,58.601926,58.601926
simt,290,64,32,64,2913.288116,1481.435076,-49.149037,49.149037
simt,291,64,40,64,2907.179594,1481.435076,-49.042189,49.042189
simt,292,64,48,64,2732.135852,1481.435076,-45.777401,45.777401
simt,293,64,64,64,2948.701302,1481.435076,-49.759744,49.759744
simt,294,64,96,64,2899.893761,1481.435076,-48.914160,48.914160
simt,295,64,128,64,2986.264865,1481.435076,-50.391705,50.391705
simt,296,64,192,64,2941.912095,1481.435076,-49.643802,49.643802
simt,297,64,256,64,2739.109357,1481.435076,-45.915446,45.915446
simt,298,128,1,64,141.375328,149.356378,5.645292,5.645292
simt,299,128,2,64,151.420837,185.994634,22.832920,22.832920
simt,300,128,3,64,184.431156,222.632890,20.713276,20.713276
simt,301,128,4,64,204.244172,259.271146,26.941760,26.941760
simt,302,128,5,64,216.638168,295.909402,36.591537,36.591537
simt,303,128,6,64,219.545831,332.547658,51.470723,51.470723
simt,304,128,7,64,245.599498,369.185914,50.320305,50.320305
simt,305,128,8,64,506.525815,405.824170,-19.880851,19.880851
simt,306,128,9,64,480.122010,661.844750,37.849283,37.849283
simt,307,128,10,64,492.610991,698.483006,41.792006,41.792006
simt,308,128,11,64,540.187180,735.121262,36.086395,36.086395
simt,309,128,12,64,621.115486,771.759518,24.253788,24.253788
simt,310,128,16,64,773.475031,1036.840265,34.049610,34.049610
simt,311,128,20,64,819.816520,1204.724317,46.950481,46.950481
simt,312,128,24,64,2322.101196,1372.608368,-40.889382,40.889382
simt,313,128,32,64,3075.670242,1708.376470,-44.455148,44.455148
simt,314,128,40,64,2763.605754,1708.376470,-38.183061,38.183061
simt,315,128,48,64,2947.569609,1708.376470,-42.041183,42.041183
simt,316,128,64,64,3084.957202,1708.376470,-44.622361,44.622361
simt,317,128,96,64,2716.904402,1708.376470,-37.120479,37.120479
simt,318,128,128,64,3058.480501,1708.376470,-44.142967,44.142967
simt,319,128,192,64,2636.283954,1708.376470,-35.197555,35.197555
simt,320,128,256,64,2412.890593,1708.376470,-29.197931,29.197931
simt,321,256,1,64,142.636160,172.832947,21.170499,21.170499
simt,322,256,2,64,161.320329,232.947772,44.400754,44.400754
simt,323,256,3,64,200.779671,293.062596,45.962285,45.962285
simt,324,256,4,64,348.072832,353.177421,1.466529,1.466529
simt,325,256,5,64,411.322519,515.670663,25.368935,25.368935
simt,326,256,6,64,464.635839,575.785488,23.921884,23.921884
simt,327,256,7,64,533.552845,695.164174,30.289657,30.289657
simt,328,256,8,64,667.135666,814.542860,22.095535,22.095535
simt,329,256,9,64,723.884682,885.323198,22.301690,22.301690
simt,330,256,10,64,746.164481,956.103537,28.135761,28.135761
simt,331,256,11,64,766.391655,1026.883875,33.989438,33.989438
simt,332,256,12,64,836.347818,1097.664213,31.244942,31.244942
simt,333,256,16,64,861.915787,1380.785565,60.199591,60.199591
simt,334,256,20,64,2255.187710,1663.906918,-26.218695,26.218695
simt,335,256,24,64,2537.221034,1947.028271,-23.261385,23.261385
simt,336,256,32,64,3056.023598,2513.270976,-17.760093,17.760093
simt,337,256,40,64,2854.578733,2513.270976,-11.956502,11.956502
simt,338,256,48,64,2809.832573,2513.270976,-10.554422,10.554422
simt,339,256,64,64,2963.952541,2513.270976,-15.205424,15.205424
simt,340,256,96,64,2498.795509,2513.270976,0.579298,0.579298
simt,341,256,128,64,3130.435228,2513.270976,-19.714966,19.714966
simt,342,256,192,64,2640.340487,2513.270976,-4.812618,4.812618
simt,343,256,256,64,2765.841881,2513.270976,-9.131791,9.131791
