index,block,stride,target_ns,pred_ns,error_pct,abs_error_pct
0,8,1,270.021600,271.372978,0.500470,0.500470
1,8,2,349.527960,312.171704,-10.687630,10.687630
2,16,1,265.521240,271.372978,2.203868,2.203868
3,16,2,339.027120,312.171704,-7.921318,7.921318
4,24,1,269.021520,271.372978,0.874078,0.874078
5,24,2,287.523000,312.171704,8.572777,8.572777
6,32,1,250.520040,271.372978,8.323860,8.323860
7,32,2,288.523080,312.171704,8.196441,8.196441
8,48,1,335.026800,271.372978,-18.999621,18.999621
9,48,2,362.529000,312.171704,-13.890556,13.890556
10,64,1,260.020800,271.372978,4.365873,4.365873
11,64,2,263.521080,312.171704,18.461758,18.461758
12,96,1,353.028240,358.059124,1.425065,1.425065
13,96,2,397.531800,398.857850,0.333571,0.333571
14,128,1,359.528760,360.315649,0.218867,0.218867
15,128,2,400.532040,401.114375,0.145390,0.145390
16,192,1,354.028320,364.828699,3.050710,3.050710
17,192,2,402.532200,405.627425,0.768939,0.768939
18,256,1,380.030400,369.341749,-2.812578,2.812578
19,256,2,426.534120,410.140475,-3.843454,3.843454
20,384,1,382.530600,378.367849,-1.088214,1.088214
21,384,2,427.534200,419.166575,-1.957183,1.957183
22,512,1,380.030400,387.393949,1.937621,1.937621
23,512,2,420.533640,428.192675,1.821266,1.821266
