index,mode,stride,block,unique_lines_128_aligned,task_cycles,instr_active_cycles,pre_store_cycles,store_active_cycles,post_store_cycles,store_issue_to_first_biu,biu_write_span,biu_to_retire,store_engine,store_instr_count,biu_send_aw_count,biu_send_aw_bytes,biu_send_aw_sizes,biu_unique_128B_lines,biu_send_aw_first,biu_send_aw_last,biu_recv_data_count,biu_recv_data_bytes,biu_recv_data_first,biu_recv_data_last,biu_wack_last,biu_response_last,dc_write_requests,dc_write_bytes,dc_write_sizes,dc_unique_lines,dc_tag_rst,dc_first,dc_last,simt_lsu_counts,mte_queues
0,simd,1,64,2,2006,1416,428,979,9,468,509,2,mte3:MOV_SRC_TO_DST_ALIGNv2,1,1,256,256:1,1,5983,5983,1,256,6006,6006,6438,6492,,,,,,,,,"{""mte2"": {""END_LABEL"": {""count"": 1, ""push"": 6497, ""retire"": 6503}, ""MOV_SPR_XN"": {""count"": 1, ""push"": 5514, ""retire"": 5520}}, ""mte3"": {""MOV_SRC_TO_DST_ALIGNv2"": {""count"": 1, ""push"": 5515, ""retire"": 6494}, ""WAIT_FLAG"": {""count"": 1, ""push"": 5511, ""retire"": null}}}"
1,simd,2,64,4,2190,1551,516,1026,9,407,617,2,mte3:MOV_SRC_TO_DST_ALIGNv2,1,64,256,4:64,4,11503,11566,64,256,11525,11588,12069,12120,,,,,,,,,"{""mte2"": {""END_LABEL"": {""count"": 1, ""push"": 12125, ""retire"": 12131}, ""MOV_SPR_XN"": {""count"": 1, ""push"": 11095, ""retire"": 11101}}, ""mte3"": {""MOV_SRC_TO_DST_ALIGNv2"": {""count"": 1, ""push"": 11096, ""retire"": 12122}, ""WAIT_FLAG"": {""count"": 1, ""push"": 11092, ""retire"": null}}}"
2,simd,4,64,8,2277,1699,501,1189,9,577,610,2,mte3:MOV_SRC_TO_DST_ALIGNv2,1,64,256,4:64,8,16927,16990,64,256,16949,17012,17486,17537,,,,,,,,,"{""mte2"": {""END_LABEL"": {""count"": 1, ""push"": 17542, ""retire"": 17548}, ""MOV_SPR_XN"": {""count"": 1, ""push"": 16349, ""retire"": 16355}}, ""mte3"": {""MOV_SRC_TO_DST_ALIGNv2"": {""count"": 1, ""push"": 16350, ""retire"": 17539}, ""WAIT_FLAG"": {""count"": 1, ""push"": 16346, ""retire"": null}}}"
3,simd,8,64,16,2256,1605,509,1087,9,487,598,2,mte3:MOV_SRC_TO_DST_ALIGNv2,1,64,256,4:64,16,22543,22606,64,256,22565,22628,23092,23141,,,,,,,,,"{""mte2"": {""END_LABEL"": {""count"": 1, ""push"": 23146, ""retire"": 23152}, ""MOV_SPR_XN"": {""count"": 1, ""push"": 22055, ""retire"": 22061}}, ""mte3"": {""MOV_SRC_TO_DST_ALIGNv2"": {""count"": 1, ""push"": 22056, ""retire"": 23143}, ""WAIT_FLAG"": {""count"": 1, ""push"": 22052, ""retire"": null}}}"
4,simd,16,64,32,2225,1587,477,1101,9,482,617,2,mte3:MOV_SRC_TO_DST_ALIGNv2,1,64,256,4:64,32,27938,28001,64,256,27960,28023,28495,28555,,,,,,,,,"{""mte2"": {""END_LABEL"": {""count"": 1, ""push"": 28560, ""retire"": 28566}, ""MOV_SPR_XN"": {""count"": 1, ""push"": 27455, ""retire"": 27461}}, ""mte3"": {""MOV_SRC_TO_DST_ALIGNv2"": {""count"": 1, ""push"": 27456, ""retire"": 28557}, ""WAIT_FLAG"": {""count"": 1, ""push"": 27452, ""retire"": null}}}"
5,simd,32,64,64,2087,1463,389,1065,9,447,616,2,mte3:MOV_SRC_TO_DST_ALIGNv2,1,64,256,4:64,64,33368,33431,64,256,33390,33453,33924,33984,,,,,,,,,"{""mte2"": {""END_LABEL"": {""count"": 1, ""push"": 33989, ""retire"": 33995}, ""MOV_SPR_XN"": {""count"": 1, ""push"": 32920, ""retire"": 32926}}, ""mte3"": {""MOV_SRC_TO_DST_ALIGNv2"": {""count"": 1, ""push"": 32921, ""retire"": 33986}, ""WAIT_FLAG"": {""count"": 1, ""push"": 32917, ""retire"": null}}}"
6,simd,64,64,64,2191,1557,390,1158,9,545,611,2,mte3:MOV_SRC_TO_DST_ALIGNv2,1,64,256,4:64,64,38732,38795,64,256,38754,38817,39292,39343,,,,,,,,,"{""mte2"": {""END_LABEL"": {""count"": 1, ""push"": 39348, ""retire"": 39354}, ""MOV_SPR_XN"": {""count"": 1, ""push"": 38186, ""retire"": 38192}}, ""mte3"": {""MOV_SRC_TO_DST_ALIGNv2"": {""count"": 1, ""push"": 38187, ""retire"": 39345}, ""WAIT_FLAG"": {""count"": 1, ""push"": 38183, ""retire"": null}}}"
7,simd,128,64,64,2308,1658,452,1197,9,575,620,2,mte3:MOV_SRC_TO_DST_ALIGNv2,1,64,256,4:64,64,44120,44183,64,256,44142,44205,44684,44740,,,,,,,,,"{""mte2"": {""END_LABEL"": {""count"": 1, ""push"": 44745, ""retire"": 44751}, ""MOV_SPR_XN"": {""count"": 1, ""push"": 43544, ""retire"": 43550}}, ""mte3"": {""MOV_SRC_TO_DST_ALIGNv2"": {""count"": 1, ""push"": 43545, ""retire"": 44742}, ""WAIT_FLAG"": {""count"": 1, ""push"": 43541, ""retire"": null}}}"
8,simd,256,64,64,2253,1620,502,1109,9,494,613,2,mte3:MOV_SRC_TO_DST_ALIGNv2,1,64,256,4:64,64,48760,48823,64,256,48782,48845,49329,49373,,,,,,,,,"{""mte2"": {""END_LABEL"": {""count"": 1, ""push"": 49378, ""retire"": 49384}, ""MOV_SPR_XN"": {""count"": 1, ""push"": 48265, ""retire"": 48271}}, ""mte3"": {""MOV_SRC_TO_DST_ALIGNv2"": {""count"": 1, ""push"": 48266, ""retire"": 49375}, ""WAIT_FLAG"": {""count"": 1, ""push"": 48262, ""retire"": null}}}"
9,simt_only,1,64,2,2188,1658,1191,460,7,26,431,3,SIMT_STG,1,2,256,128:2,2,54484,54486,2,256,54496,54498,54865,54915,2,256,128:2,2,MISS:2,54465,54465,"SIMT_LDS:2,SIMT_STG:1","{""mte2"": {""END_LABEL"": {""count"": 1, ""push"": 53790, ""retire"": 53796}}}"
10,simt_only,2,64,4,2225,1740,1148,585,7,25,557,3,SIMT_STG,2,4,512,128:4,4,59465,59469,4,512,59477,59481,59975,60022,4,256,64:4,4,MISS:4,59447,59450,"SIMT_LDS:2,SIMT_STG:2","{""mte2"": {""END_LABEL"": {""count"": 1, ""push"": 58721, ""retire"": 58727}}}"
11,simt_only,4,64,8,2354,1802,1194,601,7,27,571,3,SIMT_STG,2,8,1024,128:8,8,64639,64647,8,1024,64651,64659,65156,65210,8,256,32:8,8,MISS:8,64621,64626,"SIMT_LDS:2,SIMT_STG:2","{""mte2"": {""END_LABEL"": {""count"": 1, ""push"": 63911, ""retire"": 63917}}}"
12,simt_only,8,64,16,2268,1757,1144,606,7,31,572,3,SIMT_STG,2,16,2048,128:16,16,69832,69847,16,2048,69844,69859,70344,70404,16,256,16:16,16,MISS:16,69810,69822,"SIMT_LDS:2,SIMT_STG:2","{""mte2"": {""END_LABEL"": {""count"": 1, ""push"": 69120, ""retire"": 69126}}}"
13,simt_only,16,64,32,2423,1888,1244,637,7,47,587,3,SIMT_STG,2,32,4096,128:32,32,75100,75131,32,4096,75112,75143,75628,75687,32,256,8:32,32,MISS:32,75062,75090,"SIMT_LDS:2,SIMT_STG:2","{""mte2"": {""END_LABEL"": {""count"": 1, ""push"": 74352, ""retire"": 74358}}}"
14,simt_only,32,64,64,2484,1983,1267,709,7,79,627,3,SIMT_STG,2,64,8192,128:64,64,80370,80433,64,8192,80382,80445,80936,80997,64,256,4:64,64,MISS:64,80300,80360,"SIMT_LDS:2,SIMT_STG:2","{""mte2"": {""END_LABEL"": {""count"": 1, ""push"": 79565, ""retire"": 79571}}}"
15,simt_only,64,64,64,2409,1902,1199,696,7,79,614,3,SIMT_STG,2,64,8192,128:64,64,85606,85669,64,8192,85618,85681,86168,86220,64,256,4:64,64,MISS:64,85536,85596,"SIMT_LDS:2,SIMT_STG:2","{""mte2"": {""END_LABEL"": {""count"": 1, ""push"": 84782, ""retire"": 84788}}}"
16,simt_only,128,64,64,2339,1855,1153,695,7,77,615,3,SIMT_STG,2,64,8192,128:64,64,90817,90882,64,8192,90829,90894,91388,91432,64,256,4:64,64,MISS:64,90749,90812,"SIMT_LDS:2,SIMT_STG:2","{""mte2"": {""END_LABEL"": {""count"": 1, ""push"": 90106, ""retire"": 90112}}}"
17,simt_only,256,64,64,2486,1975,1267,701,7,33,665,3,SIMT_STG,2,64,8192,128:64,64,96107,96216,64,8192,96119,96228,96724,96772,64,256,4:64,64,MISS:64,96083,96146,"SIMT_LDS:2,SIMT_STG:2","{""mte2"": {""END_LABEL"": {""count"": 1, ""push"": 95343, ""retire"": 95349}}}"
