num_warps,block,stride,target_ns,target_p25_ns,min_ns,max_ns,spread,n_samples,n_allocations,n_dropped
1,8,5,147.4480777978897,146.59800132115683,146.59800132115683,147.7164924144745,1.0076296476298292,4,5,1
1,8,9,147.6731722553571,147.17048903306326,147.17048903306326,149.00082349777222,1.0124368307582219,4,5,1
1,8,96,169.64416205883026,169.45150991280875,169.16982332865396,343.86850893497467,2.032682319865793,5,5,0
1,8,192,241.43733084201813,215.3615007797877,206.19532465934753,428.60666910807294,2.078643974184032,5,5,0
1,16,5,165.36816457907358,164.11098837852478,163.88934353987375,365.6233449776967,2.2309159160720036,5,5,0
1,16,6,164.04516994953156,163.85615865389505,163.6191705862681,618.6896761258444,3.781278647905385,5,5,0
1,16,7,421.6821566224098,179.1154940923055,179.1154940923055,665.1800274848938,3.7136933957377214,4,5,1
1,16,10,193.57783099015555,193.45366458098093,192.4051692088445,531.7070285479227,2.763475798151691,5,5,0
1,16,40,207.31200774510702,205.69499333699545,204.9138347307841,375.34501651922864,1.831721206195556,5,5,0
1,16,48,205.24167021115622,204.7076572974523,204.58533863226572,382.30232894420624,1.868669238470602,5,5,0
1,32,5,194.00899857282639,192.65083471934,192.65083471934,194.65566674868265,1.0104065577097725,4,5,1
1,32,6,387.3640100161235,197.24800686041513,194.83166436354318,786.9860331217448,4.039312786720746,5,5,0
1,32,7,197.92024791240692,196.0611641407013,196.0611641407013,734.4849904378256,3.746203352698293,4,5,1
1,32,8,199.3863433599472,199.33600227038065,198.69965811570486,758.5336367289225,3.817488383836174,5,5,0
1,32,20,216.1226620276769,215.50282835960388,213.21565906206766,384.9396655956904,1.805400538070393,5,5,0
1,32,24,221.63533171017966,220.41650613149008,219.04467542966208,405.1109900077184,1.8494445903014176,5,5,0
2,8,1,133.34266344706217,132.8848252693812,132.22884138425192,817.4763321876526,6.182284618316347,5,5,0
2,8,2,783.5960388183594,155.53349256515503,121.58433596293132,822.4276304244995,6.7642564637211295,5,5,0
2,8,3,762.1148626009623,756.6531548897425,243.07351311047873,823.1801986694336,3.3865483249723387,5,5,0
2,8,4,506.8530241648356,502.9381513595581,502.9381513595581,815.2184883753458,1.6209120071158287,3,5,2
2,8,5,420.317679643631,397.9341884454091,397.46981859207153,826.7406622568766,2.0800086537020093,5,5,0
2,8,6,439.5449807246526,382.54431386788684,242.30299393335977,760.3673736254374,3.1380849294605087,5,5,0
2,8,7,285.5295141537984,154.7646721204122,148.25515945752463,889.9706353743871,6.002965688552413,5,5,0
2,8,8,629.7206282615662,147.88048962752023,147.78301119804382,883.0383718013763,5.975236020993088,5,5,0
2,8,9,406.02217117945355,148.02982409795126,147.6056675116221,1985.349416732788,13.450360343219657,5,5,0
2,8,10,164.09582396348318,164.09383714199066,163.96132608254752,1950.5020678043365,11.896110591483886,5,5,0
2,8,11,164.28283850351968,164.15132582187653,163.63434493541718,2194.260189930598,13.409533254138202,5,5,0
2,8,12,665.0920112927755,644.7808742523193,163.1866693496704,2209.4768782456717,13.539567214962183,5,5,0
2,8,16,180.4759999116262,178.97566656271616,178.6446770032247,2521.0900406042733,14.112315479507767,5,5,0
2,8,32,845.3265378872553,579.9077947934469,199.93933538595834,2504.026174545288,12.523929669524874,5,5,0
2,8,64,3039.734423160553,186.3801678021749,185.49484014511108,3064.286152521769,16.51952232269428,5,5,0
2,8,96,169.73266005516052,169.72650587558746,169.57282523314157,343.7793304522832,2.0273256046753323,5,5,0
2,8,128,163.74783217906952,163.3851726849874,163.1233294804891,3130.7787895202637,19.192710199645173,5,5,0
2,8,192,241.60566429297128,214.78132406870523,208.27432970205942,428.76434822877246,2.0586519176037124,5,5,0
2,8,256,152.44865914185843,151.636004447937,151.43700440724692,3908.7844491004944,25.811290076690412,5,5,0
2,16,1,284.0159833431244,133.57549409071603,133.39416682720184,398.33935101826984,2.986182683192412,5,5,0
2,16,2,133.4716627995173,133.06299348672232,132.9640050729116,403.1473497549693,3.032003657936605,5,5,0
2,16,6,876.2359817822775,872.9453285535177,253.80581617355347,1045.9243208169937,4.1209627761319165,5,5,0
2,16,7,901.1861681938171,849.4475036859512,274.93931849797565,914.1219854354858,3.3248136004316766,5,5,0
2,16,8,896.3339726130167,197.76248931884766,179.55268422762552,898.4820246696472,5.004002187628722,5,5,0
2,16,9,771.4127898216248,760.0725094477335,195.7461734612783,941.6853189468384,4.810747011272324,5,5,0
2,16,11,195.97634176413217,195.48965990543365,194.89200909932455,621.7566529909769,3.1902624220683444,5,5,0
2,16,12,515.805979569753,370.11682987213135,196.67899111906686,561.7621938387553,2.856238943683984,5,5,0
2,16,16,308.5849980513255,199.24782713254294,199.0060011545817,531.0996373494467,2.6687619180735402,5,5,0
2,16,32,584.1743250687916,212.10132539272308,212.10132539272308,619.7113196055094,2.9217701419737137,4,5,1
2,16,40,205.61449229717255,205.5011639992396,205.24734258651733,375.8473296960195,1.8311921848030241,5,5,0
2,16,48,205.14734089374542,204.2270004749298,203.66849998633066,386.06148461500806,1.8955385081194138,5,5,0
2,16,64,540.7518347104391,495.16814947128296,198.0756719907125,582.1168224016825,2.9388607725080806,5,5,0
2,32,1,133.1796646118164,132.90449480215707,132.69217312335968,369.22632654507953,2.7825780364741,5,5,0
2,32,2,148.3698437611262,147.93917536735535,147.5164939959844,431.02867404619855,2.921901560770091,5,5,0
2,32,3,165.58684408664703,164.20500973860422,163.938174645106,397.575318813324,2.425153992802449,5,5,0
2,32,6,632.2328249613444,346.46966060002643,287.0718240737915,1039.1412576039631,3.6197953629083885,5,5,0
2,32,7,1020.0399557749431,1001.1091629664104,393.6573266983032,1026.9663333892822,2.6087824707917693,5,5,0
2,32,8,1041.1042769749959,361.37835184733075,329.7973871231079,1328.3513883749645,4.02778020760702,5,5,0
2,32,9,1131.8222681681316,1074.4219621022542,200.12017091115317,1170.960823694865,5.851288345215003,5,5,0
2,32,10,576.4248222112656,398.8933563232422,295.03099123636883,922.6033091545105,3.12714032274444,5,5,0
2,32,11,565.4165148735046,201.72700782616934,192.62933731079102,787.9311839739481,4.09040074047853,5,5,0
2,32,12,216.59299731254578,203.80350947380066,202.83115903536478,682.0194919904073,3.362498618230019,5,5,0
2,32,16,766.5491898854574,436.51264905929565,211.85449759165445,997.0196435848871,4.70615283092372,5,5,0
2,32,20,215.00150362650552,214.7363225618998,214.6251698335012,386.4678343137105,1.800664081540478,5,5,0
2,32,24,221.84850772221884,221.70798977216086,221.50216499964395,404.73714967568714,1.827237894836548,5,5,0
2,32,32,233.3323359489441,232.81999429066977,232.6656629641851,547.3978122075399,2.3527228093463988,5,5,0
2,32,64,770.5873648325602,562.7658168474833,480.41699826717377,1344.8046793540318,2.799244581695977,5,5,0
2,32,128,821.741541226705,817.8991675376892,514.240155617396,1543.297032515208,3.0011211992232067,5,5,0
2,32,256,484.1196686029434,483.49132637182873,483.2444836695989,718.0928587913513,1.4859825265637623,5,5,0
2,64,1,132.06283251444498,131.72133266925812,130.69767753283182,416.0131812095642,3.183018926293162,5,5,0
2,64,2,149.04500047365823,148.1770078341166,148.156667749087,497.15683857599896,3.3556156879686747,5,5,0
2,64,3,163.627157608668,163.5994960864385,163.11550637086233,412.2556646664937,2.5273848810497626,5,5,0
2,64,4,181.20532234509787,179.69183127085367,179.04516061147055,552.087644735972,3.0835105671133256,5,5,0
2,64,5,195.65266370773315,195.44183214505514,193.8221553961436,593.2639638582865,3.0608676425341748,5,5,0
2,64,6,197.46432701746622,197.00332979361215,195.30417521794638,634.7773472468058,3.2501985507398232,5,5,0
2,64,7,202.49799390633902,201.86467468738556,199.68565801779428,556.5000176429749,2.786880255533346,5,5,0
2,64,8,199.5511601368586,199.48949913183847,198.2534925142924,2322.9043632745743,11.71683955634281,5,5,0
4,4,1,738.9666636784872,245.30933300654092,233.2090139389038,785.2074901262919,3.3669688699597216,5,5,0
4,4,2,747.7904955546061,572.9643255472183,231.80667559305826,808.8545401891073,3.4893496406853672,5,5,0
4,4,3,619.7081704934437,479.0473481019338,479.0473481019338,983.6926360925039,2.0534350936083032,4,5,1
4,4,4,132.92567431926727,132.8656574090322,132.75066514809927,481.74001773198444,3.628908504485049,5,5,0
4,8,96,170.0903375943502,169.89099979400635,169.00082429250082,344.9220061302185,2.040948661488416,5,5,0
4,8,192,242.70367622375488,214.51565623283386,210.37982404232025,430.5986712376277,2.046767902757671,5,5,0
4,16,40,206.0991624991099,206.0626745223999,205.99899689356485,376.25683347384137,1.8264983769228984,5,5,0
4,16,48,204.81849710146585,204.73349591096243,204.4185002644857,385.61683396498364,1.886408683490269,5,5,0
4,32,6,195.73232531547546,195.68516810735068,195.6030080715815,1047.6149717966716,5.355822398259304,5,5,0
4,32,7,182.51613775889078,179.76033687591553,129.9821933110555,1011.8268330891926,7.784349589084313,5,5,0
4,32,8,768.0030266443888,520.7576751708984,198.65682721138,1243.5218046108882,6.259647967133412,5,5,0
4,32,9,1186.7443521817527,201.8394966920217,201.8394966920217,1474.924271305402,7.307411559571644,4,5,1
4,32,10,203.42599848906198,201.75233980019888,201.467826962471,712.33997742335,3.535750537260935,5,5,0
4,32,20,215.07767339547476,214.5410031080246,214.19099966684976,389.1671548287074,1.8169164691047408,5,5,0
4,32,24,222.04849123954773,221.9188263018926,220.82034250100455,403.8340051968892,1.8287898688276516,5,5,0
4,256,16,559.7935765981674,554.6038250128428,554.6038250128428,612.8903031349182,1.1050957016402216,4,5,1
4,256,32,699.7641722361246,698.2580224672953,698.2580224672953,1199.3446350097656,1.7176238531021533,3,5,2
4,256,64,615.2906666199366,614.9679819742838,614.9679819742838,615.6133512655894,1.0010494355970105,2,5,3
4,256,128,579.2783399422964,579.2783399422964,579.2783399422964,579.2783399422964,1.0,1,5,4
4,256,256,599.8865167299906,485.29166479905444,302.28384335835773,808.8363607724508,2.6757512137807997,5,5,0
8,8,96,170.3610122203827,170.31466464201608,169.8596626520157,345.2339818080266,2.0324659570017687,5,5,0
8,8,192,241.4425015449524,215.04501005013785,207.55983889102936,430.3366740544637,2.0733137795524788,5,5,0
8,16,40,206.2898427248001,206.1769962310791,206.02633555730185,375.7985134919484,1.8240314398419617,5,5,0
8,16,48,204.9243301153183,203.09683680534363,202.48250663280487,386.1759901046753,1.9072066843038065,5,5,0
8,32,20,215.876171986262,215.06783862908682,214.28333222866058,387.70468533039093,1.8093086442984438,5,5,0
8,32,24,223.33849966526031,223.23083380858102,222.28899598121643,404.74482874075574,1.8208046104763411,5,5,0
16,8,96,173.8706628481547,173.143337170283,171.9738245010376,346.1083322763443,2.01256402409226,5,5,0
16,8,192,244.27416423956552,220.43167054653168,211.10833187898,429.54451342423755,2.0347113238073344,5,5,0
16,16,40,213.21766078472137,213.20748825867972,213.0008339881897,378.59852115313214,1.7774508862914797,5,5,0
16,16,48,213.96433810393015,213.53582541147867,212.81466881434122,391.3058439890544,1.838716504689948,5,5,0
16,32,20,226.57098869482675,225.69917142391205,225.53234299023947,390.4488186041514,1.7312320416103208,5,5,0
16,32,24,241.34816229343414,241.16483827431998,239.0256623427073,410.6991688410441,1.7182220721229375,5,5,0
32,32,96,877.3618539174398,814.8481647173563,779.8523108164469,1225.8281707763672,1.5718722042293072,5,5,0
64,16,128,1278.4032424290974,1171.9114979108174,574.3915239969889,1316.1545991897583,2.2913893123476137,5,5,0
64,16,192,750.5130370457968,640.5537128448486,568.1955416997274,1250.7105668385823,2.201197431252534,5,5,0
64,128,24,1221.6202815373738,851.2339989344279,526.5923341115316,2689.598242441813,5.107552974502966,5,5,0
64,256,16,943.690816561381,895.5894708633423,880.6151350339254,1567.4370924631755,1.77993430967183,5,5,0
