path,block,stride,num_warps,target_ns,pred_ns,relative_error,abs_pct_error,split
triton_stride_load,4,3,32,245.18632888793945,245.0121104012029,-0.0007105554682707016,0.07105554682707016,in_sample
triton_stride_load,4,5,32,237.78400818506876,245.0121104012029,0.030397764220159385,3.0397764220159385,in_sample
triton_stride_load,4,6,32,243.2961662610372,245.0121104012029,0.007052902503710712,0.7052902503710712,in_sample
triton_stride_load,4,7,32,232.46083656946817,245.0121104012029,0.05399306832479689,5.399306832479689,in_sample
triton_stride_load,4,9,32,243.839830160141,245.0121104012029,0.004807583077350408,0.4807583077350408,in_sample
triton_stride_load,4,10,32,244.591494401296,245.0121104012029,0.0017196673209609603,0.17196673209609603,in_sample
triton_stride_load,4,11,32,258.0165167649587,251.7310167800979,-0.024360843498195894,2.4360843498195894,in_sample
triton_stride_load,4,12,32,268.06331674257916,251.7310167800979,-0.0609270233650252,6.09270233650252,in_sample
triton_stride_load,4,13,32,260.0945134957631,251.7310167800979,-0.03215560606510626,3.2155606065106257,in_sample
triton_stride_load,4,14,32,242.36668149630228,251.7310167800979,0.03863705698317488,3.863705698317488,in_sample
triton_stride_load,4,15,32,272.24400639533997,251.7310167800979,-0.07534780980799294,7.534780980799294,in_sample
triton_stride_load,4,17,32,255.4210126399994,251.7310167800979,-0.014446720032005866,1.4446720032005866,in_sample
triton_stride_load,4,18,32,259.6129775047302,251.7310167800979,-0.030360426510222194,3.0360426510222194,in_sample
triton_stride_load,4,19,32,255.60165445009866,251.7310167800979,-0.01514324184766358,1.514324184766358,in_sample
triton_stride_load,4,20,32,256.97948535283405,251.7310167800979,-0.020423686994041512,2.0423686994041512,in_sample
triton_stride_load,4,21,32,259.4923178354899,251.7310167800979,-0.029909560021397108,2.990956002139711,in_sample
triton_stride_load,4,22,32,274.3066648642222,258.4499231589929,-0.05780662206322329,5.780662206322329,in_sample
triton_stride_load,4,23,32,259.51183835665387,258.4499231589929,-0.004091972082605255,0.4091972082605255,in_sample
triton_stride_load,4,24,32,273.27001094818115,258.4499231589929,-0.054232397246101516,5.423239724610152,in_sample
triton_stride_load,4,25,32,268.82384220759076,258.4499231589929,-0.038590025956800944,3.8590025956800944,in_sample
triton_stride_load,4,26,32,273.1383442878723,258.4499231589929,-0.05377648886016051,5.3776488860160505,in_sample
triton_stride_load,4,27,32,273.4471559524536,258.4499231589929,-0.05484508603215621,5.484508603215621,in_sample
triton_stride_load,4,28,32,261.06133063634235,258.4499231589929,-0.010003042085873548,1.0003042085873548,in_sample
triton_stride_load,4,29,32,264.0184859434764,258.4499231589929,-0.02109156396600076,2.109156396600076,in_sample
triton_stride_load,4,30,32,255.63648343086243,258.4499231589929,0.011005626780542732,1.1005626780542732,in_sample
triton_stride_load,4,31,32,260.2193355560303,258.4499231589929,-0.006799696084291984,0.6799696084291984,in_sample
triton_stride_load,4,40,32,290.7596528530121,286.99677252947913,-0.012941549099438565,1.2941549099438565,in_sample
triton_stride_load,4,48,32,288.2078190644582,286.99677252947913,-0.004201990559833502,0.42019905598335017,in_sample
triton_stride_load,4,63,32,280.13567129770917,286.99677252947913,0.02449206557660566,2.449206557660566,in_sample
triton_stride_load,4,65,32,290.2170221010844,286.99677252947913,-0.011096005149152322,1.1096005149152322,in_sample
triton_stride_load,4,80,32,288.2225116093953,286.99677252947913,-0.004252752753668765,0.4252752753668765,in_sample
triton_stride_load,4,96,32,272.4999984105428,286.99677252947913,0.05319917138896946,5.319917138896946,in_sample
triton_stride_load,4,127,32,265.5128240585327,286.99677252947913,0.08091491831750552,8.091491831750552,in_sample
triton_stride_load,4,129,32,265.75881242752075,286.99677252947913,0.07991441528491361,7.991441528491361,in_sample
triton_stride_load,4,160,32,255.03982106844583,286.99677252947913,0.1253018110158448,12.530181101584482,in_sample
triton_stride_load,4,192,32,260.85415482521057,286.99677252947913,0.10021928813741088,10.021928813741088,in_sample
triton_stride_load,4,255,32,249.39348300298056,286.99677252947913,0.15077895810953956,15.077895810953956,in_sample
triton_stride_load,8,3,32,243.67050329844156,246.8197454849446,0.012924183041744364,1.2924183041744364,in_sample
triton_stride_load,8,5,32,259.6081495285034,253.53865186383956,-0.023379457369451573,2.3379457369451573,in_sample
triton_stride_load,8,6,32,257.4928204218547,253.53865186383956,-0.015356422565634742,1.5356422565634742,in_sample
triton_stride_load,8,7,32,245.7644840081533,253.53865186383956,0.03163259283399289,3.163259283399289,in_sample
triton_stride_load,8,9,32,257.6598326365153,253.53865186383956,-0.015994657492809816,1.5994657492809816,in_sample
triton_stride_load,8,10,32,275.15814701716107,260.25755824273455,-0.0541528169743678,5.415281697436781,in_sample
triton_stride_load,8,11,32,274.2128372192383,260.25755824273455,-0.05089214319075164,5.089214319075164,in_sample
triton_stride_load,8,12,32,270.014355580012,260.25755824273455,-0.03613436521298696,3.6134365212986963,in_sample
triton_stride_load,8,13,32,270.74334025382996,260.25755824273455,-0.038729602734695834,3.8729602734695834,in_sample
triton_stride_load,8,14,32,279.47817246119183,266.97646462162953,-0.044732322848211936,4.473232284821194,in_sample
triton_stride_load,8,15,32,277.3851752281189,266.97646462162953,-0.03752439400530094,3.7524394005300943,in_sample
triton_stride_load,8,17,32,289.6546721458435,266.97646462162953,-0.07829394691343117,7.829394691343117,in_sample
triton_stride_load,8,18,32,289.89481925964355,266.97646462162953,-0.07905748262954382,7.905748262954382,in_sample
triton_stride_load,8,19,32,304.917852083842,273.6953710005245,-0.10239636961214182,10.239636961214183,in_sample
triton_stride_load,8,20,32,303.6869963010152,273.6953710005245,-0.09875834548662377,9.875834548662377,in_sample
triton_stride_load,8,21,32,306.58366282780963,273.6953710005245,-0.10727346501094082,10.727346501094082,in_sample
triton_stride_load,8,22,32,303.93250783284503,273.6953710005245,-0.09948635322994193,9.948635322994193,in_sample
triton_stride_load,8,23,32,296.7931826909383,280.4142773794195,-0.05518625853537462,5.518625853537462,in_sample
triton_stride_load,8,24,32,307.94551968574524,280.4142773794195,-0.08940296431141792,8.940296431141793,in_sample
triton_stride_load,8,25,32,301.63365602493286,280.4142773794195,-0.070348179726202,7.0348179726202,in_sample
triton_stride_load,8,26,32,308.7560137112935,280.4142773794195,-0.09179330951712361,9.17933095171236,in_sample
triton_stride_load,8,27,32,306.698481241862,280.4142773794195,-0.08570046958176758,8.570046958176757,in_sample
triton_stride_load,8,28,32,295.702189207077,287.13318375831443,-0.028978498508043904,2.8978498508043904,in_sample
triton_stride_load,8,29,32,296.93100849787396,287.13318375831443,-0.032996973906919136,3.2996973906919136,in_sample
triton_stride_load,8,30,32,295.78133424123126,287.13318375831443,-0.029238323997360927,2.9238323997360927,in_sample
triton_stride_load,8,31,32,296.46267493565875,287.13318375831443,-0.03146936179864501,3.1469361798645012,in_sample
triton_stride_load,8,40,32,302.4603525797526,315.6800331288007,0.043707151817732326,4.370715181773233,in_sample
triton_stride_load,8,48,32,307.5130085150401,315.6800331288007,0.026558306112637764,2.6558306112637764,in_sample
triton_stride_load,8,63,32,296.11900448799133,315.6800331288007,0.06605799811677615,6.605799811677615,in_sample
triton_stride_load,8,65,32,297.465185324351,315.6800331288007,0.061233544976325494,6.123354497632549,in_sample
triton_stride_load,8,80,32,298.7036506334941,315.6800331288007,0.0568335286806938,5.68335286806938,in_sample
triton_stride_load,8,96,32,340.86082379023236,315.6800331288007,-0.07387411196579186,7.387411196579185,in_sample
triton_stride_load,8,127,32,380.63834110895795,315.6800331288007,-0.1706562397022503,17.06562397022503,in_sample
triton_stride_load,8,129,32,374.97801582018536,315.6800331288007,-0.15813722455617252,15.813722455617253,in_sample
triton_stride_load,8,192,32,477.22968459129333,315.6800331288007,-0.3385155129250734,33.851551292507345,in_sample
triton_stride_load,16,3,32,256.8233211835225,257.1539220313229,0.0012872695761305675,0.12872695761305675,in_sample
triton_stride_load,16,5,32,273.7331688404083,263.8728284102179,-0.036021723169175734,3.6021723169175734,in_sample
triton_stride_load,16,6,32,274.84965324401855,263.8728284102179,-0.039937561151132894,3.9937561151132894,in_sample
triton_stride_load,16,7,32,274.1828461488088,270.5917347891129,-0.01309750558846734,1.309750558846734,in_sample
triton_stride_load,16,9,32,303.28164498011273,277.31064116800786,-0.08563328589769381,8.56332858976938,in_sample
triton_stride_load,16,10,32,305.376668771108,277.31064116800786,-0.09190626027863547,9.190626027863546,in_sample
triton_stride_load,16,11,32,306.39031529426575,284.02954754690285,-0.07298131380519324,7.298131380519324,in_sample
triton_stride_load,16,12,32,308.67717663447064,284.02954754690285,-0.07984921125786704,7.984921125786704,in_sample
triton_stride_load,16,13,32,305.27785420417786,290.74845392579783,-0.04759401993392676,4.759401993392675,in_sample
triton_stride_load,16,14,32,298.3684837818146,290.74845392579783,-0.025538990443739307,2.5538990443739307,in_sample
triton_stride_load,16,15,32,289.4654870033264,297.4673603046928,0.02764361784268421,2.764361784268421,in_sample
triton_stride_load,16,17,32,311.1176590124766,297.4673603046928,-0.043875036701907066,4.387503670190707,in_sample
triton_stride_load,16,18,32,311.80834770202637,304.18626668358775,-0.02444476254279926,2.444476254279926,in_sample
triton_stride_load,16,19,32,308.17583203315735,304.18626668358775,-0.012945743743916771,1.294574374391677,in_sample
triton_stride_load,16,20,32,312.21482157707214,310.90517306248273,-0.004194703210994466,0.4194703210994466,in_sample
triton_stride_load,16,21,32,312.5781714916229,310.90517306248273,-0.005352256112948095,0.5352256112948095,in_sample
triton_stride_load,16,22,32,313.4741683801015,317.6240794413777,0.013238446672404258,1.3238446672404258,in_sample
triton_stride_load,16,23,32,300.4881540934245,317.6240794413777,0.057026958016539675,5.7026958016539675,in_sample
triton_stride_load,16,24,32,315.17518560091656,324.3429858202727,0.029087950569067544,2.9087950569067544,in_sample
triton_stride_load,16,25,32,311.6978307565053,324.3429858202727,0.04056863351623918,4.056863351623918,in_sample
triton_stride_load,16,26,32,316.0404960314433,331.0618921991677,0.047529972760927075,4.7529972760927075,in_sample
triton_stride_load,16,27,32,316.1180118719737,331.0618921991677,0.047273106137483145,4.7273106137483145,in_sample
triton_stride_load,16,28,32,305.6883215904236,337.7807985780626,0.10498430826755012,10.498430826755012,in_sample
triton_stride_load,16,29,32,307.1451783180237,337.7807985780626,0.09974312612623293,9.974312612623294,in_sample
triton_stride_load,16,30,32,309.72400307655334,344.4997049569576,0.11227964747636587,11.227964747636587,in_sample
triton_stride_load,16,31,32,309.990515311559,344.4997049569576,0.11132337262227132,11.132337262227132,in_sample
triton_stride_load,16,40,32,312.46332327524823,373.04655432744386,0.19388909526135967,19.38890952613597,in_sample
triton_stride_load,16,48,32,381.5203408400218,373.04655432744386,-0.02221057596541398,2.221057596541398,in_sample
triton_stride_load,16,63,32,444.4478352864583,373.04655432744386,-0.16065165648291313,16.065165648291313,in_sample
triton_stride_load,16,65,32,416.77648822466534,373.04655432744386,-0.10492418630306388,10.492418630306389,in_sample
triton_stride_load,16,255,32,516.2473420302073,373.04655432744386,-0.2773879418722204,27.738794187222037,in_sample
triton_stride_load,32,3,32,251.57966216405234,271.10336874518464,0.07760447093851774,7.7604470938517744,in_sample
triton_stride_load,32,5,32,280.5044849713643,284.54118150297455,0.014390844880866505,1.4390844880866505,in_sample
triton_stride_load,32,6,32,284.58450237909955,291.26008788186954,0.02345730511311306,2.345730511311306,in_sample
triton_stride_load,32,7,32,284.8353187243144,297.9789942607645,0.04614482359602179,4.614482359602179,in_sample
triton_stride_load,32,9,32,285.69166858990985,311.4168070185545,0.0900451124655346,9.00451124655346,in_sample
triton_stride_load,32,10,32,286.83799505233765,318.1357133974495,0.10911287515937751,10.911287515937751,in_sample
triton_stride_load,32,11,32,290.86365302403766,324.85461977634446,0.11686220123728464,11.686220123728464,in_sample
triton_stride_load,32,12,32,288.13933332761127,331.5735261552394,0.15074024197260116,15.074024197260115,in_sample
triton_stride_load,32,13,32,293.83482535680133,338.2924325341344,0.15130135484569784,15.130135484569784,in_sample
triton_stride_load,32,14,32,296.31465673446655,345.01133891302936,0.1643411187121968,16.43411187121968,in_sample
triton_stride_load,32,15,32,299.0294893582662,351.73024529192435,0.17623932691975264,17.623932691975263,in_sample
triton_stride_load,32,17,32,301.415354013443,365.16805804971426,0.21151113633523777,21.151113633523778,in_sample
triton_stride_load,32,18,32,301.6195098559062,371.88696442860925,0.23296720628672918,23.29672062867292,in_sample
triton_stride_load,32,19,32,299.4050184885661,378.60587080750423,0.26452747091132256,26.452747091132256,in_sample
triton_stride_load,32,20,32,306.7683180173238,385.3247771863992,0.2560774843921112,25.60774843921112,in_sample
triton_stride_load,32,21,32,365.7820026079814,392.0436835652942,0.0717959898794096,7.1795989879409605,in_sample
triton_stride_load,32,22,32,371.1165090401967,398.7625899441892,0.07449434404169297,7.449434404169297,in_sample
triton_stride_load,32,23,32,376.28984451293945,405.4814963230842,0.07757757015188571,7.757757015188571,in_sample
triton_stride_load,32,24,32,374.22067920366925,412.20040270197916,0.10149017841325514,10.149017841325513,in_sample
triton_stride_load,32,25,32,429.9995203812917,418.91930908087414,-0.02576796199817255,2.576796199817255,in_sample
triton_stride_load,32,26,32,432.081679503123,425.63821545976907,-0.014912606456176647,1.4912606456176647,in_sample
triton_stride_load,32,27,32,433.8111678759257,432.35712183866406,-0.0033517948474703907,0.33517948474703907,in_sample
triton_stride_load,32,28,32,438.91051411628723,439.07602821755904,0.0003771021562448684,0.03771021562448684,in_sample
triton_stride_load,32,29,32,434.3348244825999,445.79493459645397,0.026385427711226983,2.6385427711226983,in_sample
triton_stride_load,32,30,32,433.1821799278259,452.51384097534896,0.0446270921180183,4.46270921180183,in_sample
triton_stride_load,32,31,32,434.4720145066579,459.23274735424394,0.05699039758798219,5.699039758798219,in_sample
triton_stride_load,32,160,32,566.8795307477316,487.7795967247302,-0.1395357033242427,13.95357033242427,in_sample
triton_stride_load,64,3,32,283.0174962679545,295.7009896653074,0.04481522720187048,4.481522720187048,in_sample
triton_stride_load,64,5,32,286.461999018987,312.6286108734561,0.0913440943094681,9.13440943094681,in_sample
triton_stride_load,64,6,32,290.5695041020711,321.0924214775305,0.10504515079716459,10.504515079716459,in_sample
triton_stride_load,64,7,32,296.93851868311566,329.55623208160483,0.10984668995839453,10.984668995839453,in_sample
triton_stride_load,64,9,32,299.73800977071124,346.48385328975354,0.15595567460663795,15.595567460663794,in_sample
triton_stride_load,64,10,32,303.59182755152386,354.9476638938279,0.16916079973723352,16.916079973723352,in_sample
triton_stride_load,64,11,32,371.92198634147644,363.4114744979023,-0.022882518797262774,2.2882518797262774,in_sample
triton_stride_load,64,12,32,375.8389949798584,371.8752851019766,-0.010546297565781404,1.0546297565781404,in_sample
triton_stride_load,64,13,32,429.43500479062396,380.33909570605095,-0.11432675151507565,11.432675151507565,in_sample
triton_stride_load,64,14,32,440.4176672299703,388.8029063101253,-0.11719502817513816,11.719502817513817,in_sample
triton_stride_load,64,15,32,436.3916714986165,397.2667169141997,-0.0896555941364725,8.96555941364725,in_sample
triton_stride_load,64,21,32,592.2751923402151,448.04958053864584,-0.2435111476334182,24.35111476334182,in_sample
triton_stride_load,64,80,32,637.0576918125153,562.9794401750551,-0.11628185734120489,11.628185734120489,in_sample
triton_stride_load,64,96,32,600.9421745936075,562.9794401750551,-0.06317202556839208,6.317202556839208,in_sample
triton_stride_load,64,127,32,592.5943354765574,562.9794401750551,-0.049974988839011414,4.997498883901141,in_sample
triton_stride_load,64,129,32,599.5180010795593,562.9794401750551,-0.060946561802496024,6.094656180249602,in_sample
triton_stride_load,64,160,32,601.1925141016642,557.55653492383,-0.07258237279124735,7.258237279124735,in_sample
triton_stride_load,64,192,32,616.3016359011332,553.4893559854112,-0.10191808078503672,10.191808078503673,in_sample
triton_stride_load,128,3,32,300.508846839269,344.89623150555303,0.14770741405169074,14.770741405169074,in_sample
triton_stride_load,128,5,32,313.87998660405475,368.8034696144192,0.17498243072008268,17.49824307200827,in_sample
triton_stride_load,128,6,32,388.4113132953644,380.75708866885236,-0.019706492484917404,1.9706492484917404,in_sample
triton_stride_load,128,7,32,447.04915086428326,392.7107077232855,-0.12154914741688883,12.154914741688883,in_sample
triton_stride_load,128,25,32,723.9978313446045,607.8758507030815,-0.1603899564531318,16.038995645313182,in_sample
triton_stride_load,128,26,32,730.6241591771444,619.8294697575146,-0.15164388971808818,15.164388971808817,in_sample
triton_stride_load,128,27,32,738.8909657796224,631.7830888119478,-0.1449576215276397,14.49576215276397,in_sample
triton_stride_load,128,28,32,747.4201321601868,643.7367078663808,-0.13872174408005455,13.872174408005456,in_sample
triton_stride_load,128,29,32,750.5011757214864,655.690326920814,-0.12633004699763073,12.633004699763074,in_sample
triton_stride_load,128,30,32,757.416844367981,667.6439459752471,-0.11852508834503672,11.852508834503672,in_sample
triton_stride_load,128,31,32,762.8346880276998,679.5975650296803,-0.1091155453525956,10.91155453525956,in_sample
triton_stride_load,128,40,32,740.7291730244955,713.3791270757046,-0.03692313863799512,3.6923138637995123,in_sample
triton_stride_load,128,48,32,734.372635682424,713.3791270757046,-0.02858699737254089,2.858699737254089,in_sample
triton_stride_load,128,63,32,733.9802980422974,713.3791270757046,-0.028067743809392587,2.8067743809392587,in_sample
triton_stride_load,128,65,32,724.8483101526896,712.9272183047692,-0.016446326329172534,1.6446326329172534,in_sample
triton_stride_load,128,80,32,695.2723662058512,702.0814078023191,0.009793344202107868,0.9793344202107868,in_sample
triton_stride_load,128,96,32,721.7886249224345,694.398958696417,-0.03794693526648585,3.794693526648585,in_sample
triton_stride_load,128,127,32,694.4776773452759,684.9088745067731,-0.013778416716114794,1.3778416716114794,in_sample
triton_stride_load,128,129,32,714.5794828732809,684.4569657358377,-0.042154186986061215,4.215418698606122,in_sample
triton_stride_load,128,160,32,693.5258309046427,679.0340604846127,-0.020895790429502514,2.0895790429502514,in_sample
triton_stride_load,128,192,32,690.0544762611389,674.9668815461939,-0.02186435308222734,2.186435308222734,in_sample
triton_stride_load,128,255,32,713.7856284777323,670.4477938368398,-0.06071547662470833,6.071547662470833,in_sample
triton_stride_load,256,3,32,394.590159257253,443.28671518604426,0.12341046725659366,12.341046725659366,in_sample
triton_stride_load,256,11,32,724.9951958656311,594.7526028272492,-0.17964614632083808,17.96461463208381,in_sample
triton_stride_load,256,12,32,744.413157304128,613.6858387823999,-0.1756112412026053,17.56112412026053,in_sample
triton_stride_load,256,13,32,759.1240008672079,632.6190747375505,-0.16664593134341787,16.664593134341786,in_sample
triton_stride_load,256,14,32,762.8339529037476,651.5523106927011,-0.1458792464434101,14.58792464434101,in_sample
triton_stride_load,256,15,32,770.9720333417257,670.4855466478517,-0.13033739532460364,13.033739532460364,in_sample
triton_stride_load,256,17,32,800.2484639485677,708.352018558153,-0.11483489132485358,11.483489132485358,in_sample
triton_stride_load,256,18,32,812.2938672701517,727.2852545133037,-0.10465253547036313,10.465253547036312,in_sample
triton_stride_load,256,19,32,846.68896595637,746.2184904684543,-0.11866279062043772,11.866279062043771,in_sample
triton_stride_load,256,20,32,896.248976389567,765.1517264236049,-0.14627324930854801,14.627324930854801,in_sample
triton_stride_load,256,21,32,912.7363165219625,784.0849623787556,-0.14095128222074127,14.095128222074127,in_sample
triton_stride_load,256,22,32,927.5351564089457,803.0181983339062,-0.13424500108127502,13.424500108127502,in_sample
triton_stride_load,256,23,32,924.0341385205587,821.9514342890568,-0.11047503547319504,11.047503547319504,in_sample
triton_stride_load,256,24,32,945.4556504885355,840.8846702442074,-0.11060379214011173,11.060379214011174,in_sample
triton_stride_load,256,25,32,965.3136928876241,859.817906199358,-0.10928653293282065,10.928653293282064,in_sample
triton_stride_load,256,26,32,975.8406480153402,878.7511421545087,-0.09949319702790782,9.949319702790781,in_sample
triton_stride_load,256,27,32,993.811309337616,897.6843781096594,-0.09672553564723063,9.672553564723064,in_sample
triton_stride_load,256,28,32,998.6103177070618,916.6176140648099,-0.08210680601670295,8.210680601670294,in_sample
triton_stride_load,256,29,32,997.7005322774252,935.5508500199606,-0.06229292282284049,6.2292922822840495,in_sample
triton_stride_load,256,30,32,1026.825527350108,954.4840859751112,-0.07045154161845368,7.045154161845368,in_sample
triton_stride_load,256,31,32,1044.4103280703227,973.4173219302618,-0.06797424750790171,6.797424750790171,in_sample
triton_stride_load,256,40,32,1028.1578501065571,991.1311535592973,-0.036012657534465586,3.6012657534465586,in_sample
triton_stride_load,256,48,32,1025.2556602160137,975.7662553474931,-0.0482703064112745,4.82703064112745,in_sample
triton_stride_load,256,63,32,940.8183296521505,957.6899045100763,0.017932872188155313,1.7932872188155313,in_sample
triton_stride_load,256,65,32,916.3740277290344,955.8822694263346,0.04311366374624326,4.311366374624326,in_sample
triton_stride_load,256,80,32,1029.9644867579143,945.0364589238845,-0.08245723898827151,8.245723898827151,in_sample
triton_stride_load,256,96,32,1043.05632909139,937.3540098179824,-0.10133903253862153,10.133903253862153,in_sample
triton_stride_load,256,127,32,902.4726748466492,927.8639256283386,0.028135201751126715,2.8135201751126715,in_sample
triton_stride_load,256,129,32,899.9590078989664,927.4120168574032,0.030504732679467406,3.0504732679467406,in_sample
triton_stride_load,256,160,32,1016.9216791788737,921.9891116061781,-0.0933528800854655,9.335288008546549,in_sample
triton_stride_load,256,192,32,858.5825363794962,917.9219326677594,0.06911321133840875,6.911321133840875,in_sample
triton_stride_load,256,255,32,967.6406979560852,913.4028449584051,-0.05605164511191485,5.605164511191485,in_sample
triton_stride_load,512,6,32,748.3291625976562,738.7450918167837,-0.012807292913192936,1.2807292913192936,in_sample
triton_stride_load,512,7,32,766.0611669222513,771.6375615733693,0.0072793073084775894,0.7279307308477589,in_sample
triton_stride_load,512,9,32,831.1213254928589,837.4225010865407,0.007581535210813062,0.7581535210813062,in_sample
triton_stride_load,512,10,32,902.502159277598,870.3149708431263,-0.035664389390753115,3.5664389390753115,in_sample
triton_stride_load,512,11,32,932.2581688563029,903.207440599712,-0.03116167734119235,3.116167734119235,in_sample
triton_stride_load,512,12,32,957.2355151176453,936.0999103562975,-0.022079837644500833,2.2079837644500833,in_sample
triton_stride_load,512,13,32,993.6085343360901,968.9923801128832,-0.024774499586655563,2.4774499586655563,in_sample
triton_stride_load,512,14,32,1000.5530118942261,1001.8848498694689,0.0013311018600816737,0.13311018600816737,in_sample
triton_stride_load,512,15,32,1034.8920027414958,1034.7773196260546,-0.00011081650562327905,0.011081650562327905,in_sample
triton_stride_load,512,17,32,1114.1351262728374,1087.0049960111633,-0.024350843647155895,2.4350843647155895,in_sample
triton_stride_load,512,18,32,1141.1862969398499,1108.147837723428,-0.028950977859632743,2.8950977859632743,in_sample
triton_stride_load,512,19,32,1164.2265319824219,1130.1944969775634,-0.029231454592354433,2.9231454592354433,in_sample
triton_stride_load,512,20,32,1177.6652932167053,1153.14497377357,-0.020821127687443264,2.0821127687443264,in_sample
triton_stride_load,512,21,32,1190.3622547785442,1177.4511768823827,-0.010846343492774357,1.0846343492774357,in_sample
triton_stride_load,512,22,32,1213.2628560066223,1202.2092887621309,-0.00911061209017272,0.9110612090172721,in_sample
triton_stride_load,512,23,32,1233.7086200714111,1227.8712181837498,-0.004731588798758235,0.4731588798758235,in_sample
triton_stride_load,512,24,32,1256.1268210411072,1253.985056376304,-0.0017050544809066315,0.17050544809066315,in_sample
triton_stride_load,512,25,32,1271.237889925639,1280.550803339794,0.0073258620498637406,0.7325862049863741,in_sample
triton_stride_load,512,26,32,1291.908860206604,1308.0203678451544,0.012471086881449045,1.2471086881449045,in_sample
triton_stride_load,512,27,32,1307.681719462077,1335.4899323505151,0.02126527615594198,2.126527615594198,in_sample
triton_stride_load,512,28,32,1323.9719470342,1363.411405626811,0.02978874188456837,2.978874188456837,in_sample
triton_stride_load,512,29,32,1339.7014538447063,1391.7847876740425,0.0388768211603161,3.88768211603161,in_sample
triton_stride_load,512,30,32,1360.1233561833699,1420.6100784922094,0.044471497407831295,4.4471497407831295,in_sample
triton_stride_load,512,31,32,1382.8171888987224,1449.4353693103765,0.048175695924570494,4.817569592457049,in_sample
triton_stride_load,512,40,32,1440.4801925023396,1477.041255802428,0.02538116351088182,2.538116351088182,in_sample
triton_stride_load,512,48,32,1403.4241835276287,1461.6763575906239,0.04150717562567108,4.150717562567108,in_sample
triton_stride_load,512,63,32,1373.0080127716064,1443.600006753207,0.05141411654189909,5.141411654189909,in_sample
triton_stride_load,512,65,32,1330.7126363118489,1441.7923716694652,0.08347387131265283,8.347387131265283,in_sample
triton_stride_load,512,80,32,1342.711369196574,1430.9465611670153,0.06571419144476143,6.571419144476143,in_sample
triton_stride_load,512,96,32,1322.8475252787273,1423.264112061113,0.07590941878296054,7.590941878296054,in_sample
triton_stride_load,512,127,32,1286.131501197815,1413.7740278714693,0.09924531554881977,9.924531554881977,in_sample
triton_stride_load,512,129,32,1277.8242031733196,1413.3221191005339,0.10603799457759666,10.603799457759667,in_sample
triton_stride_load,512,160,32,1309.005339940389,1407.8992138493088,0.07554886973449881,7.554886973449881,in_sample
triton_stride_load,512,192,32,1170.5632209777832,1403.8320349108901,0.1992791245724046,19.92791245724046,in_sample
triton_stride_load,512,255,32,1311.8220965067546,1399.3129472015357,0.06669414315230715,6.669414315230715,in_sample
triton_stride_load,1024,3,32,747.9666570822397,801.593967134141,0.07169746076796701,7.169746076796701,in_sample
triton_stride_load,1024,5,32,892.0778433481852,923.2158418530526,0.034905023969656,3.4905023969656,in_sample
triton_stride_load,1024,6,32,921.4919805526733,984.0267792125081,0.06786255331525393,6.786255331525393,in_sample
triton_stride_load,1024,7,32,999.2594917615255,1044.8377165719637,0.04561200087285777,4.561200087285777,in_sample
triton_stride_load,1024,9,32,1114.0218377113342,1115.3939001751728,0.0012316297736651993,0.12316297736651993,in_sample
triton_stride_load,1024,10,32,1162.0023449261982,1135.0811393795054,-0.023167944250923722,2.316794425092372,in_sample
triton_stride_load,1024,11,32,1199.3064880371094,1161.9989189188047,-0.031107618853430385,3.1107618853430385,in_sample
triton_stride_load,1024,12,32,1238.453467686971,1194.7915124802644,-0.03525522463775155,3.5255224637751548,in_sample
triton_stride_load,1024,13,32,1290.4305458068848,1232.1031937510782,-0.04519991583067762,4.519991583067762,in_sample
triton_stride_load,1024,14,32,1330.1350275675456,1272.57823641844,-0.043271389713239405,4.32713897132394,in_sample
triton_stride_load,1024,15,32,1370.6810077031453,1315.7647317114145,-0.04006495726073722,4.006495726073722,in_sample
triton_stride_load,1024,17,32,1464.659571647644,1408.0125363195236,-0.03867590559927603,3.867590559927603,in_sample
triton_stride_load,1024,18,32,1501.2013514836628,1457.0738456346585,-0.029394794912349642,2.939479491234964,in_sample
triton_stride_load,1024,19,32,1585.8040650685627,1507.038972491664,-0.049668867870819366,4.966886787081936,in_sample
triton_stride_load,1024,20,32,1580.4104804992676,1557.9079168905405,-0.014238429753780313,1.4238429753780313,in_sample
triton_stride_load,1024,21,32,1693.772792816162,1610.1325876022233,-0.04938100645416188,4.938100645416188,in_sample
triton_stride_load,1024,22,32,1715.3984308242798,1662.8091670848416,-0.030657171415370832,3.065717141537083,in_sample
triton_stride_load,1024,23,32,1760.2489789326985,1716.3895641093304,-0.024916597224763914,2.4916597224763914,in_sample
triton_stride_load,1024,24,32,1790.059010187785,1770.4218699047547,-0.010970107784865846,1.0970107784865846,in_sample
triton_stride_load,1024,25,32,1878.1380653381348,1824.9060844711148,-0.028342954040195267,2.8342954040195267,in_sample
triton_stride_load,1024,26,32,1916.6577259699504,1880.2941165793452,-0.018972406443723777,1.8972406443723777,in_sample
triton_stride_load,1024,27,32,1931.8756262461345,1935.682148687576,0.0019703765551606356,0.19703765551606356,in_sample
triton_stride_load,1024,28,32,1974.6140241622925,1991.5220895667421,0.00856271919350049,0.856271919350049,in_sample
triton_stride_load,1024,29,32,1982.277750968933,2047.8139392168437,0.033061052224329535,3.3061052224329535,in_sample
triton_stride_load,1024,30,32,2053.9453824361167,2104.5576976378807,0.024641509766795355,2.4641509766795355,in_sample
triton_stride_load,1024,31,32,2097.1888303756714,2161.3014560589177,0.030570745349507655,3.0570745349507655,in_sample
triton_stride_load,1024,40,32,2190.5333598454795,2216.825810153839,0.012002761879971624,1.2002761879971624,in_sample
triton_stride_load,1024,48,32,2147.6051410039267,2201.4609119420347,0.02507712889573943,2.507712889573943,in_sample
triton_stride_load,1024,63,32,2216.5117263793945,2183.384561104618,-0.014945630506042362,1.4945630506042362,in_sample
triton_stride_load,1024,65,32,2196.896274884542,2181.5769260208763,-0.006973178041585482,0.6973178041585482,in_sample
triton_stride_load,1024,80,32,2122.9791243871055,2170.7311155184266,0.022492916007879726,2.2492916007879726,in_sample
triton_stride_load,1024,96,32,2136.081059773763,2163.048666412524,0.012624804903994313,1.2624804903994313,in_sample
triton_stride_load,1024,127,32,2116.1347230275474,2153.5585822228804,0.017685007853276424,1.7685007853276424,in_sample
triton_stride_load,1024,129,32,2095.4043865203857,2156.2700348484927,0.029047208605485597,2.9047208605485597,in_sample
triton_stride_load,1024,160,32,2119.5031801859536,2170.7311155184266,0.02416978460394592,2.416978460394592,in_sample
triton_stride_load,1024,192,32,1981.2699953715007,2163.048666412524,0.09174856100666817,9.174856100666817,in_sample
triton_stride_load,1024,255,32,2028.4486611684163,2154.010490993816,0.06190042283499264,6.190042283499264,in_sample
triton_stride_load,2048,3,32,1230.3668856620789,1431.8593541892312,0.16376616672247835,16.376616672247835,in_sample
triton_stride_load,2048,5,32,1382.8285137812297,1480.3244120070362,0.07050469183573038,7.050469183573038,in_sample
triton_stride_load,2048,6,32,1397.4587122599285,1473.6011901068623,0.054486388169421085,5.4486388169421085,in_sample
triton_stride_load,2048,7,32,1438.6204878489177,1502.1268523396516,0.04414393165336539,4.414393165336539,in_sample
triton_stride_load,2048,9,32,1583.4733247756958,1617.926317026834,0.021757860844304755,2.1757860844304755,in_sample
triton_stride_load,2048,10,32,1707.2743972142537,1693.4504914369068,-0.008097061491640245,0.8097061491640245,in_sample
triton_stride_load,2048,11,32,1786.4219347635906,1776.205206181946,-0.005719101620299205,0.5719101620299205,in_sample
triton_stride_load,2048,12,32,1880.721886952718,1864.8347349491457,-0.00844736912660371,0.844736912660371,in_sample
triton_stride_load,2048,13,32,1981.746236483256,1957.9833514256998,-0.011990881889966443,1.1990881889966443,in_sample
triton_stride_load,2048,14,32,2082.995891571045,2054.2953292988013,-0.013778501622774164,1.3778501622774164,in_sample
triton_stride_load,2048,15,32,2196.464935938517,2153.318759797516,-0.01964346229026659,1.964346229026659,in_sample
triton_stride_load,2048,17,32,2419.252872467041,2357.240434817106,-0.025632887886869793,2.5632887886869793,in_sample
triton_stride_load,2048,18,32,2500.636577606201,2462.1386793379806,-0.015395239201481115,1.5395239201481115,in_sample
triton_stride_load,2048,19,32,2629.474480946859,2567.940741400726,-0.02340153517062271,2.340153517062271,in_sample
triton_stride_load,2048,20,32,2754.6141942342124,2674.646621005343,-0.029030407741400754,2.9030407741400754,in_sample
triton_stride_load,2048,21,32,2847.248156865438,2782.708226922766,-0.02266747623913634,2.266747623913634,in_sample
triton_stride_load,2048,22,32,2963.869571685791,2891.221741611124,-0.024511142719868872,2.4511142719868872,in_sample
triton_stride_load,2048,23,32,3044.037342071533,3000.6390738413534,-0.014256812040500888,1.4256812040500888,in_sample
triton_stride_load,2048,24,32,3161.082665125529,3110.5083148425174,-0.015999059702224816,1.5999059702224816,in_sample
triton_stride_load,2048,25,32,3218.5072104136148,3220.8294646146173,0.0007215314582762478,0.07215314582762478,in_sample
triton_stride_load,2048,26,32,3265.906572341919,3332.0544319285887,0.02025405752474918,2.025405752474918,in_sample
triton_stride_load,2048,27,32,3368.0640856424966,3443.2793992425595,0.022331912839988144,2.2331912839988144,in_sample
triton_stride_load,2048,28,32,3507.190465927124,3554.9562753274654,0.013619394174452015,1.3619394174452015,in_sample
triton_stride_load,2048,29,32,3512.98451423645,3667.0850601833076,0.04386599067612207,4.386599067612207,in_sample
triton_stride_load,2048,30,32,3672.215223312378,3779.665753810084,0.029260412030203575,2.9260412030203575,in_sample
triton_stride_load,2048,31,32,3774.9826113382974,3892.246447436861,0.031063410927074875,3.1063410927074875,in_sample
triton_stride_load,2048,40,32,3922.116279602051,4003.6077367375233,0.020777419975865907,2.0777419975865907,in_sample
triton_stride_load,2048,48,32,3909.2671871185303,3988.242838525719,0.020202162611811847,2.0202162611811847,in_sample
triton_stride_load,2048,63,32,4220.519463221232,3970.166487688302,-0.059318047864623136,5.931804786462314,in_sample
triton_stride_load,2048,65,32,4168.050924936931,3982.3680245035584,-0.044549095914940606,4.454909591494061,in_sample
triton_stride_load,2048,80,32,3848.657210667928,4003.6077367375233,0.040260931953122414,4.026093195312241,in_sample
triton_stride_load,2048,96,32,3805.809497833252,3988.242838525719,0.04793548936076042,4.793548936076042,in_sample
triton_stride_load,2048,127,32,3984.470764795939,3969.7145789173665,-0.0037034243064218986,0.37034243064218986,in_sample
triton_stride_load,2048,129,32,3972.4884827931724,3975.1374841685915,0.0006668367666498032,0.06668367666498032,in_sample
triton_stride_load,2048,160,32,3770.057121912638,3980.5603894198166,0.05583556447558147,5.583556447558147,in_sample
triton_stride_load,2048,192,32,3628.3723513285317,3968.810761375496,0.0938267567611446,9.38267567611446,in_sample
triton_stride_load,2048,255,32,3699.39653078715,3970.6183964592374,0.07331516462615517,7.331516462615517,in_sample
triton_stride_store,4,3,32,229.9188276131948,228.8097293961952,-0.004823868617082061,0.4823868617082061,in_sample
triton_stride_store,4,5,32,230.19582529862723,228.8097293961952,-0.006021377236680503,0.6021377236680503,in_sample
triton_stride_store,4,6,32,229.80916500091553,228.8097293961952,-0.004348980619273135,0.4348980619273135,in_sample
triton_stride_store,4,7,32,227.4338354667028,228.8097293961952,0.006049644841406465,0.6049644841406465,in_sample
triton_stride_store,4,9,32,227.8896669546763,228.8097293961952,0.004037315310579048,0.4037315310579048,in_sample
triton_stride_store,4,10,32,228.99783154328665,228.8097293961952,-0.0008214145340319501,0.08214145340319501,in_sample
triton_stride_store,4,11,32,236.8191679318746,232.44331534452374,-0.01847761152766847,1.847761152766847,in_sample
triton_stride_store,4,12,32,237.72949973742166,232.44331534452374,-0.022236131396131564,2.2236131396131564,in_sample
triton_stride_store,4,13,32,236.31800214449564,232.44331534452374,-0.01639607124641629,1.6396071246416288,in_sample
triton_stride_store,4,14,32,238.60633373260498,232.44331534452374,-0.025829232156879156,2.5829232156879156,in_sample
triton_stride_store,4,15,32,240.20166198412576,232.44331534452374,-0.032299304573982335,3.2299304573982335,in_sample
triton_stride_store,4,17,32,234.80800787607828,232.44331534452374,-0.010070749089624464,1.0070749089624464,in_sample
triton_stride_store,4,18,32,236.0835075378418,232.44331534452374,-0.015419087217410032,1.5419087217410032,in_sample
triton_stride_store,4,19,32,243.81718039512634,232.44331534452374,-0.046649153403260146,4.664915340326015,in_sample
triton_stride_store,4,20,32,239.7759904464086,232.44331534452374,-0.030581356741486432,3.058135674148643,in_sample
triton_stride_store,4,21,32,247.54865964253744,232.44331534452374,-0.06101969737919799,6.101969737919799,in_sample
triton_stride_store,4,22,32,238.6524776617686,236.07690129285228,-0.010792162705163921,1.0792162705163921,in_sample
triton_stride_store,4,23,32,247.9543387889862,236.07690129285228,-0.047901712686874376,4.790171268687438,in_sample
triton_stride_store,4,24,32,248.1949826081594,236.07690129285228,-0.048824844031753356,4.882484403175336,in_sample
triton_stride_store,4,25,32,246.36202057202658,236.07690129285228,-0.04174799043819066,4.174799043819066,in_sample
triton_stride_store,4,26,32,246.36016289393106,236.07690129285228,-0.04174076474168498,4.174076474168498,in_sample
triton_stride_store,4,27,32,244.75116531054178,236.07690129285228,-0.03544115512865298,3.544115512865298,in_sample
triton_stride_store,4,28,32,246.3755210240682,236.07690129285228,-0.04180049904474825,4.180049904474825,in_sample
triton_stride_store,4,29,32,248.26449155807495,236.07690129285228,-0.04909115350622628,4.909115350622628,in_sample
triton_stride_store,4,30,32,244.91482973098755,236.07690129285228,-0.03608572191338011,3.608572191338011,in_sample
triton_stride_store,4,31,32,240.22099375724792,236.07690129285228,-0.01725116693415818,1.725116693415818,in_sample
triton_stride_store,4,40,32,254.97233867645264,252.0530844965856,-0.011449297578791207,1.1449297578791207,in_sample
triton_stride_store,4,48,32,253.64784399668375,252.0530844965856,-0.006287297676060621,0.6287297676060621,in_sample
triton_stride_store,4,63,32,254.85598047574362,252.0530844965856,-0.010997960392869044,1.0997960392869044,in_sample
triton_stride_store,4,65,32,255.93865911165872,252.0530844965856,-0.015181663561728564,1.5181663561728564,in_sample
triton_stride_store,4,80,32,251.33350491523743,252.0530844965856,0.0028630467775907498,0.286304677759075,in_sample
triton_stride_store,4,96,32,244.78718638420105,252.0530844965856,0.029682510019051866,2.9682510019051866,in_sample
triton_stride_store,4,127,32,240.74999491373697,252.0530844965856,0.046949490432590224,4.694949043259022,in_sample
triton_stride_store,4,129,32,240.3518259525299,252.0530844965856,0.04868387622054815,4.868387622054815,in_sample
triton_stride_store,4,160,32,241.90166592597961,252.0530844965856,0.041965062670185294,4.196506267018529,in_sample
triton_stride_store,4,192,32,239.98833696047464,252.0530844965856,0.050272224429381174,5.027222442938117,in_sample
triton_stride_store,4,255,32,240.54449796676636,252.0530844965856,0.0478438984349967,4.78438984349967,in_sample
triton_stride_store,8,3,32,229.85065976778665,230.11029291889776,0.0011295732253864266,0.11295732253864266,in_sample
triton_stride_store,8,5,32,239.70516522725424,233.7438788672263,-0.02486924449198369,2.486924449198369,in_sample
triton_stride_store,8,6,32,239.59567149480185,233.7438788672263,-0.024423615798512044,2.4423615798512044,in_sample
triton_stride_store,8,7,32,233.8453233242035,233.7438788672263,-0.0004338100738348061,0.04338100738348061,in_sample
triton_stride_store,8,9,32,238.45616976420084,233.7438788672263,-0.019761664802526724,1.9761664802526724,in_sample
triton_stride_store,8,10,32,245.12832363446554,237.37746481555487,-0.03161959705019124,3.161959705019124,in_sample
triton_stride_store,8,11,32,247.73101011912027,237.37746481555487,-0.04179349730414028,4.179349730414028,in_sample
triton_stride_store,8,12,32,246.54701352119446,237.37746481555487,-0.03719188715644828,3.719188715644828,in_sample
triton_stride_store,8,13,32,247.21833070119223,237.37746481555487,-0.039806376241298236,3.9806376241298236,in_sample
triton_stride_store,8,14,32,258.0796778202057,241.01105076388345,-0.0661370441891721,6.6137044189172105,in_sample
triton_stride_store,8,15,32,257.6281825701396,241.01105076388345,-0.0645004426164909,6.45004426164909,in_sample
triton_stride_store,8,17,32,255.30999898910522,241.01105076388345,-0.05600622099345176,5.600622099345176,in_sample
triton_stride_store,8,18,32,255.38715720176697,241.01105076388345,-0.05629142277708887,5.629142277708887,in_sample
triton_stride_store,8,19,32,270.85598309834796,244.64463671221202,-0.09677226283245366,9.677226283245366,in_sample
triton_stride_store,8,20,32,260.8719766139984,244.64463671221202,-0.0622042279604349,6.22042279604349,in_sample
triton_stride_store,8,21,32,274.8838464419047,244.64463671221202,-0.11000722712923616,11.000722712923617,in_sample
triton_stride_store,8,22,32,264.7950053215027,244.64463671221202,-0.0760979935585453,7.60979935585453,in_sample
triton_stride_store,8,23,32,269.64415113131207,248.27822266054056,-0.07923750016875641,7.923750016875641,in_sample
triton_stride_store,8,24,32,271.1928387482961,248.27822266054056,-0.08449565332742215,8.449565332742214,in_sample
triton_stride_store,8,25,32,270.4425056775411,248.27822266054056,-0.08195561922291839,8.195561922291839,in_sample
triton_stride_store,8,26,32,272.6476788520813,248.27822266054056,-0.08938075795892553,8.938075795892553,in_sample
triton_stride_store,8,27,32,271.9789942105611,248.27822266054056,-0.08714191924568937,8.714191924568937,in_sample
triton_stride_store,8,28,32,274.0578353404999,251.9118086088691,-0.08080785832711446,8.080785832711445,in_sample
triton_stride_store,8,29,32,274.2065191268921,251.9118086088691,-0.08130627451532568,8.130627451532568,in_sample
triton_stride_store,8,30,32,269.49334144592285,251.9118086088691,-0.06523921052269,6.523921052268999,in_sample
triton_stride_store,8,31,32,268.4693435827891,251.9118086088691,-0.06167383863258147,6.167383863258147,in_sample
triton_stride_store,8,40,32,272.88785576820374,267.8879918126024,-0.01832204640080537,1.832204640080537,in_sample
triton_stride_store,8,48,32,266.4620081583659,267.8879918126024,0.00535154585110309,0.535154585110309,in_sample
triton_stride_store,8,63,32,260.76899965604144,267.8879918126024,0.02729999411721118,2.729999411721118,in_sample
triton_stride_store,8,65,32,256.90165162086487,267.8879918126024,0.0427647705743488,4.27647705743488,in_sample
triton_stride_store,8,80,32,257.5753529866536,267.8879918126024,0.040037366566214594,4.003736656621459,in_sample
triton_stride_store,8,96,32,249.58532055219015,267.8879918126024,0.0733323226699345,7.33323226699345,in_sample
triton_stride_store,8,127,32,251.79332494735718,267.8879918126024,0.06392014906912324,6.392014906912324,in_sample
triton_stride_store,8,129,32,245.47131856282553,267.8879918126024,0.09132094690744741,9.13209469074474,in_sample
triton_stride_store,8,160,32,248.61701329549155,267.8879918126024,0.07751271025931983,7.751271025931983,in_sample
triton_stride_store,8,192,32,246.99848890304565,267.8879918126024,0.08457340367679955,8.457340367679954,in_sample
triton_stride_store,8,255,32,244.2246675491333,267.8879918126024,0.09689162237761462,9.689162237761462,in_sample
triton_stride_store,16,3,32,238.91415695349374,236.34500591263148,-0.010753448324798853,1.0753448324798853,in_sample
triton_stride_store,16,5,32,247.69498904546103,239.97859186096005,-0.03115281909512002,3.115281909512002,in_sample
triton_stride_store,16,6,32,247.2243309020996,239.97859186096005,-0.029308357372029303,2.9308357372029303,in_sample
triton_stride_store,16,7,32,252.97951698303223,243.61217780928862,-0.03702805383398644,3.702805383398644,in_sample
triton_stride_store,16,9,32,260.893980662028,247.24576375761717,-0.05231326866866759,5.231326866866759,in_sample
triton_stride_store,16,10,32,264.63134090105694,247.24576375761717,-0.0656973474277186,6.56973474277186,in_sample
triton_stride_store,16,11,32,270.2063322067261,250.8793497059457,-0.07152675639738126,7.152675639738126,in_sample
triton_stride_store,16,12,32,274.17351802190143,250.8793497059457,-0.08496140868752666,8.496140868752667,in_sample
triton_stride_store,16,13,32,274.89182353019714,254.5129356542743,-0.07413420891976519,7.413420891976519,in_sample
triton_stride_store,16,14,32,273.6009955406189,254.5129356542743,-0.06976604689843235,6.976604689843235,in_sample
triton_stride_store,16,15,32,279.99916672706604,258.14652160260283,-0.07804539341991845,7.804539341991845,in_sample
triton_stride_store,16,17,32,277.9046793778737,258.14652160260283,-0.07109688767926514,7.109688767926514,in_sample
triton_stride_store,16,18,32,279.1845103104909,261.7801075509314,-0.062340144659900565,6.2340144659900565,in_sample
triton_stride_store,16,19,32,288.73414794603985,261.7801075509314,-0.09335245098943323,9.335245098943323,in_sample
triton_stride_store,16,20,32,279.3496648470561,265.41369349926,-0.049887195516866156,4.988719551686616,in_sample
triton_stride_store,16,21,32,287.31651107470196,265.41369349926,-0.07623236650589593,7.623236650589593,in_sample
triton_stride_store,16,22,32,276.6195038954417,269.0472794475885,-0.0273741523689357,2.73741523689357,in_sample
triton_stride_store,16,23,32,279.21901146570843,269.0472794475885,-0.0364292243738179,3.6429224373817903,in_sample
triton_stride_store,16,24,32,281.1846633752187,272.68086539591707,-0.03024275178178537,3.024275178178537,in_sample
triton_stride_store,16,25,32,282.4855148792267,272.68086539591707,-0.0347085035050434,3.4708503505043398,in_sample
triton_stride_store,16,26,32,283.2251489162445,276.31445134424564,-0.024400013905694906,2.4400013905694906,in_sample
triton_stride_store,16,27,32,282.47901797294617,276.31445134424564,-0.021823095651270386,2.1823095651270386,in_sample
triton_stride_store,16,28,32,284.71649686495465,279.9480372925742,-0.01674809722965298,1.674809722965298,in_sample
triton_stride_store,16,29,32,281.5123498439789,279.9480372925742,-0.005556816787155694,0.5556816787155694,in_sample
triton_stride_store,16,30,32,280.66866596539813,283.58162324090273,0.010378633701361384,1.0378633701361384,in_sample
triton_stride_store,16,31,32,282.9631765683492,283.58162324090273,0.0021856083185585184,0.21856083185585184,in_sample
triton_stride_store,16,40,32,273.4256486097972,299.55780644463607,0.09557317672173404,9.557317672173404,in_sample
triton_stride_store,16,48,32,279.62101499239606,299.55780644463607,0.07129933153551482,7.129933153551482,in_sample
triton_stride_store,16,63,32,269.9146767457326,299.55780644463607,0.10982407498658597,10.982407498658597,in_sample
triton_stride_store,16,65,32,270.212322473526,299.55780644463607,0.1086015756146177,10.860157561461769,in_sample
triton_stride_store,16,255,32,387.1391713619232,299.55780644463607,-0.22622708161817684,22.622708161817684,in_sample
triton_stride_store,32,3,32,221.10716005166373,245.1808459517704,0.10887791193411211,10.88779119341121,in_sample
triton_stride_store,32,5,32,241.6963279247284,252.4480178484275,0.04448429157371181,4.448429157371181,in_sample
triton_stride_store,32,6,32,250.1564919948578,256.08160379675604,0.023685620767419646,2.3685620767419646,in_sample
triton_stride_store,32,7,32,249.62914983431497,259.7151897450846,0.04040409510453413,4.040409510453413,in_sample
triton_stride_store,32,9,32,256.97683294614154,266.98236164174176,0.03893552808200895,3.893552808200895,in_sample
triton_stride_store,32,10,32,253.44415505727133,270.6159475900703,0.06775375241507775,6.775375241507775,in_sample
triton_stride_store,32,11,32,255.98984956741333,274.24953353839885,0.07132971874409,7.132971874409,in_sample
triton_stride_store,32,12,32,258.5270007451375,277.8831194867274,0.07487078210709464,7.4870782107094636,in_sample
triton_stride_store,32,13,32,257.0974926153819,281.516705435056,0.09498036161793788,9.498036161793788,in_sample
triton_stride_store,32,14,32,259.73817706108093,285.1502913833845,0.09783742463214251,9.783742463214251,in_sample
triton_stride_store,32,15,32,261.85233394304913,288.7838773317131,0.10285011778631437,10.285011778631436,in_sample
triton_stride_store,32,17,32,264.4478380680084,296.05104922837023,0.11950640773336318,11.950640773336318,in_sample
triton_stride_store,32,18,32,266.6430175304413,299.68463517669875,0.12391705566595324,12.391705566595324,in_sample
triton_stride_store,32,19,32,279.6126802762349,303.3182211250273,0.08477992065800888,8.477992065800887,in_sample
triton_stride_store,32,20,32,266.319344441096,306.9518070733559,0.15257045152890458,15.25704515289046,in_sample
triton_stride_store,32,21,32,278.51850787798566,310.58539302168447,0.11513376754749371,11.513376754749371,in_sample
triton_stride_store,32,22,32,270.15583713849384,314.21897897001304,0.1631026828745903,16.310268287459028,in_sample
triton_stride_store,32,23,32,270.2236771583557,317.85256491834156,0.17625727049844886,17.625727049844887,in_sample
triton_stride_store,32,24,32,270.93316117922467,321.48615086667013,0.18658841711149643,18.65884171114964,in_sample
triton_stride_store,32,25,32,274.5026648044586,325.1197368149987,0.18439555785950956,18.439555785950958,in_sample
triton_stride_store,32,26,32,270.425150791804,328.7533227633273,0.21569063306700054,21.569063306700052,in_sample
triton_stride_store,32,27,32,277.56168444951373,332.38690871165585,0.1975244687352169,19.75244687352169,in_sample
triton_stride_store,32,28,32,277.7320146560669,336.0204946599844,0.20987310402835568,20.98731040283557,in_sample
triton_stride_store,32,29,32,278.6581615606944,339.65408060831294,0.21889155769203272,21.88915576920327,in_sample
triton_stride_store,32,30,32,279.97734149297077,343.28766655664145,0.22612660269602625,22.612660269602625,in_sample
triton_stride_store,32,31,32,280.2005112171173,346.92125250497,0.23811784281918458,23.811784281918456,in_sample
triton_stride_store,32,129,32,456.1550219853719,362.89743570870337,-0.2044427481490254,20.444274814902542,in_sample
triton_stride_store,64,3,32,248.84932239850363,261.959085928685,0.052681531956062955,5.2681531956062955,in_sample
triton_stride_store,64,5,32,255.1645040512085,273.475412355538,0.07176118940373755,7.176118940373755,in_sample
triton_stride_store,64,6,32,259.08932089805603,279.23357556896457,0.07775023146876325,7.775023146876325,in_sample
triton_stride_store,64,7,32,262.6985013484955,284.9917387823911,0.0848624461862515,8.48624461862515,in_sample
triton_stride_store,64,9,32,264.78464404741925,296.5080652092442,0.1198083872120006,11.98083872120006,in_sample
triton_stride_store,64,10,32,268.42084527015686,302.26622842267074,0.12609074052519875,12.609074052519876,in_sample
triton_stride_store,64,11,32,268.5748239358266,308.0243916360972,0.1468848312814932,14.688483128149322,in_sample
triton_stride_store,64,12,32,272.2606559594472,313.78255484952376,0.15250789264336895,15.250789264336895,in_sample
triton_stride_store,64,13,32,277.60250369707745,319.5407180629503,0.15107289670426116,15.107289670426116,in_sample
triton_stride_store,64,14,32,276.2923340002696,325.29888127637685,0.1773720847284146,17.73720847284146,in_sample
triton_stride_store,64,15,32,280.19000093142193,331.05704448980333,0.1815448209760755,18.15448209760755,in_sample
triton_stride_store,64,40,32,540.2198433876038,441.2884163734592,-0.18313179018705905,18.313179018705906,in_sample
triton_stride_store,64,48,32,514.6788358688354,441.2884163734592,-0.1425945937168468,14.25945937168468,in_sample
triton_stride_store,64,63,32,523.7244864304861,441.2884163734592,-0.157403505455475,15.7403505455475,in_sample
triton_stride_store,64,65,32,524.49631690979,441.2884163734592,-0.15864344105707429,15.864344105707428,in_sample
triton_stride_store,64,127,32,539.5950078964233,441.2884163734592,-0.18218588030716987,18.218588030716987,in_sample
triton_stride_store,64,129,32,534.6264938513438,441.2884163734592,-0.17458558180589867,17.45855818058987,in_sample
triton_stride_store,64,192,32,536.6061627864838,434.4604578792706,-0.19035507228763793,19.03550722876379,in_sample
triton_stride_store,128,3,32,256.46000107129413,295.5155658825142,0.15228715841876195,15.228715841876195,in_sample
triton_stride_store,128,5,32,269.67133084932965,315.53020136975914,0.1700546749852756,17.00546749852756,in_sample
triton_stride_store,128,6,32,273.93635114034015,325.5375191133816,0.1883691877994158,18.83691877994158,in_sample
triton_stride_store,128,7,32,277.6619990666707,335.5448368570041,0.20846510500140458,20.846510500140457,in_sample
triton_stride_store,128,20,32,566.4839843908945,465.6399675240963,-0.1780174191071432,17.80174191071432,in_sample
triton_stride_store,128,21,32,587.904135386149,475.64728526771876,-0.1909441409945133,19.094414099451328,in_sample
triton_stride_store,128,22,32,575.6980081399282,485.65460301134124,-0.15640735916303738,15.640735916303738,in_sample
triton_stride_store,128,23,32,575.8479634920756,495.6619207549637,-0.1392486347452635,13.92486347452635,in_sample
triton_stride_store,128,24,32,571.1768368879954,505.6692384985862,-0.1146888216726738,11.468882167267381,in_sample
triton_stride_store,128,25,32,591.9699966907501,515.6765562422087,-0.12888058664297097,12.888058664297098,in_sample
triton_stride_store,128,26,32,581.9646616776785,525.6838739858313,-0.09670825635632552,9.670825635632552,in_sample
triton_stride_store,128,27,32,618.5803512732188,535.6911917294536,-0.13399901786915003,13.399901786915002,in_sample
triton_stride_store,128,28,32,601.9990046819051,545.6985094730761,-0.09352257191617463,9.352257191617463,in_sample
triton_stride_store,128,29,32,624.526689449946,555.7058272166986,-0.11019683128972702,11.019683128972702,in_sample
triton_stride_store,128,30,32,614.152212937673,565.7131449603211,-0.07887143766144455,7.8871437661444554,in_sample
triton_stride_store,128,31,32,688.1866852442423,575.7204627039436,-0.16342400245710031,16.34240024571003,in_sample
triton_stride_store,128,40,32,664.3606821695963,598.0703777029707,-0.09978059545929474,9.978059545929474,in_sample
triton_stride_store,128,48,32,653.6639928817749,598.0703777029707,-0.0850492237360535,8.50492237360535,in_sample
triton_stride_store,128,63,32,651.0465343793234,598.0703777029707,-0.08137076826137712,8.137076826137712,in_sample
triton_stride_store,128,65,32,655.2329659461975,597.745236822295,-0.08773631992231434,8.773631992231435,in_sample
triton_stride_store,128,80,32,673.5926667849222,589.9418556860796,-0.1241860477758916,12.41860477758916,in_sample
triton_stride_store,128,96,32,672.3694602648417,584.4144607145937,-0.1308134957759728,13.08134957759728,in_sample
triton_stride_store,128,127,32,654.8499763011932,577.5865022204051,-0.11798652649756125,11.798652649756125,in_sample
triton_stride_store,128,129,32,648.7666368484497,577.2613613397294,-0.11021725139269722,11.021725139269723,in_sample
triton_stride_store,128,160,32,658.7344706058502,573.3596707716217,-0.12960426946491466,12.960426946491467,in_sample
triton_stride_store,128,192,32,651.4189938704172,570.4334028455409,-0.1243218140504303,12.43218140504303,in_sample
triton_stride_store,256,3,32,281.4926505088806,362.62852579017255,0.28823443572901475,28.823443572901475,in_sample
triton_stride_store,256,9,32,584.6036970615387,473.66228661425873,-0.18977199597764716,18.977199597764717,in_sample
triton_stride_store,256,10,32,591.8601552645365,492.16791341827314,-0.16843884650708596,16.843884650708596,in_sample
triton_stride_store,256,11,32,574.8333434263865,510.6735402222875,-0.11161461654549154,11.161461654549154,in_sample
triton_stride_store,256,12,32,573.2354621092478,529.1791670263019,-0.07685549480982667,7.685549480982667,in_sample
triton_stride_store,256,13,32,591.5119846661886,547.6847938303163,-0.07409349594261494,7.409349594261494,in_sample
triton_stride_store,256,14,32,603.1635204950968,566.1904206343306,-0.061298633959854576,6.129863395985458,in_sample
triton_stride_store,256,15,32,637.2081637382507,584.6960474383451,-0.08240967283256007,8.240967283256007,in_sample
triton_stride_store,256,17,32,742.9229815800985,621.7073010463738,-0.16316049380504427,16.316049380504428,in_sample
triton_stride_store,256,18,32,715.546190738678,640.2129278503882,-0.10528078251736794,10.528078251736794,in_sample
triton_stride_store,256,19,32,750.0968178113302,658.7185546544025,-0.12182195816208863,12.182195816208862,in_sample
triton_stride_store,256,20,32,732.3036789894104,677.2241814584169,-0.07521401177036835,7.521401177036835,in_sample
triton_stride_store,256,21,32,795.7833011945089,695.7298082624313,-0.12572957082900893,12.572957082900892,in_sample
triton_stride_store,256,22,32,759.2204610506693,714.2354350664456,-0.05925159856989348,5.925159856989348,in_sample
triton_stride_store,256,23,32,770.4468766848246,732.74106187046,-0.04894018777337361,4.894018777337362,in_sample
triton_stride_store,256,24,32,789.4599835077921,751.2466886744744,-0.04840434680872019,4.8404346808720184,in_sample
triton_stride_store,256,25,32,808.3507021268209,769.7523154784886,-0.04774955541793624,4.774955541793624,in_sample
triton_stride_store,256,26,32,829.1743596394857,788.257942282503,-0.04934597516350203,4.934597516350204,in_sample
triton_stride_store,256,27,32,828.7169535954794,806.7635690865175,-0.026490811384652813,2.6490811384652813,in_sample
triton_stride_store,256,28,32,849.8949805895487,825.2691958905318,-0.028975091348268256,2.8975091348268256,in_sample
triton_stride_store,256,29,32,855.1112016042074,843.7748226945462,-0.013257198465408848,1.3257198465408848,in_sample
triton_stride_store,256,30,32,876.1460185050964,862.2804494985605,-0.015825637181110186,1.5825637181110186,in_sample
triton_stride_store,256,31,32,909.3528588612875,880.7860763025749,-0.03141440891766101,3.1414408917661008,in_sample
triton_stride_store,256,40,32,899.6298511823019,895.052115447536,-0.005088465804852671,0.5088465804852671,in_sample
triton_stride_store,256,48,32,924.4811336199442,883.9973255045641,-0.043790842931385465,4.379084293138547,in_sample
triton_stride_store,256,63,32,874.2693066596985,870.9916902775382,-0.003748977983320745,0.3748977983320745,in_sample
triton_stride_store,256,65,32,874.6280471483866,869.6911267548356,-0.005644594190235663,0.5644594190235663,in_sample
triton_stride_store,256,80,32,906.436026096344,861.8877456186201,-0.04914663494739446,4.914663494739447,in_sample
triton_stride_store,256,96,32,926.4270265897115,856.360350647134,-0.0756310793312035,7.5631079331203495,in_sample
triton_stride_store,256,127,32,848.8428592681885,849.5323921529455,0.0008123210052699559,0.08123210052699559,in_sample
triton_stride_store,256,129,32,828.9990226427714,849.2072512722699,0.024376661585289394,2.4376661585289394,in_sample
triton_stride_store,256,160,32,906.3240091005961,845.3055607041621,-0.06732520355163774,6.732520355163773,in_sample
triton_stride_store,256,192,32,780.5058360099792,842.3792927780813,0.0792735350761824,7.92735350761824,in_sample
triton_stride_store,256,255,32,858.5898677508036,839.1278839713249,-0.022667381144925614,2.2667381144925614,in_sample
triton_stride_store,512,5,32,609.2381775379181,567.8589354550857,-0.06791964720605026,6.791964720605026,in_sample
triton_stride_store,512,6,32,586.2876375516256,603.3611803798839,0.029121444381052353,2.9121444381052353,in_sample
triton_stride_store,512,7,32,605.2314837773641,638.863425304682,0.05556872441171534,5.556872441171534,in_sample
triton_stride_store,512,9,32,732.5143416722616,709.8679151542783,-0.03091601792571541,3.091601792571541,in_sample
triton_stride_store,512,10,32,756.851315498352,745.3701600790765,-0.015169631318822097,1.5169631318822097,in_sample
triton_stride_store,512,11,32,788.792351881663,780.8724050038745,-0.01004059795825285,1.004059795825285,in_sample
triton_stride_store,512,12,32,814.2833312352499,816.3746499286727,0.0025682936309778803,0.25682936309778803,in_sample
triton_stride_store,512,13,32,840.4546777407328,851.8768948534708,0.013590521196743977,1.3590521196743977,in_sample
triton_stride_store,512,14,32,868.3568239212036,887.3791397782691,0.02190610510914981,2.190610510914981,in_sample
triton_stride_store,512,15,32,915.6461358070374,922.8813847030672,0.007901795915572496,0.7901795915572496,in_sample
triton_stride_store,512,17,32,997.7516333262125,984.1316481323942,-0.013650676920881955,1.3650676920881955,in_sample
triton_stride_store,512,18,32,1048.7778385480244,1011.1802301596255,-0.03584897297262768,3.584897297262768,in_sample
triton_stride_store,512,19,32,1044.5727507273357,1038.879093948208,-0.005450703912353805,0.5450703912353805,in_sample
triton_stride_store,512,20,32,1066.5039817492168,1067.2282394981419,0.0006790952132567085,0.06790952132567085,in_sample
triton_stride_store,512,21,32,1114.2911911010742,1096.5528076901028,-0.015918983792237884,1.5918983792237884,in_sample
triton_stride_store,512,22,32,1148.7944920857747,1126.2025167627392,-0.019665810968519715,1.9665810968519715,in_sample
triton_stride_store,512,23,32,1157.2551329930623,1156.5025075967271,-0.0006503539063064112,0.06503539063064112,in_sample
triton_stride_store,512,24,32,1182.8705072402954,1187.1276393113906,0.003598984035054986,0.3598984035054986,in_sample
triton_stride_store,512,25,32,1219.569206237793,1218.0779119067295,-0.0012228041864585926,0.12228041864585926,in_sample
triton_stride_store,512,26,32,1197.4990367889404,1249.6784662634202,0.04357367135292023,4.357367135292023,in_sample
triton_stride_store,512,27,32,1221.5680678685505,1281.2790206201105,0.04888057761344933,4.888057761344933,in_sample
triton_stride_store,512,28,32,1237.464427947998,1313.2047158574767,0.06120603243123002,6.120603243123002,in_sample
triton_stride_store,512,29,32,1268.828550974528,1345.4555519755183,0.06039192682268757,6.039192682268757,in_sample
triton_stride_store,512,30,32,1289.7758881251018,1378.0315289742355,0.0684271133161185,6.84271133161185,in_sample
triton_stride_store,512,31,32,1305.8927059173584,1410.6075059729526,0.08018637333764311,8.01863733376431,in_sample
triton_stride_store,512,40,32,1375.041166941325,1438.9438953126169,0.04647332015043504,4.647332015043504,in_sample
triton_stride_store,512,48,32,1405.5614471435547,1427.8891053696448,0.015885223852337038,1.5885223852337038,in_sample
triton_stride_store,512,63,32,1353.5160621007283,1414.883470142619,0.045339253637407984,4.533925363740798,in_sample
triton_stride_store,512,65,32,1352.8579473495483,1413.5829066199167,0.04488642683390198,4.488642683390198,in_sample
triton_stride_store,512,80,32,1357.8665653864543,1405.779525483701,0.035285470103323835,3.5285470103323835,in_sample
triton_stride_store,512,96,32,1345.0300693511963,1400.252130512215,0.041056376670936645,4.1056376670936645,in_sample
triton_stride_store,512,127,32,1282.7447255452473,1393.4241720180266,0.08628329882684449,8.628329882684449,in_sample
triton_stride_store,512,129,32,1269.5090770721436,1393.0990311373507,0.09735255643090124,9.735255643090124,in_sample
triton_stride_store,512,160,32,1229.4070720672607,1389.197340569243,0.12997344177733838,12.997344177733838,in_sample
triton_stride_store,512,192,32,1196.4107354482014,1386.2710726431624,0.15869160278291483,15.869160278291483,in_sample
triton_stride_store,512,255,32,1197.9178190231323,1383.019663836406,0.15451965224477493,15.451965224477494,in_sample
triton_stride_store,1024,3,32,615.3135101000468,649.0393822068327,0.05481087535572282,5.481087535572282,in_sample
triton_stride_store,1024,5,32,793.9488490422567,788.030344539564,-0.007454516131400912,0.7454516131400912,in_sample
triton_stride_store,1024,6,32,859.6663475036621,857.5258257059297,-0.002489944853544812,0.2489944853544812,in_sample
triton_stride_store,1024,7,32,899.3639945983887,927.0213068722956,0.030752078624469714,3.0752078624469714,in_sample
triton_stride_store,1024,9,32,1090.88800350825,1029.2713496886788,-0.05648302449143694,5.648302449143694,in_sample
triton_stride_store,1024,10,32,1133.7852875391643,1069.1790107135607,-0.05698281459078458,5.6982814590784585,in_sample
triton_stride_store,1024,11,32,1169.342279434204,1114.2889258292528,-0.04708061495184224,4.708061495184223,in_sample
triton_stride_store,1024,12,32,1210.3292147318523,1163.6256723937286,-0.03858747006158225,3.858747006158225,in_sample
triton_stride_store,1024,13,32,1308.533509572347,1216.2138277649606,-0.07055201959448343,7.055201959448343,in_sample
triton_stride_store,1024,14,32,1355.047384897868,1271.0779693009222,-0.06196788136916309,6.196788136916309,in_sample
triton_stride_store,1024,15,32,1434.3048731486003,1327.8929561209377,-0.07419058459591377,7.419058459591376,in_sample
triton_stride_store,1024,17,32,1502.8104782104492,1445.7497612097523,-0.03796933667154423,3.796933667154423,in_sample
triton_stride_store,1024,18,32,1583.9405059814453,1506.791579478551,-0.048706959769988956,4.870695976998896,in_sample
triton_stride_store,1024,19,32,1631.4115921656291,1568.4836795087012,-0.03857267715830914,3.8572677158309143,in_sample
triton_stride_store,1024,20,32,1671.6121832529705,1630.8260613002028,-0.024399272966171837,2.4399272966171837,in_sample
triton_stride_store,1024,21,32,1747.8622198104858,1694.1438657337312,-0.03073374632617154,3.073374632617154,in_sample
triton_stride_store,1024,22,32,1779.2713642120361,1757.786811047935,-0.012074916505844913,1.2074916505844913,in_sample
triton_stride_store,1024,23,32,1831.1156034469604,1822.0800381234906,-0.004934459247936562,0.49344592479365623,in_sample
triton_stride_store,1024,24,32,1892.2370274861653,1886.6984060797215,-0.002927023055775302,0.2927023055775302,in_sample
triton_stride_store,1024,25,32,1973.0708599090576,1951.6419149166281,-0.01086070724972199,1.086070724972199,in_sample
triton_stride_store,1024,26,32,2026.199460029602,2017.2357055148861,-0.004423925033809284,0.4423925033809284,in_sample
triton_stride_store,1024,27,32,2079.5693397521973,2082.829496113144,0.0015677074568407612,0.15677074568407612,in_sample
triton_stride_store,1024,28,32,2139.95099067688,2148.748427592078,0.004111045978868466,0.4111045978868466,in_sample
triton_stride_store,1024,29,32,2220.703125,2214.992499951687,-0.002571539159838432,0.2571539159838432,in_sample
triton_stride_store,1024,30,32,2268.371025721232,2281.561713191972,0.005815048473627016,0.5815048473627016,in_sample
triton_stride_store,1024,31,32,2317.387660344442,2348.130926432257,0.013266345814254343,1.3266345814254343,in_sample
triton_stride_store,1024,40,32,2388.622681299845,2410.4605520134883,0.009142453048197385,0.9142453048197385,in_sample
triton_stride_store,1024,48,32,2307.9096476236978,2399.4057620705166,0.03964458250825653,3.964458250825653,in_sample
triton_stride_store,1024,63,32,2386.4986896514893,2386.400126843491,-4.130017268633157e-05,0.004130017268633157,in_sample
triton_stride_store,1024,65,32,2399.6564547220864,2385.099563320788,-0.006066239762218095,0.6066239762218095,in_sample
triton_stride_store,1024,80,32,2239.1820748647056,2377.2961821845724,0.061680605999050675,6.1680605999050675,in_sample
triton_stride_store,1024,96,32,2216.3257598876953,2371.7687872130864,0.07013546029139128,7.013546029139128,in_sample
triton_stride_store,1024,127,32,2246.5250492095947,2364.940828718898,0.052710642844141065,5.2710642844141065,in_sample
triton_stride_store,1024,129,32,2199.2789109547934,2366.8916740029517,0.07621259959947091,7.621259959947091,in_sample
triton_stride_store,1024,160,32,2178.3673763275146,2377.2961821845724,0.09132013636397263,9.132013636397263,in_sample
triton_stride_store,1024,192,32,2115.480820337931,2371.7687872130864,0.12114880192306132,12.114880192306131,in_sample
triton_stride_store,1024,255,32,2127.5507609049478,2365.2659695995735,0.11173186231923982,11.173186231923982,in_sample
triton_stride_store,2048,3,32,977.5288502375284,1247.544481038654,0.27622267182755267,27.622267182755266,in_sample
triton_stride_store,2048,5,32,1273.4776735305786,1389.5257681413166,0.09112691727763655,9.112691727763655,in_sample
triton_stride_store,2048,6,32,1335.4496955871582,1438.244261366366,0.07697374608634133,7.697374608634133,in_sample
triton_stride_store,2048,7,32,1487.3979091644287,1512.3237432841156,0.01675801341800276,1.675801341800276,in_sample
triton_stride_store,2048,9,32,1843.616247177124,1702.751021607449,-0.07640702113867925,7.640702113867926,in_sample
triton_stride_store,2048,10,32,1947.8460152943928,1810.645155115466,-0.07043722096183802,7.043722096183802,in_sample
triton_stride_store,2048,11,32,2056.592345237732,1923.7415427142932,-0.06459753817088232,6.459753817088232,in_sample
triton_stride_store,2048,12,32,2151.522954305013,2041.064761761904,-0.05133953710421346,5.133953710421347,in_sample
triton_stride_store,2048,13,32,2359.5749537150064,2161.6393896162713,-0.0838861099907412,8.38861099907412,in_sample
triton_stride_store,2048,14,32,2468.137343724569,2284.490003635368,-0.07440726123128383,7.440726123128383,in_sample
triton_stride_store,2048,15,32,2611.2133661905923,2409.2914629385186,-0.0773287644228976,7.73287644228976,in_sample
triton_stride_store,2048,17,32,2844.689051310221,2663.121212993603,-0.06382695438469477,6.382695438469477,in_sample
triton_stride_store,2048,18,32,2958.7650299072266,2792.149503745537,-0.05631252379879381,5.631252379879381,in_sample
triton_stride_store,2048,19,32,3053.805192311605,2921.8280762588224,-0.04321726755362587,4.321726755362587,in_sample
triton_stride_store,2048,20,32,3171.2611516316733,3052.1569305334588,-0.03755736768538698,3.7557367685386978,in_sample
triton_stride_store,2048,21,32,3432.3219458262124,3183.461207450123,-0.07250506866895468,7.250506866895467,in_sample
triton_stride_store,2048,22,32,3521.9040711720786,3315.0906252474615,-0.058722055384032745,5.872205538403275,in_sample
triton_stride_store,2048,23,32,3641.8177286783853,3447.3703248061524,-0.053392953288411205,5.3392953288411205,in_sample
triton_stride_store,2048,24,32,3758.1817309061685,3579.9751652455184,-0.04741829385075558,4.741829385075558,in_sample
triton_stride_store,2048,25,32,3899.8775482177734,3712.9051465655602,-0.047943146763071764,4.7943146763071764,in_sample
triton_stride_store,2048,26,32,4015.94607035319,3846.485409646953,-0.04219694630793025,4.219694630793025,in_sample
triton_stride_store,2048,27,32,4123.600482940674,3980.0656727283463,-0.03480812721943616,3.480812721943616,in_sample
triton_stride_store,2048,28,32,4243.0464426676435,4113.971076690415,-0.030420446186791517,3.0420446186791517,in_sample
triton_stride_store,2048,29,32,4399.158000946045,4248.20162153316,-0.03431483465254537,3.4314834652545367,in_sample
triton_stride_store,2048,30,32,4507.428487141927,4382.757307256579,-0.027659047778792245,2.7659047778792245,in_sample
triton_stride_store,2048,31,32,4636.770407358806,4517.312992979999,-0.02576306434953546,2.576306434953546,in_sample
triton_stride_store,2048,40,32,4637.703100840251,4647.629091044367,0.0021402815118365393,0.21402815118365393,in_sample
triton_stride_store,2048,48,32,4600.697676340739,4636.574301101395,0.007798083526581623,0.7798083526581623,in_sample
triton_stride_store,2048,63,32,4618.833541870117,4623.568665874369,0.0010251774525595891,0.10251774525595891,in_sample
triton_stride_store,2048,65,32,4620.528380076091,4632.347469652612,0.002557951949280435,0.2557951949280435,in_sample
triton_stride_store,2048,80,32,4443.255583445231,4647.629091044367,0.04599634294290755,4.599634294290755,in_sample
triton_stride_store,2048,96,32,4385.5868975321455,4636.574301101395,0.0572300605217706,5.72300605217706,in_sample
triton_stride_store,2048,127,32,4337.711175282796,4623.243524993693,0.06582557901455544,6.5825579014555435,in_sample
triton_stride_store,2048,129,32,4287.736256917317,4627.145215561801,0.07915807743466541,7.915807743466541,in_sample
triton_stride_store,2048,160,32,4247.051080067952,4631.046906129909,0.09041469453101403,9.041469453101403,in_sample
triton_stride_store,2048,192,32,4257.801691691081,4622.5932432323425,0.08567603142559155,8.567603142559154,in_sample
triton_stride_store,2048,255,32,4244.9846267700195,4623.893806755044,0.08926043632655856,8.926043632655855,in_sample
