mode,block,stride,elem_bytes,path,n_cmd,fetch_bytes,K,L,ns_size,stride_bytes,target_ns,target_kind,aicore_freq_before_mhz,aicore_freq_after_mhz,noload_cycles_median,normalization_factor,source_json,valid
simd,8,3,4,simd_gather,8,32,,,24,12,300.024,simd_single_cold,1650,1650,360.5,1.0,simd_more,True
simd,8,4,4,simd_gather,8,32,,,32,16,355.02840000000003,simd_single_cold,100,1650,305.5,1.0,simd_more,True
simd,8,5,4,simd_gather,8,32,,,40,20,349.52796,simd_single_cold,100,1650,358.5,1.0,simd_more,True
simd,8,6,4,simd_gather,8,32,,,48,24,362.02896000000004,simd_single_cold,1650,1650,314.5,1.0,simd_more,True
simd,8,7,4,simd_gather,8,32,,,56,28,359.02872,simd_single_cold,1650,1650,390.5,1.0,simd_more,True
simd,8,8,4,simd_gather,8,32,,,64,32,301.02408,simd_single_cold,100,1650,323.5,1.0,simd_more,True
simd,8,9,4,simd_gather,8,32,,,72,36,370.0296,simd_single_cold,1650,1650,324.0,1.0,simd_more,True
simd,8,10,4,simd_gather,8,32,,,80,40,345.52764,simd_single_cold,1650,1650,368.0,1.0,simd_more,True
simd,8,11,4,simd_gather,8,32,,,88,44,378.53028,simd_single_cold,1650,1650,367.0,1.0,simd_more,True
simd,8,12,4,simd_gather,8,32,,,96,48,365.52924,simd_single_cold,1650,1650,311.5,1.0,simd_more,True
simd,8,13,4,simd_gather,8,32,,,104,52,381.03048,simd_single_cold,100,1650,366.5,1.0,simd_more,True
simd,8,14,4,simd_gather,8,32,,,112,56,324.52596,simd_single_cold,100,1650,355.0,1.0,simd_more,True
simd,8,15,4,simd_gather,8,32,,,120,60,385.53084,simd_single_cold,1650,1650,275.5,1.0,simd_more,True
simd,8,16,4,simd_gather,8,32,,,128,64,285.0228,simd_single_cold,1650,1650,357.5,1.0,simd_more,True
simd,8,17,4,simd_gather,8,32,,,136,68,298.02384,simd_single_cold,100,1650,348.0,1.0,simd_more,True
simd,8,18,4,simd_gather,8,32,,,144,72,278.02224,simd_single_cold,100,1650,311.0,1.0,simd_more,True
simd,8,19,4,simd_gather,8,32,,,152,76,383.53068,simd_single_cold,1650,1650,274.5,1.0,simd_more,True
simd,8,20,4,simd_gather,8,32,,,160,80,370.0296,simd_single_cold,100,1650,372.0,1.0,simd_more,True
simd,8,21,4,simd_gather,8,32,,,168,84,364.52916000000005,simd_single_cold,100,1650,313.0,1.0,simd_more,True
simd,8,22,4,simd_gather,8,32,,,176,88,372.02976,simd_single_cold,100,1650,372.5,1.0,simd_more,True
simd,8,23,4,simd_gather,8,32,,,184,92,413.03304,simd_single_cold,1650,1650,369.0,1.0,simd_more,True
simd,8,24,4,simd_gather,8,32,,,192,96,394.53156,simd_single_cold,1650,1650,360.5,1.0,simd_more,True
simd,8,25,4,simd_gather,8,32,,,200,100,417.03336,simd_single_cold,1650,1650,358.5,1.0,simd_more,True
simd,8,26,4,simd_gather,8,32,,,208,104,398.53188000000006,simd_single_cold,100,1650,358.0,1.0,simd_more,True
simd,8,27,4,simd_gather,8,32,,,216,108,397.53180000000003,simd_single_cold,100,1650,258.0,1.0,simd_more,True
simd,8,28,4,simd_gather,8,32,,,224,112,393.53148000000004,simd_single_cold,1650,1650,300.0,1.0,simd_more,True
simd,8,29,4,simd_gather,8,32,,,232,116,411.03288000000003,simd_single_cold,1650,1650,359.5,1.0,simd_more,True
simd,8,30,4,simd_gather,8,32,,,240,120,404.53236000000004,simd_single_cold,100,1650,367.0,1.0,simd_more,True
simd,8,31,4,simd_gather,8,32,,,248,124,393.03144000000003,simd_single_cold,100,1650,275.5,1.0,simd_more,True
simd,8,32,4,simd_gather,8,32,,,256,128,413.03304,simd_single_cold,1650,1650,314.0,1.0,simd_more,True
simd,8,40,4,simd_gather,8,32,,,320,160,407.03256000000005,simd_single_cold,1650,1650,394.0,1.0,simd_more,True
simd,8,48,4,simd_gather,8,32,,,384,192,366.02928,simd_single_cold,1650,1650,383.0,1.0,simd_more,True
simd,8,56,4,simd_gather,8,32,,,448,224,376.03008000000005,simd_single_cold,1650,1650,359.5,1.0,simd_more,True
simd,8,64,4,simd_gather,8,32,,,512,256,382.03056000000004,simd_single_cold,100,1650,357.5,1.0,simd_more,True
simd,8,80,4,simd_gather,8,32,,,640,320,399.03192,simd_single_cold,1650,1650,355.5,1.0,simd_more,True
simd,8,96,4,simd_gather,8,32,,,768,384,380.03040000000004,simd_single_cold,1650,1650,352.5,1.0,simd_more,True
simd,8,112,4,simd_gather,8,32,,,896,448,388.53108000000003,simd_single_cold,100,1650,347.5,1.0,simd_more,True
simd,8,128,4,simd_gather,8,32,,,1024,512,391.53132000000005,simd_single_cold,1650,1650,264.0,1.0,simd_more,True
simd,8,160,4,simd_gather,8,32,,,1280,640,399.53196,simd_single_cold,1650,1650,313.0,1.0,simd_more,True
simd,8,192,4,simd_gather,8,32,,,1536,768,383.03064,simd_single_cold,100,1650,360.0,1.0,simd_more,True
simd,8,224,4,simd_gather,8,32,,,1792,896,385.03080000000006,simd_single_cold,100,1650,357.0,1.0,simd_more,True
simd,8,256,4,simd_gather,8,32,,,2048,1024,287.02296,simd_single_cold,1650,1650,365.0,1.0,simd_more,True
simd,16,3,4,simd_gather,16,64,,,48,12,381.53052,simd_single_cold,1650,1650,378.5,1.0,simd_base,True
simd,16,4,4,simd_gather,16,64,,,64,16,352.02816,simd_single_cold,1650,1650,314.0,1.0,simd_base,True
simd,16,5,4,simd_gather,16,64,,,80,20,457.5366,simd_single_cold,1650,1650,303.5,1.0,simd_base,True
simd,16,6,4,simd_gather,16,64,,,96,24,392.5314,simd_single_cold,1650,1650,246.5,1.0,simd_base,True
simd,16,7,4,simd_gather,16,64,,,112,28,378.53028,simd_single_cold,1650,1650,362.5,1.0,simd_base,True
simd,16,8,4,simd_gather,16,64,,,128,32,406.53252000000003,simd_single_cold,1650,1650,366.0,1.0,simd_base,True
simd,16,9,4,simd_gather,16,64,,,144,36,401.03208,simd_single_cold,1650,1650,372.0,1.0,simd_base,True
simd,16,10,4,simd_gather,16,64,,,160,40,408.03264,simd_single_cold,1650,1650,379.0,1.0,simd_base,True
simd,16,11,4,simd_gather,16,64,,,176,44,435.53484000000003,simd_single_cold,1650,1650,266.0,1.0,simd_base,True
simd,16,12,4,simd_gather,16,64,,,192,48,376.03008000000005,simd_single_cold,1650,1650,316.5,1.0,simd_base,True
simd,16,13,4,simd_gather,16,64,,,208,52,432.03456000000006,simd_single_cold,1650,1650,364.0,1.0,simd_base,True
simd,16,14,4,simd_gather,16,64,,,224,56,407.53260000000006,simd_single_cold,1650,1650,358.0,1.0,simd_base,True
simd,16,15,4,simd_gather,16,64,,,240,60,416.53332000000006,simd_single_cold,1650,1650,359.0,1.0,simd_base,True
simd,16,16,4,simd_gather,16,64,,,256,64,429.03432000000004,simd_single_cold,1650,1650,313.5,1.0,simd_base,True
simd,16,17,4,simd_gather,16,64,,,272,68,392.5314,simd_single_cold,1650,1650,258.5,1.0,simd_base,True
simd,16,18,4,simd_gather,16,64,,,288,72,423.03384000000005,simd_single_cold,1650,1650,302.5,1.0,simd_base,True
simd,16,19,4,simd_gather,16,64,,,304,76,424.03392,simd_single_cold,1650,1650,352.0,1.0,simd_base,True
simd,16,20,4,simd_gather,16,64,,,320,80,391.03128000000004,simd_single_cold,1650,1650,350.5,1.0,simd_base,True
simd,16,21,4,simd_gather,16,64,,,336,84,430.03440000000006,simd_single_cold,1650,1650,363.5,1.0,simd_base,True
simd,16,22,4,simd_gather,16,64,,,352,88,376.53012,simd_single_cold,1650,1650,273.5,1.0,simd_base,True
simd,16,23,4,simd_gather,16,64,,,368,92,443.53548000000006,simd_single_cold,1650,1650,327.5,1.0,simd_base,True
simd,16,24,4,simd_gather,16,64,,,384,96,438.53508000000005,simd_single_cold,1650,1650,333.0,1.0,simd_base,True
simd,16,25,4,simd_gather,16,64,,,400,100,434.53476000000006,simd_single_cold,1650,1650,366.5,1.0,simd_base,True
simd,16,26,4,simd_gather,16,64,,,416,104,451.53612000000004,simd_single_cold,1650,1650,362.0,1.0,simd_base,True
simd,16,27,4,simd_gather,16,64,,,432,108,426.03408,simd_single_cold,1650,1650,377.0,1.0,simd_base,True
simd,16,28,4,simd_gather,16,64,,,448,112,415.0332,simd_single_cold,1650,1650,261.5,1.0,simd_base,True
simd,16,29,4,simd_gather,16,64,,,464,116,436.03488000000004,simd_single_cold,1650,1650,300.0,1.0,simd_base,True
simd,16,30,4,simd_gather,16,64,,,480,120,409.03272000000004,simd_single_cold,1650,1650,314.0,1.0,simd_base,True
simd,16,31,4,simd_gather,16,64,,,496,124,419.03352,simd_single_cold,1650,1650,378.5,1.0,simd_base,True
simd,16,32,4,simd_gather,16,64,,,512,128,433.53468000000004,simd_single_cold,1650,1650,352.5,1.0,simd_base,True
simd,16,40,4,simd_gather,16,64,,,640,160,404.03232,simd_single_cold,1650,1650,308.5,1.0,simd_base,True
simd,16,48,4,simd_gather,16,64,,,768,192,419.03352,simd_single_cold,1650,1650,306.0,1.0,simd_base,True
simd,16,56,4,simd_gather,16,64,,,896,224,399.53196,simd_single_cold,1650,1650,270.0,1.0,simd_base,True
simd,16,64,4,simd_gather,16,64,,,1024,256,372.5298,simd_single_cold,1650,1650,367.5,1.0,simd_base,True
simd,16,80,4,simd_gather,16,64,,,1280,320,425.03400000000005,simd_single_cold,1650,1650,371.0,1.0,simd_base,True
simd,16,96,4,simd_gather,16,64,,,1536,384,379.03032,simd_single_cold,1650,1650,366.5,1.0,simd_base,True
simd,16,112,4,simd_gather,16,64,,,1792,448,367.5294,simd_single_cold,1650,1650,315.0,1.0,simd_base,True
simd,16,128,4,simd_gather,16,64,,,2048,512,368.52948000000004,simd_single_cold,1650,1650,321.0,1.0,simd_base,True
simd,16,160,4,simd_gather,16,64,,,2560,640,374.52996,simd_single_cold,1650,1650,256.5,1.0,simd_base,True
simd,16,192,4,simd_gather,16,64,,,3072,768,400.53204000000005,simd_single_cold,1650,1650,356.0,1.0,simd_base,True
simd,16,224,4,simd_gather,16,64,,,3584,896,363.02904,simd_single_cold,1650,1650,364.0,1.0,simd_base,True
simd,16,256,4,simd_gather,16,64,,,4096,1024,242.01936,simd_single_cold,1650,1650,359.5,1.0,simd_base,True
simd,24,3,4,simd_gather,24,96,,,72,12,447.03576000000004,simd_single_cold,100,1650,383.0,1.0,simd_more,True
simd,24,4,4,simd_gather,24,96,,,96,16,401.03208,simd_single_cold,1650,1650,318.0,1.0,simd_more,True
simd,24,5,4,simd_gather,24,96,,,120,20,426.03408,simd_single_cold,1650,1650,301.5,1.0,simd_more,True
simd,24,6,4,simd_gather,24,96,,,144,24,372.5298,simd_single_cold,100,1650,355.0,1.0,simd_more,True
simd,24,7,4,simd_gather,24,96,,,168,28,453.03624,simd_single_cold,100,1650,308.0,1.0,simd_more,True
simd,24,8,4,simd_gather,24,96,,,192,32,456.53652000000005,simd_single_cold,1650,1650,351.5,1.0,simd_more,True
simd,24,9,4,simd_gather,24,96,,,216,36,443.53548000000006,simd_single_cold,1650,1650,356.5,1.0,simd_more,True
simd,24,10,4,simd_gather,24,96,,,240,40,427.53420000000006,simd_single_cold,1650,1650,365.5,1.0,simd_more,True
simd,24,11,4,simd_gather,24,96,,,264,44,460.0368,simd_single_cold,100,1650,367.0,1.0,simd_more,True
simd,24,12,4,simd_gather,24,96,,,288,48,466.03728,simd_single_cold,100,1650,373.5,1.0,simd_more,True
simd,24,13,4,simd_gather,24,96,,,312,52,424.03392,simd_single_cold,1650,1650,369.0,1.0,simd_more,True
simd,24,14,4,simd_gather,24,96,,,336,56,434.03472000000005,simd_single_cold,100,1650,262.5,1.0,simd_more,True
simd,24,15,4,simd_gather,24,96,,,360,60,453.03624,simd_single_cold,100,1650,355.5,1.0,simd_more,True
simd,24,16,4,simd_gather,24,96,,,384,64,430.03440000000006,simd_single_cold,1650,1650,354.5,1.0,simd_more,True
simd,24,17,4,simd_gather,24,96,,,408,68,445.53564000000006,simd_single_cold,1650,1650,345.0,1.0,simd_more,True
simd,24,18,4,simd_gather,24,96,,,432,72,431.53452000000004,simd_single_cold,100,1650,303.5,1.0,simd_more,True
simd,24,19,4,simd_gather,24,96,,,456,76,462.03696,simd_single_cold,100,1650,354.5,1.0,simd_more,True
simd,24,20,4,simd_gather,24,96,,,480,80,442.03536,simd_single_cold,1650,1650,307.0,1.0,simd_more,True
simd,24,21,4,simd_gather,24,96,,,504,84,424.53396000000004,simd_single_cold,100,1650,365.5,1.0,simd_more,True
simd,24,22,4,simd_gather,24,96,,,528,88,427.53420000000006,simd_single_cold,1650,1650,364.5,1.0,simd_more,True
simd,24,23,4,simd_gather,24,96,,,552,92,464.53716000000003,simd_single_cold,100,1650,378.5,1.0,simd_more,True
simd,24,24,4,simd_gather,24,96,,,576,96,441.03528000000006,simd_single_cold,100,1650,325.5,1.0,simd_more,True
simd,24,25,4,simd_gather,24,96,,,600,100,430.03440000000006,simd_single_cold,1650,1650,374.0,1.0,simd_more,True
simd,24,26,4,simd_gather,24,96,,,624,104,425.53404000000006,simd_single_cold,1650,1650,367.0,1.0,simd_more,True
simd,24,27,4,simd_gather,24,96,,,648,108,448.03584,simd_single_cold,100,1650,259.5,1.0,simd_more,True
simd,24,28,4,simd_gather,24,96,,,672,112,437.535,simd_single_cold,100,1650,359.0,1.0,simd_more,True
simd,24,29,4,simd_gather,24,96,,,696,116,422.03376000000003,simd_single_cold,1650,1650,359.0,1.0,simd_more,True
simd,24,30,4,simd_gather,24,96,,,720,120,439.03512000000006,simd_single_cold,100,1650,306.5,1.0,simd_more,True
simd,24,31,4,simd_gather,24,96,,,744,124,431.03448000000003,simd_single_cold,100,1650,358.0,1.0,simd_more,True
simd,24,32,4,simd_gather,24,96,,,768,128,457.5366,simd_single_cold,1650,1650,361.5,1.0,simd_more,True
simd,24,40,4,simd_gather,24,96,,,960,160,423.53388,simd_single_cold,1650,1650,316.0,1.0,simd_more,True
simd,24,48,4,simd_gather,24,96,,,1152,192,440.53524000000004,simd_single_cold,1650,1650,276.0,1.0,simd_more,True
simd,24,56,4,simd_gather,24,96,,,1344,224,470.03760000000005,simd_single_cold,100,1650,367.5,1.0,simd_more,True
simd,24,64,4,simd_gather,24,96,,,1536,256,458.03664000000003,simd_single_cold,1650,1650,320.5,1.0,simd_more,True
simd,24,80,4,simd_gather,24,96,,,1920,320,400.53204000000005,simd_single_cold,1650,1650,366.5,1.0,simd_more,True
simd,24,96,4,simd_gather,24,96,,,2304,384,417.03336,simd_single_cold,100,1650,265.5,1.0,simd_more,True
simd,24,112,4,simd_gather,24,96,,,2688,448,468.53748,simd_single_cold,100,1650,353.5,1.0,simd_more,True
simd,24,128,4,simd_gather,24,96,,,3072,512,413.03304,simd_single_cold,1650,1650,301.0,1.0,simd_more,True
simd,24,160,4,simd_gather,24,96,,,3840,640,412.03296000000006,simd_single_cold,1650,1650,348.5,1.0,simd_more,True
simd,24,192,4,simd_gather,24,96,,,4608,768,406.53252000000003,simd_single_cold,100,1650,360.0,1.0,simd_more,True
simd,24,224,4,simd_gather,24,96,,,5376,896,413.03304,simd_single_cold,1650,1650,361.5,1.0,simd_more,True
simd,24,256,4,simd_gather,24,96,,,6144,1024,380.53044000000006,simd_single_cold,1650,1650,269.0,1.0,simd_more,True
simd,32,3,4,simd_gather,32,128,,,96,12,596.04768,simd_single_cold,1650,1650,352.5,1.0,simd_base,True
simd,32,4,4,simd_gather,32,128,,,128,16,394.53156,simd_single_cold,1650,1650,367.5,1.0,simd_base,True
simd,32,5,4,simd_gather,32,128,,,160,20,512.04096,simd_single_cold,1650,1650,279.0,1.0,simd_base,True
simd,32,6,4,simd_gather,32,128,,,192,24,492.03936000000004,simd_single_cold,1650,1650,322.0,1.0,simd_base,True
simd,32,7,4,simd_gather,32,128,,,224,28,477.5382,simd_single_cold,1650,1650,320.0,1.0,simd_base,True
simd,32,8,4,simd_gather,32,128,,,256,32,486.03888000000006,simd_single_cold,1650,1650,364.5,1.0,simd_base,True
simd,32,9,4,simd_gather,32,128,,,288,36,472.03776000000005,simd_single_cold,1650,1650,376.5,1.0,simd_base,True
simd,32,10,4,simd_gather,32,128,,,320,40,445.53564000000006,simd_single_cold,1650,1650,365.0,1.0,simd_base,True
simd,32,11,4,simd_gather,32,128,,,352,44,471.53772000000004,simd_single_cold,1650,1650,351.5,1.0,simd_base,True
simd,32,12,4,simd_gather,32,128,,,384,48,439.53516,simd_single_cold,1650,1650,357.5,1.0,simd_base,True
simd,32,13,4,simd_gather,32,128,,,416,52,420.53364000000005,simd_single_cold,1650,1650,352.5,1.0,simd_base,True
simd,32,14,4,simd_gather,32,128,,,448,56,451.03608,simd_single_cold,1650,1650,314.5,1.0,simd_base,True
simd,32,15,4,simd_gather,32,128,,,480,60,457.03656,simd_single_cold,1650,1650,258.0,1.0,simd_base,True
simd,32,16,4,simd_gather,32,128,,,512,64,480.53844000000004,simd_single_cold,1650,1650,340.5,1.0,simd_base,True
simd,32,17,4,simd_gather,32,128,,,544,68,449.53596000000005,simd_single_cold,1650,1650,374.5,1.0,simd_base,True
simd,32,18,4,simd_gather,32,128,,,576,72,444.03552,simd_single_cold,1650,1650,371.5,1.0,simd_base,True
simd,32,19,4,simd_gather,32,128,,,608,76,449.03592000000003,simd_single_cold,1650,1650,314.0,1.0,simd_base,True
simd,32,20,4,simd_gather,32,128,,,640,80,438.53508000000005,simd_single_cold,1650,1650,284.0,1.0,simd_base,True
simd,32,21,4,simd_gather,32,128,,,672,84,447.03576000000004,simd_single_cold,1650,1650,317.0,1.0,simd_base,True
simd,32,22,4,simd_gather,32,128,,,704,88,462.03696,simd_single_cold,1650,1650,358.5,1.0,simd_base,True
simd,32,23,4,simd_gather,32,128,,,736,92,452.5362,simd_single_cold,1650,1650,368.0,1.0,simd_base,True
simd,32,24,4,simd_gather,32,128,,,768,96,455.0364,simd_single_cold,1650,1650,359.0,1.0,simd_base,True
simd,32,25,4,simd_gather,32,128,,,800,100,465.03720000000004,simd_single_cold,1650,1650,303.5,1.0,simd_base,True
simd,32,26,4,simd_gather,32,128,,,832,104,447.03576000000004,simd_single_cold,1650,1650,270.5,1.0,simd_base,True
simd,32,27,4,simd_gather,32,128,,,864,108,442.03536,simd_single_cold,1650,1650,319.5,1.0,simd_base,True
simd,32,28,4,simd_gather,32,128,,,896,112,435.0348,simd_single_cold,100,1650,311.5,1.0,simd_base,True
simd,32,29,4,simd_gather,32,128,,,928,116,441.03528000000006,simd_single_cold,1650,1650,297.0,1.0,simd_base,True
simd,32,30,4,simd_gather,32,128,,,960,120,439.03512000000006,simd_single_cold,1650,1650,250.0,1.0,simd_base,True
simd,32,31,4,simd_gather,32,128,,,992,124,443.53548000000006,simd_single_cold,1650,1650,368.5,1.0,simd_base,True
simd,32,32,4,simd_gather,32,128,,,1024,128,432.5346,simd_single_cold,1650,1650,373.0,1.0,simd_base,True
simd,32,40,4,simd_gather,32,128,,,1280,160,433.03464,simd_single_cold,100,1650,333.0,1.0,simd_base,True
simd,32,48,4,simd_gather,32,128,,,1536,192,449.53596000000005,simd_single_cold,1650,1650,323.5,1.0,simd_base,True
simd,32,56,4,simd_gather,32,128,,,1792,224,382.53060000000005,simd_single_cold,1650,1650,361.5,1.0,simd_base,True
simd,32,64,4,simd_gather,32,128,,,2048,256,448.03584,simd_single_cold,1650,1650,374.5,1.0,simd_base,True
simd,32,80,4,simd_gather,32,128,,,2560,320,419.03352,simd_single_cold,1650,1650,258.0,1.0,simd_base,True
simd,32,96,4,simd_gather,32,128,,,3072,384,415.53324000000003,simd_single_cold,1650,1650,354.0,1.0,simd_base,True
simd,32,112,4,simd_gather,32,128,,,3584,448,412.533,simd_single_cold,1650,1650,358.5,1.0,simd_base,True
simd,32,128,4,simd_gather,32,128,,,4096,512,395.0316,simd_single_cold,1650,1650,361.0,1.0,simd_base,True
simd,32,160,4,simd_gather,32,128,,,5120,640,443.53548000000006,simd_single_cold,1650,1650,262.0,1.0,simd_base,True
simd,32,192,4,simd_gather,32,128,,,6144,768,393.03144000000003,simd_single_cold,1650,1650,307.5,1.0,simd_base,True
simd,32,224,4,simd_gather,32,128,,,7168,896,433.53468000000004,simd_single_cold,1650,1650,300.5,1.0,simd_base,True
simd,32,256,4,simd_gather,32,128,,,8192,1024,371.02968000000004,simd_single_cold,1650,1650,347.5,1.0,simd_base,True
simd,48,3,4,simd_gather,48,192,,,144,12,535.0428,simd_single_cold,1650,1650,318.5,1.0,simd_more,True
simd,48,4,4,simd_gather,48,192,,,192,16,577.0461600000001,simd_single_cold,1650,1650,334.5,1.0,simd_more,True
simd,48,5,4,simd_gather,48,192,,,240,20,551.54412,simd_single_cold,1650,1650,367.0,1.0,simd_more,True
simd,48,6,4,simd_gather,48,192,,,288,24,536.0428800000001,simd_single_cold,100,1650,259.5,1.0,simd_more,True
simd,48,7,4,simd_gather,48,192,,,336,28,528.04224,simd_single_cold,100,1650,310.0,1.0,simd_more,True
simd,48,8,4,simd_gather,48,192,,,384,32,524.04192,simd_single_cold,100,1650,353.5,1.0,simd_more,True
simd,48,9,4,simd_gather,48,192,,,432,36,503.04024000000004,simd_single_cold,1650,1650,318.0,1.0,simd_more,True
simd,48,10,4,simd_gather,48,192,,,480,40,501.04008000000005,simd_single_cold,100,1650,375.5,1.0,simd_more,True
simd,48,11,4,simd_gather,48,192,,,528,44,473.53788000000003,simd_single_cold,100,1650,259.5,1.0,simd_more,True
simd,48,12,4,simd_gather,48,192,,,576,48,487.53900000000004,simd_single_cold,1650,1650,322.0,1.0,simd_more,True
simd,48,13,4,simd_gather,48,192,,,624,52,271.02168,simd_single_cold,100,1650,367.0,1.0,simd_more,True
simd,48,14,4,simd_gather,48,192,,,672,56,484.03872,simd_single_cold,100,1650,318.0,1.0,simd_more,True
simd,48,15,4,simd_gather,48,192,,,720,60,483.53868000000006,simd_single_cold,100,1650,370.0,1.0,simd_more,True
simd,48,16,4,simd_gather,48,192,,,768,64,473.03784,simd_single_cold,1650,1650,311.5,1.0,simd_more,True
simd,48,17,4,simd_gather,48,192,,,816,68,522.5418000000001,simd_single_cold,100,1650,298.0,1.0,simd_more,True
simd,48,18,4,simd_gather,48,192,,,864,72,459.53676,simd_single_cold,100,1650,352.5,1.0,simd_more,True
simd,48,19,4,simd_gather,48,192,,,912,76,463.03704000000005,simd_single_cold,100,1650,274.5,1.0,simd_more,True
simd,48,20,4,simd_gather,48,192,,,960,80,446.53572,simd_single_cold,1650,1650,351.5,1.0,simd_more,True
simd,48,21,4,simd_gather,48,192,,,1008,84,483.53868000000006,simd_single_cold,100,1650,356.5,1.0,simd_more,True
simd,48,22,4,simd_gather,48,192,,,1056,88,477.03816000000006,simd_single_cold,100,1650,295.5,1.0,simd_more,True
simd,48,23,4,simd_gather,48,192,,,1104,92,467.53740000000005,simd_single_cold,1650,1650,364.5,1.0,simd_more,True
simd,48,24,4,simd_gather,48,192,,,1152,96,479.53836,simd_single_cold,100,1650,356.0,1.0,simd_more,True
simd,48,25,4,simd_gather,48,192,,,1200,100,450.53604,simd_single_cold,100,1650,306.5,1.0,simd_more,True
simd,48,26,4,simd_gather,48,192,,,1248,104,486.03888000000006,simd_single_cold,100,1650,362.0,1.0,simd_more,True
simd,48,27,4,simd_gather,48,192,,,1296,108,463.53708000000006,simd_single_cold,100,1650,371.5,1.0,simd_more,True
simd,48,28,4,simd_gather,48,192,,,1344,112,464.03712,simd_single_cold,100,1650,363.5,1.0,simd_more,True
simd,48,29,4,simd_gather,48,192,,,1392,116,477.03816000000006,simd_single_cold,100,1650,326.5,1.0,simd_more,True
simd,48,30,4,simd_gather,48,192,,,1440,120,458.03664000000003,simd_single_cold,100,1650,266.0,1.0,simd_more,True
simd,48,31,4,simd_gather,48,192,,,1488,124,449.03592000000003,simd_single_cold,1650,1650,318.5,1.0,simd_more,True
simd,48,32,4,simd_gather,48,192,,,1536,128,455.53644,simd_single_cold,1650,1650,350.5,1.0,simd_more,True
simd,48,40,4,simd_gather,48,192,,,1920,160,475.53804,simd_single_cold,100,1650,298.5,1.0,simd_more,True
simd,48,48,4,simd_gather,48,192,,,2304,192,451.03608,simd_single_cold,1650,1650,255.0,1.0,simd_more,True
simd,48,56,4,simd_gather,48,192,,,2688,224,475.038,simd_single_cold,1650,1650,363.0,1.0,simd_more,True
simd,48,64,4,simd_gather,48,192,,,3072,256,418.53348000000005,simd_single_cold,100,1650,265.0,1.0,simd_more,True
simd,48,80,4,simd_gather,48,192,,,3840,320,478.53828000000004,simd_single_cold,100,1650,342.5,1.0,simd_more,True
simd,48,96,4,simd_gather,48,192,,,4608,384,452.03616000000005,simd_single_cold,1650,1650,257.5,1.0,simd_more,True
simd,48,112,4,simd_gather,48,192,,,5376,448,415.0332,simd_single_cold,100,1650,372.0,1.0,simd_more,True
simd,48,128,4,simd_gather,48,192,,,6144,512,402.53220000000005,simd_single_cold,1650,1650,389.0,1.0,simd_more,True
simd,48,160,4,simd_gather,48,192,,,7680,640,474.03792000000004,simd_single_cold,1650,1650,318.5,1.0,simd_more,True
simd,48,192,4,simd_gather,48,192,,,9216,768,436.53492000000006,simd_single_cold,100,1650,360.5,1.0,simd_more,True
simd,48,224,4,simd_gather,48,192,,,10752,896,484.03872,simd_single_cold,100,1650,317.0,1.0,simd_more,True
simd,48,256,4,simd_gather,48,192,,,12288,1024,416.53332000000006,simd_single_cold,1650,1650,353.5,1.0,simd_more,True
simd,64,3,4,simd_gather,64,256,,,192,12,687.5550000000001,simd_single_cold,1650,1650,362.5,1.0,simd_base,True
simd,64,4,4,simd_gather,64,256,,,256,16,631.55052,simd_single_cold,1650,1650,361.0,1.0,simd_base,True
simd,64,5,4,simd_gather,64,256,,,320,20,562.5450000000001,simd_single_cold,1650,1650,378.5,1.0,simd_base,True
simd,64,6,4,simd_gather,64,256,,,384,24,578.54628,simd_single_cold,1650,1650,318.5,1.0,simd_base,True
simd,64,7,4,simd_gather,64,256,,,448,28,522.0417600000001,simd_single_cold,1650,1650,252.5,1.0,simd_base,True
simd,64,8,4,simd_gather,64,256,,,512,32,543.54348,simd_single_cold,100,1650,376.5,1.0,simd_base,True
simd,64,9,4,simd_gather,64,256,,,576,36,515.0412,simd_single_cold,1650,1650,311.0,1.0,simd_base,True
simd,64,10,4,simd_gather,64,256,,,640,40,489.03912,simd_single_cold,1650,1650,302.0,1.0,simd_base,True
simd,64,11,4,simd_gather,64,256,,,704,44,486.53892,simd_single_cold,1650,1650,288.5,1.0,simd_base,True
simd,64,12,4,simd_gather,64,256,,,768,48,493.53948,simd_single_cold,1650,1650,357.0,1.0,simd_base,True
simd,64,13,4,simd_gather,64,256,,,832,52,499.03992000000005,simd_single_cold,1650,1650,358.0,1.0,simd_base,True
simd,64,14,4,simd_gather,64,256,,,896,56,461.03688000000005,simd_single_cold,1650,1650,368.0,1.0,simd_base,True
simd,64,15,4,simd_gather,64,256,,,960,60,489.03912,simd_single_cold,1650,1650,377.5,1.0,simd_base,True
simd,64,16,4,simd_gather,64,256,,,1024,64,510.54084000000006,simd_single_cold,1650,1650,279.0,1.0,simd_base,True
simd,64,17,4,simd_gather,64,256,,,1088,68,477.5382,simd_single_cold,1650,1650,308.0,1.0,simd_base,True
simd,64,18,4,simd_gather,64,256,,,1152,72,497.5398,simd_single_cold,1650,1650,360.5,1.0,simd_base,True
simd,64,19,4,simd_gather,64,256,,,1216,76,460.53684000000004,simd_single_cold,1650,1650,368.5,1.0,simd_base,True
simd,64,20,4,simd_gather,64,256,,,1280,80,499.03992000000005,simd_single_cold,100,1650,351.5,1.0,simd_base,True
simd,64,21,4,simd_gather,64,256,,,1344,84,475.038,simd_single_cold,1650,1650,306.0,1.0,simd_base,True
simd,64,22,4,simd_gather,64,256,,,1408,88,477.03816000000006,simd_single_cold,1650,1650,313.0,1.0,simd_base,True
simd,64,23,4,simd_gather,64,256,,,1472,92,483.03864000000004,simd_single_cold,1650,1650,310.0,1.0,simd_base,True
simd,64,24,4,simd_gather,64,256,,,1536,96,461.03688000000005,simd_single_cold,1650,1650,308.0,1.0,simd_base,True
simd,64,25,4,simd_gather,64,256,,,1600,100,480.0384,simd_single_cold,1650,1650,344.5,1.0,simd_base,True
simd,64,26,4,simd_gather,64,256,,,1664,104,468.53748,simd_single_cold,100,1650,268.0,1.0,simd_base,True
simd,64,27,4,simd_gather,64,256,,,1728,108,468.53748,simd_single_cold,1650,1650,311.0,1.0,simd_base,True
simd,64,28,4,simd_gather,64,256,,,1792,112,466.03728,simd_single_cold,1650,1650,378.5,1.0,simd_base,True
simd,64,29,4,simd_gather,64,256,,,1856,116,467.53740000000005,simd_single_cold,1650,1650,366.5,1.0,simd_base,True
simd,64,30,4,simd_gather,64,256,,,1920,120,473.53788000000003,simd_single_cold,1650,1650,366.0,1.0,simd_base,True
simd,64,31,4,simd_gather,64,256,,,1984,124,465.03720000000004,simd_single_cold,1650,1650,285.0,1.0,simd_base,True
simd,64,32,4,simd_gather,64,256,,,2048,128,459.53676,simd_single_cold,1650,1650,319.0,1.0,simd_base,True
simd,64,40,4,simd_gather,64,256,,,2560,160,488.03904000000006,simd_single_cold,1650,1650,313.0,1.0,simd_base,True
simd,64,48,4,simd_gather,64,256,,,3072,192,465.53724000000005,simd_single_cold,1650,1650,348.5,1.0,simd_base,True
simd,64,56,4,simd_gather,64,256,,,3584,224,493.53948,simd_single_cold,1650,1650,353.5,1.0,simd_base,True
simd,64,64,4,simd_gather,64,256,,,4096,256,460.0368,simd_single_cold,100,1650,264.0,1.0,simd_base,True
simd,64,80,4,simd_gather,64,256,,,5120,320,525.54204,simd_single_cold,1650,1650,356.5,1.0,simd_base,True
simd,64,96,4,simd_gather,64,256,,,6144,384,462.53700000000003,simd_single_cold,1650,1650,347.5,1.0,simd_base,True
simd,64,112,4,simd_gather,64,256,,,7168,448,447.03576000000004,simd_single_cold,1650,1650,349.0,1.0,simd_base,True
simd,64,128,4,simd_gather,64,256,,,8192,512,492.03936000000004,simd_single_cold,1650,1650,312.0,1.0,simd_base,True
simd,64,160,4,simd_gather,64,256,,,10240,640,496.03968000000003,simd_single_cold,1650,1650,266.5,1.0,simd_base,True
simd,64,192,4,simd_gather,64,256,,,12288,768,489.53916000000004,simd_single_cold,1650,1650,320.5,1.0,simd_base,True
simd,64,224,4,simd_gather,64,256,,,14336,896,456.53652000000005,simd_single_cold,1650,1650,364.0,1.0,simd_base,True
simd,64,256,4,simd_gather,64,256,,,16384,1024,397.53180000000003,simd_single_cold,1650,1650,362.5,1.0,simd_base,True
simd,96,3,4,simd_gather,96,384,,,288,12,871.0696800000001,simd_single_cold,100,1650,235.0,1.0,simd_more,True
simd,96,4,4,simd_gather,96,384,,,384,16,706.5565200000001,simd_single_cold,100,1650,353.5,1.0,simd_more,True
simd,96,5,4,simd_gather,96,384,,,480,20,637.551,simd_single_cold,100,1650,355.0,1.0,simd_more,True
simd,96,6,4,simd_gather,96,384,,,576,24,626.0500800000001,simd_single_cold,1650,1650,328.5,1.0,simd_more,True
simd,96,7,4,simd_gather,96,384,,,672,28,585.5468400000001,simd_single_cold,100,1650,362.0,1.0,simd_more,True
simd,96,8,4,simd_gather,96,384,,,768,32,580.0464000000001,simd_single_cold,100,1650,269.5,1.0,simd_more,True
simd,96,9,4,simd_gather,96,384,,,864,36,537.04296,simd_single_cold,1650,1650,314.5,1.0,simd_more,True
simd,96,10,4,simd_gather,96,384,,,960,40,544.0435200000001,simd_single_cold,1650,1650,358.5,1.0,simd_more,True
simd,96,11,4,simd_gather,96,384,,,1056,44,539.5431600000001,simd_single_cold,100,1650,376.0,1.0,simd_more,True
simd,96,12,4,simd_gather,96,384,,,1152,48,510.54084000000006,simd_single_cold,100,1650,286.5,1.0,simd_more,True
simd,96,13,4,simd_gather,96,384,,,1248,52,539.04312,simd_single_cold,1650,1650,297.0,1.0,simd_more,True
simd,96,14,4,simd_gather,96,384,,,1344,56,531.0424800000001,simd_single_cold,1650,1650,349.0,1.0,simd_more,True
simd,96,15,4,simd_gather,96,384,,,1440,60,506.54052,simd_single_cold,1650,1650,343.5,1.0,simd_more,True
simd,96,16,4,simd_gather,96,384,,,1536,64,522.5418000000001,simd_single_cold,100,1650,302.5,1.0,simd_more,True
simd,96,17,4,simd_gather,96,384,,,1632,68,505.04040000000003,simd_single_cold,1650,1650,361.0,1.0,simd_more,True
simd,96,18,4,simd_gather,96,384,,,1728,72,531.5425200000001,simd_single_cold,1650,1650,359.5,1.0,simd_more,True
simd,96,19,4,simd_gather,96,384,,,1824,76,516.04128,simd_single_cold,1650,1650,364.0,1.0,simd_more,True
simd,96,20,4,simd_gather,96,384,,,1920,80,514.54116,simd_single_cold,100,1650,369.5,1.0,simd_more,True
simd,96,21,4,simd_gather,96,384,,,2016,84,506.04048000000006,simd_single_cold,100,1650,313.0,1.0,simd_more,True
simd,96,22,4,simd_gather,96,384,,,2112,88,515.54124,simd_single_cold,100,1650,308.5,1.0,simd_more,True
simd,96,23,4,simd_gather,96,384,,,2208,92,511.04088,simd_single_cold,1650,1650,255.5,1.0,simd_more,True
simd,96,24,4,simd_gather,96,384,,,2304,96,520.0416,simd_single_cold,1650,1650,307.0,1.0,simd_more,True
simd,96,25,4,simd_gather,96,384,,,2400,100,515.54124,simd_single_cold,1650,1650,355.0,1.0,simd_more,True
simd,96,26,4,simd_gather,96,384,,,2496,104,507.54060000000004,simd_single_cold,100,1650,302.5,1.0,simd_more,True
simd,96,27,4,simd_gather,96,384,,,2592,108,516.04128,simd_single_cold,100,1650,245.0,1.0,simd_more,True
simd,96,28,4,simd_gather,96,384,,,2688,112,492.53940000000006,simd_single_cold,1650,1650,320.0,1.0,simd_more,True
simd,96,29,4,simd_gather,96,384,,,2784,116,520.54164,simd_single_cold,1650,1650,358.0,1.0,simd_more,True
simd,96,30,4,simd_gather,96,384,,,2880,120,606.54852,simd_single_cold,100,1650,316.0,1.0,simd_more,True
simd,96,31,4,simd_gather,96,384,,,2976,124,530.0424,simd_single_cold,1650,1650,270.5,1.0,simd_more,True
simd,96,32,4,simd_gather,96,384,,,3072,128,505.54044000000005,simd_single_cold,1650,1650,360.5,1.0,simd_more,True
simd,96,40,4,simd_gather,96,384,,,3840,160,514.0411200000001,simd_single_cold,100,1650,314.0,1.0,simd_more,True
simd,96,48,4,simd_gather,96,384,,,4608,192,525.042,simd_single_cold,100,1650,319.5,1.0,simd_more,True
simd,96,56,4,simd_gather,96,384,,,5376,224,575.046,simd_single_cold,1650,1650,256.0,1.0,simd_more,True
simd,96,64,4,simd_gather,96,384,,,6144,256,506.04048000000006,simd_single_cold,100,1650,341.0,1.0,simd_more,True
simd,96,80,4,simd_gather,96,384,,,7680,320,503.54028000000005,simd_single_cold,100,1650,300.0,1.0,simd_more,True
simd,96,96,4,simd_gather,96,384,,,9216,384,486.03888000000006,simd_single_cold,1650,1650,350.0,1.0,simd_more,True
simd,96,112,4,simd_gather,96,384,,,10752,448,519.04152,simd_single_cold,100,1650,250.0,1.0,simd_more,True
simd,96,128,4,simd_gather,96,384,,,12288,512,504.04032000000007,simd_single_cold,100,1650,308.0,1.0,simd_more,True
simd,96,160,4,simd_gather,96,384,,,15360,640,511.04088,simd_single_cold,1650,1650,370.0,1.0,simd_more,True
simd,96,192,4,simd_gather,96,384,,,18432,768,555.54444,simd_single_cold,1650,1650,372.0,1.0,simd_more,True
simd,96,224,4,simd_gather,96,384,,,21504,896,512.04096,simd_single_cold,100,1650,310.5,1.0,simd_more,True
simd,96,256,4,simd_gather,96,384,,,24576,1024,517.04136,simd_single_cold,100,1650,374.0,1.0,simd_more,True
simd,128,3,4,simd_gather,128,512,,,384,12,904.0723200000001,simd_single_cold,1650,1650,308.5,1.0,simd_base,True
simd,128,4,4,simd_gather,128,512,,,512,16,779.0623200000001,simd_single_cold,1650,1650,247.5,1.0,simd_base,True
simd,128,5,4,simd_gather,128,512,,,640,20,664.05312,simd_single_cold,1650,1650,341.5,1.0,simd_base,True
simd,128,6,4,simd_gather,128,512,,,768,24,642.05136,simd_single_cold,1650,1650,340.0,1.0,simd_base,True
simd,128,7,4,simd_gather,128,512,,,896,28,595.54764,simd_single_cold,1650,1650,350.5,1.0,simd_base,True
simd,128,8,4,simd_gather,128,512,,,1024,32,588.04704,simd_single_cold,1650,1650,312.0,1.0,simd_base,True
simd,128,9,4,simd_gather,128,512,,,1152,36,581.5465200000001,simd_single_cold,1650,1650,319.0,1.0,simd_base,True
simd,128,10,4,simd_gather,128,512,,,1280,40,561.54492,simd_single_cold,1650,1650,261.5,1.0,simd_base,True
simd,128,11,4,simd_gather,128,512,,,1408,44,574.04592,simd_single_cold,1650,1650,367.0,1.0,simd_base,True
simd,128,12,4,simd_gather,128,512,,,1536,48,539.5431600000001,simd_single_cold,1650,1650,365.5,1.0,simd_base,True
simd,128,13,4,simd_gather,128,512,,,1664,52,544.5435600000001,simd_single_cold,1650,1650,360.0,1.0,simd_base,True
simd,128,14,4,simd_gather,128,512,,,1792,56,560.0448,simd_single_cold,1650,1650,304.0,1.0,simd_base,True
simd,128,15,4,simd_gather,128,512,,,1920,60,557.04456,simd_single_cold,1650,1650,266.0,1.0,simd_base,True
simd,128,16,4,simd_gather,128,512,,,2048,64,538.54308,simd_single_cold,1650,1650,311.5,1.0,simd_base,True
simd,128,17,4,simd_gather,128,512,,,2176,68,551.54412,simd_single_cold,1650,1650,356.5,1.0,simd_base,True
simd,128,18,4,simd_gather,128,512,,,2304,72,551.04408,simd_single_cold,1650,1650,351.0,1.0,simd_base,True
simd,128,19,4,simd_gather,128,512,,,2432,76,539.5431600000001,simd_single_cold,1650,1650,336.0,1.0,simd_base,True
simd,128,20,4,simd_gather,128,512,,,2560,80,542.04336,simd_single_cold,1650,1650,305.0,1.0,simd_base,True
simd,128,21,4,simd_gather,128,512,,,2688,84,605.0484,simd_single_cold,1650,1650,260.5,1.0,simd_base,True
simd,128,22,4,simd_gather,128,512,,,2816,88,548.5438800000001,simd_single_cold,1650,1650,351.5,1.0,simd_base,True
simd,128,23,4,simd_gather,128,512,,,2944,92,545.5436400000001,simd_single_cold,1650,1650,372.0,1.0,simd_base,True
simd,128,24,4,simd_gather,128,512,,,3072,96,525.54204,simd_single_cold,1650,1650,382.5,1.0,simd_base,True
simd,128,25,4,simd_gather,128,512,,,3200,100,526.04208,simd_single_cold,1650,1650,368.5,1.0,simd_base,True
simd,128,26,4,simd_gather,128,512,,,3328,104,534.54276,simd_single_cold,1650,1650,261.5,1.0,simd_base,True
simd,128,27,4,simd_gather,128,512,,,3456,108,547.5438,simd_single_cold,1650,1650,364.0,1.0,simd_base,True
simd,128,28,4,simd_gather,128,512,,,3584,112,529.04232,simd_single_cold,1650,1650,309.5,1.0,simd_base,True
simd,128,29,4,simd_gather,128,512,,,3712,116,538.04304,simd_single_cold,1650,1650,361.5,1.0,simd_base,True
simd,128,30,4,simd_gather,128,512,,,3840,120,527.5422000000001,simd_single_cold,1650,1650,356.5,1.0,simd_base,True
simd,128,31,4,simd_gather,128,512,,,3968,124,525.042,simd_single_cold,1650,1650,344.5,1.0,simd_base,True
simd,128,32,4,simd_gather,128,512,,,4096,128,518.0414400000001,simd_single_cold,1650,1650,252.5,1.0,simd_base,True
simd,128,40,4,simd_gather,128,512,,,5120,160,617.5494000000001,simd_single_cold,1650,1650,294.0,1.0,simd_base,True
simd,128,48,4,simd_gather,128,512,,,6144,192,592.5474,simd_single_cold,1650,1650,301.0,1.0,simd_base,True
simd,128,56,4,simd_gather,128,512,,,7168,224,542.5434,simd_single_cold,1650,1650,346.5,1.0,simd_base,True
simd,128,64,4,simd_gather,128,512,,,8192,256,555.0444,simd_single_cold,1650,1650,367.5,1.0,simd_base,True
simd,128,80,4,simd_gather,128,512,,,10240,320,592.5474,simd_single_cold,1650,1650,310.5,1.0,simd_base,True
simd,128,96,4,simd_gather,128,512,,,12288,384,555.54444,simd_single_cold,1650,1650,364.5,1.0,simd_base,True
simd,128,112,4,simd_gather,128,512,,,14336,448,539.04312,simd_single_cold,1650,1650,318.5,1.0,simd_base,True
simd,128,128,4,simd_gather,128,512,,,16384,512,573.04584,simd_single_cold,1650,1650,366.0,1.0,simd_base,True
simd,128,160,4,simd_gather,128,512,,,20480,640,583.54668,simd_single_cold,1650,1650,365.5,1.0,simd_base,True
simd,128,192,4,simd_gather,128,512,,,24576,768,568.54548,simd_single_cold,1650,1650,355.5,1.0,simd_base,True
simd,128,224,4,simd_gather,128,512,,,28672,896,573.54588,simd_single_cold,1650,1650,309.5,1.0,simd_base,True
simd,128,256,4,simd_gather,128,512,,,32768,1024,550.0440000000001,simd_single_cold,1650,1650,366.5,1.0,simd_base,True
simd,192,3,4,simd_gather,192,768,,,576,12,951.07608,simd_single_cold,100,1650,352.5,1.0,simd_more,True
simd,192,4,4,simd_gather,192,768,,,768,16,788.56308,simd_single_cold,100,1650,262.5,1.0,simd_more,True
simd,192,5,4,simd_gather,192,768,,,960,20,719.5575600000001,simd_single_cold,1650,1650,299.5,1.0,simd_more,True
simd,192,6,4,simd_gather,192,768,,,1152,24,683.0546400000001,simd_single_cold,100,1650,367.0,1.0,simd_more,True
simd,192,7,4,simd_gather,192,768,,,1344,28,661.5529200000001,simd_single_cold,100,1650,363.5,1.0,simd_more,True
simd,192,8,4,simd_gather,192,768,,,1536,32,646.55172,simd_single_cold,1650,1650,271.5,1.0,simd_more,True
simd,192,9,4,simd_gather,192,768,,,1728,36,624.54996,simd_single_cold,1650,1650,311.5,1.0,simd_more,True
simd,192,10,4,simd_gather,192,768,,,1920,40,601.54812,simd_single_cold,100,1650,367.0,1.0,simd_more,True
simd,192,11,4,simd_gather,192,768,,,2112,44,618.04944,simd_single_cold,1650,1650,328.5,1.0,simd_more,True
simd,192,12,4,simd_gather,192,768,,,2304,48,598.5478800000001,simd_single_cold,1650,1650,314.5,1.0,simd_more,True
simd,192,13,4,simd_gather,192,768,,,2496,52,586.0468800000001,simd_single_cold,100,1650,361.5,1.0,simd_more,True
simd,192,14,4,simd_gather,192,768,,,2688,56,612.0489600000001,simd_single_cold,100,1650,318.5,1.0,simd_more,True
simd,192,15,4,simd_gather,192,768,,,2880,60,613.0490400000001,simd_single_cold,1650,1650,352.5,1.0,simd_more,True
simd,192,16,4,simd_gather,192,768,,,3072,64,587.547,simd_single_cold,100,1650,358.0,1.0,simd_more,True
simd,192,17,4,simd_gather,192,768,,,3264,68,595.0476000000001,simd_single_cold,100,1650,321.5,1.0,simd_more,True
simd,192,18,4,simd_gather,192,768,,,3456,72,597.04776,simd_single_cold,1650,1650,304.5,1.0,simd_more,True
simd,192,19,4,simd_gather,192,768,,,3648,76,571.5457200000001,simd_single_cold,100,1650,341.5,1.0,simd_more,True
simd,192,20,4,simd_gather,192,768,,,3840,80,560.54484,simd_single_cold,100,1650,306.5,1.0,simd_more,True
simd,192,21,4,simd_gather,192,768,,,4032,84,595.54764,simd_single_cold,1650,1650,307.0,1.0,simd_more,True
simd,192,22,4,simd_gather,192,768,,,4224,88,657.5526000000001,simd_single_cold,1650,1650,373.5,1.0,simd_more,True
simd,192,23,4,simd_gather,192,768,,,4416,92,584.04672,simd_single_cold,100,1650,311.0,1.0,simd_more,True
simd,192,24,4,simd_gather,192,768,,,4608,96,573.54588,simd_single_cold,100,1650,362.5,1.0,simd_more,True
simd,192,25,4,simd_gather,192,768,,,4800,100,596.54772,simd_single_cold,1650,1650,348.0,1.0,simd_more,True
simd,192,26,4,simd_gather,192,768,,,4992,104,654.55236,simd_single_cold,100,1650,278.0,1.0,simd_more,True
simd,192,27,4,simd_gather,192,768,,,5184,108,590.5472400000001,simd_single_cold,100,1650,306.5,1.0,simd_more,True
simd,192,28,4,simd_gather,192,768,,,5376,112,616.0492800000001,simd_single_cold,1650,1650,358.5,1.0,simd_more,True
simd,192,29,4,simd_gather,192,768,,,5568,116,632.05056,simd_single_cold,1650,1650,351.5,1.0,simd_more,True
simd,192,30,4,simd_gather,192,768,,,5760,120,564.54516,simd_single_cold,100,1650,273.5,1.0,simd_more,True
simd,192,31,4,simd_gather,192,768,,,5952,124,615.54924,simd_single_cold,1650,1650,371.0,1.0,simd_more,True
simd,192,32,4,simd_gather,192,768,,,6144,128,561.04488,simd_single_cold,1650,1650,358.5,1.0,simd_more,True
simd,192,40,4,simd_gather,192,768,,,7680,160,601.54812,simd_single_cold,100,1650,312.5,1.0,simd_more,True
simd,192,48,4,simd_gather,192,768,,,9216,192,647.0517600000001,simd_single_cold,100,1650,300.0,1.0,simd_more,True
simd,192,56,4,simd_gather,192,768,,,10752,224,625.5500400000001,simd_single_cold,100,1650,313.0,1.0,simd_more,True
simd,192,64,4,simd_gather,192,768,,,12288,256,617.5494000000001,simd_single_cold,1650,1650,295.0,1.0,simd_more,True
simd,192,80,4,simd_gather,192,768,,,15360,320,622.5498,simd_single_cold,1650,1650,254.5,1.0,simd_more,True
simd,192,96,4,simd_gather,192,768,,,18432,384,611.5489200000001,simd_single_cold,1650,1650,369.5,1.0,simd_more,True
simd,192,112,4,simd_gather,192,768,,,21504,448,621.5497200000001,simd_single_cold,1650,1650,363.0,1.0,simd_more,True
simd,192,128,4,simd_gather,192,768,,,24576,512,625.0500000000001,simd_single_cold,1650,1650,369.5,1.0,simd_more,True
simd,192,160,4,simd_gather,192,768,,,30720,640,605.54844,simd_single_cold,1650,1650,357.5,1.0,simd_more,True
simd,192,192,4,simd_gather,192,768,,,36864,768,582.04656,simd_single_cold,1650,1650,320.0,1.0,simd_more,True
simd,192,224,4,simd_gather,192,768,,,43008,896,683.0546400000001,simd_single_cold,100,1650,353.0,1.0,simd_more,True
simd,192,256,4,simd_gather,192,768,,,49152,1024,604.54836,simd_single_cold,100,1650,353.0,1.0,simd_more,True
simd,256,3,4,simd_gather,256,1024,,,768,12,979.0783200000001,simd_single_cold,1650,1650,241.0,1.0,simd_base,True
simd,256,4,4,simd_gather,256,1024,,,1024,16,842.5674,simd_single_cold,1650,1650,310.0,1.0,simd_base,True
simd,256,5,4,simd_gather,256,1024,,,1280,20,757.06056,simd_single_cold,1650,1650,316.5,1.0,simd_base,True
simd,256,6,4,simd_gather,256,1024,,,1536,24,733.0586400000001,simd_single_cold,1650,1650,365.0,1.0,simd_base,True
simd,256,7,4,simd_gather,256,1024,,,1792,28,699.55596,simd_single_cold,1650,1650,371.0,1.0,simd_base,True
simd,256,8,4,simd_gather,256,1024,,,2048,32,704.05632,simd_single_cold,1650,1650,319.0,1.0,simd_base,True
simd,256,9,4,simd_gather,256,1024,,,2304,36,703.55628,simd_single_cold,1650,1650,321.0,1.0,simd_base,True
simd,256,10,4,simd_gather,256,1024,,,2560,40,683.0546400000001,simd_single_cold,1650,1650,325.0,1.0,simd_base,True
simd,256,11,4,simd_gather,256,1024,,,2816,44,661.5529200000001,simd_single_cold,1650,1650,314.0,1.0,simd_base,True
simd,256,12,4,simd_gather,256,1024,,,3072,48,682.05456,simd_single_cold,1650,1650,357.5,1.0,simd_base,True
simd,256,13,4,simd_gather,256,1024,,,3328,52,668.05344,simd_single_cold,1650,1650,270.0,1.0,simd_base,True
simd,256,14,4,simd_gather,256,1024,,,3584,56,621.0496800000001,simd_single_cold,1650,1650,356.5,1.0,simd_base,True
simd,256,15,4,simd_gather,256,1024,,,3840,60,664.55316,simd_single_cold,1650,1650,349.0,1.0,simd_base,True
simd,256,16,4,simd_gather,256,1024,,,4096,64,632.5506,simd_single_cold,1650,1650,348.5,1.0,simd_base,True
simd,256,17,4,simd_gather,256,1024,,,4352,68,695.55564,simd_single_cold,1650,1650,306.5,1.0,simd_base,True
simd,256,18,4,simd_gather,256,1024,,,4608,72,712.05696,simd_single_cold,1650,1650,308.5,1.0,simd_base,True
simd,256,19,4,simd_gather,256,1024,,,4864,76,719.5575600000001,simd_single_cold,1650,1650,279.5,1.0,simd_base,True
simd,256,20,4,simd_gather,256,1024,,,5120,80,658.05264,simd_single_cold,1650,1650,371.5,1.0,simd_base,True
simd,256,21,4,simd_gather,256,1024,,,5376,84,696.05568,simd_single_cold,1650,1650,371.5,1.0,simd_base,True
simd,256,22,4,simd_gather,256,1024,,,5632,88,659.05272,simd_single_cold,1650,1650,363.5,1.0,simd_base,True
simd,256,23,4,simd_gather,256,1024,,,5888,92,736.05888,simd_single_cold,1650,1650,316.5,1.0,simd_base,True
simd,256,24,4,simd_gather,256,1024,,,6144,96,649.05192,simd_single_cold,1650,1650,267.5,1.0,simd_base,True
simd,256,25,4,simd_gather,256,1024,,,6400,100,627.05016,simd_single_cold,1650,1650,342.5,1.0,simd_base,True
simd,256,26,4,simd_gather,256,1024,,,6656,104,682.05456,simd_single_cold,1650,1650,360.5,1.0,simd_base,True
simd,256,27,4,simd_gather,256,1024,,,6912,108,694.05552,simd_single_cold,1650,1650,358.0,1.0,simd_base,True
simd,256,28,4,simd_gather,256,1024,,,7168,112,687.5550000000001,simd_single_cold,1650,1650,353.5,1.0,simd_base,True
simd,256,29,4,simd_gather,256,1024,,,7424,116,649.05192,simd_single_cold,1650,1650,344.5,1.0,simd_base,True
simd,256,30,4,simd_gather,256,1024,,,7680,120,714.05712,simd_single_cold,1650,1650,261.0,1.0,simd_base,True
simd,256,31,4,simd_gather,256,1024,,,7936,124,660.0528,simd_single_cold,1650,1650,299.0,1.0,simd_base,True
simd,256,32,4,simd_gather,256,1024,,,8192,128,764.0611200000001,simd_single_cold,1650,1650,359.0,1.0,simd_base,True
simd,256,40,4,simd_gather,256,1024,,,10240,160,722.05776,simd_single_cold,1650,1650,370.5,1.0,simd_base,True
simd,256,48,4,simd_gather,256,1024,,,12288,192,691.05528,simd_single_cold,1650,1650,375.0,1.0,simd_base,True
simd,256,56,4,simd_gather,256,1024,,,14336,224,689.0551200000001,simd_single_cold,1650,1650,253.0,1.0,simd_base,True
simd,256,64,4,simd_gather,256,1024,,,16384,256,718.55748,simd_single_cold,1650,1650,309.0,1.0,simd_base,True
simd,256,80,4,simd_gather,256,1024,,,20480,320,692.5554000000001,simd_single_cold,1650,1650,324.5,1.0,simd_base,True
simd,256,96,4,simd_gather,256,1024,,,24576,384,690.55524,simd_single_cold,1650,1650,367.5,1.0,simd_base,True
simd,256,112,4,simd_gather,256,1024,,,28672,448,748.05984,simd_single_cold,1650,1650,354.0,1.0,simd_base,True
simd,256,128,4,simd_gather,256,1024,,,32768,512,756.5605200000001,simd_single_cold,1650,1650,314.0,1.0,simd_base,True
simd,256,160,4,simd_gather,256,1024,,,40960,640,705.5564400000001,simd_single_cold,1650,1650,303.0,1.0,simd_base,True
simd,256,192,4,simd_gather,256,1024,,,49152,768,783.5626800000001,simd_single_cold,1650,1650,299.0,1.0,simd_base,True
simd,256,224,4,simd_gather,256,1024,,,57344,896,705.0564,simd_single_cold,1650,1650,299.0,1.0,simd_base,True
simd,256,256,4,simd_gather,256,1024,,,65536,1024,782.5626000000001,simd_single_cold,1650,1650,357.0,1.0,simd_base,True
simd,384,3,4,simd_gather,384,1536,,,1152,12,1641.13128,simd_single_cold,100,1650,307.0,1.0,simd_more,True
simd,384,4,4,simd_gather,384,1536,,,1536,16,1379.11032,simd_single_cold,1650,1650,306.0,1.0,simd_more,True
simd,384,5,4,simd_gather,384,1536,,,1920,20,1248.5998800000002,simd_single_cold,1650,1650,268.5,1.0,simd_more,True
simd,384,6,4,simd_gather,384,1536,,,2304,24,1121.5897200000002,simd_single_cold,1650,1650,372.0,1.0,simd_more,True
simd,384,7,4,simd_gather,384,1536,,,2688,28,1105.58844,simd_single_cold,100,1650,375.0,1.0,simd_more,True
simd,384,8,4,simd_gather,384,1536,,,3072,32,1081.0864800000002,simd_single_cold,1650,1650,370.5,1.0,simd_more,True
simd,384,9,4,simd_gather,384,1536,,,3456,36,1093.08744,simd_single_cold,1650,1650,377.0,1.0,simd_more,True
simd,384,10,4,simd_gather,384,1536,,,3840,40,1014.5811600000001,simd_single_cold,1650,1650,284.0,1.0,simd_more,True
simd,384,11,4,simd_gather,384,1536,,,4224,44,1114.58916,simd_single_cold,1650,1650,363.5,1.0,simd_more,True
simd,384,12,4,simd_gather,384,1536,,,4608,48,992.5794000000001,simd_single_cold,100,1650,358.5,1.0,simd_more,True
simd,384,13,4,simd_gather,384,1536,,,4992,52,1018.58148,simd_single_cold,100,1650,307.0,1.0,simd_more,True
simd,384,14,4,simd_gather,384,1536,,,5376,56,969.07752,simd_single_cold,1650,1650,356.0,1.0,simd_more,True
simd,384,15,4,simd_gather,384,1536,,,5760,60,986.07888,simd_single_cold,100,1650,362.5,1.0,simd_more,True
simd,384,16,4,simd_gather,384,1536,,,6144,64,964.07712,simd_single_cold,100,1650,276.5,1.0,simd_more,True
simd,384,17,4,simd_gather,384,1536,,,6528,68,1059.5847600000002,simd_single_cold,100,1650,371.5,1.0,simd_more,True
simd,384,18,4,simd_gather,384,1536,,,6912,72,986.57892,simd_single_cold,100,1650,385.5,1.0,simd_more,True
simd,384,19,4,simd_gather,384,1536,,,7296,76,1008.0806400000001,simd_single_cold,100,1650,367.0,1.0,simd_more,True
simd,384,20,4,simd_gather,384,1536,,,7680,80,1029.58236,simd_single_cold,100,1650,324.0,1.0,simd_more,True
simd,384,21,4,simd_gather,384,1536,,,8064,84,1047.08376,simd_single_cold,1650,1650,264.5,1.0,simd_more,True
simd,384,22,4,simd_gather,384,1536,,,8448,88,1016.5813200000001,simd_single_cold,100,1650,377.5,1.0,simd_more,True
simd,384,23,4,simd_gather,384,1536,,,8832,92,999.0799200000001,simd_single_cold,100,1650,361.5,1.0,simd_more,True
simd,384,24,4,simd_gather,384,1536,,,9216,96,1030.0824,simd_single_cold,1650,1650,310.0,1.0,simd_more,True
simd,384,25,4,simd_gather,384,1536,,,9600,100,1016.0812800000001,simd_single_cold,1650,1650,252.5,1.0,simd_more,True
simd,384,26,4,simd_gather,384,1536,,,9984,104,986.57892,simd_single_cold,100,1650,364.5,1.0,simd_more,True
simd,384,27,4,simd_gather,384,1536,,,10368,108,998.0798400000001,simd_single_cold,1650,1650,316.0,1.0,simd_more,True
simd,384,28,4,simd_gather,384,1536,,,10752,112,970.5776400000001,simd_single_cold,1650,1650,320.5,1.0,simd_more,True
simd,384,29,4,simd_gather,384,1536,,,11136,116,986.07888,simd_single_cold,100,1650,378.5,1.0,simd_more,True
simd,384,30,4,simd_gather,384,1536,,,11520,120,985.5788400000001,simd_single_cold,100,1650,368.0,1.0,simd_more,True
simd,384,31,4,simd_gather,384,1536,,,11904,124,993.5794800000001,simd_single_cold,100,1650,376.5,1.0,simd_more,True
simd,384,32,4,simd_gather,384,1536,,,12288,128,1002.5802000000001,simd_single_cold,100,1650,321.0,1.0,simd_more,True
simd,384,40,4,simd_gather,384,1536,,,15360,160,1049.5839600000002,simd_single_cold,100,1650,369.5,1.0,simd_more,True
simd,384,48,4,simd_gather,384,1536,,,18432,192,1015.0812000000001,simd_single_cold,1650,1650,358.5,1.0,simd_more,True
simd,384,56,4,simd_gather,384,1536,,,21504,224,1037.583,simd_single_cold,100,1650,359.5,1.0,simd_more,True
simd,384,64,4,simd_gather,384,1536,,,24576,256,986.07888,simd_single_cold,100,1650,369.0,1.0,simd_more,True
simd,384,80,4,simd_gather,384,1536,,,30720,320,987.07896,simd_single_cold,1650,1650,345.0,1.0,simd_more,True
simd,384,96,4,simd_gather,384,1536,,,36864,384,967.5774000000001,simd_single_cold,1650,1650,359.5,1.0,simd_more,True
simd,384,112,4,simd_gather,384,1536,,,43008,448,963.57708,simd_single_cold,100,1650,384.5,1.0,simd_more,True
simd,384,128,4,simd_gather,384,1536,,,49152,512,917.0733600000001,simd_single_cold,1650,1650,323.0,1.0,simd_more,True
simd,384,160,4,simd_gather,384,1536,,,61440,640,996.5797200000001,simd_single_cold,1650,1650,373.5,1.0,simd_more,True
simd,384,192,4,simd_gather,384,1536,,,73728,768,1031.08248,simd_single_cold,1650,1650,385.0,1.0,simd_more,True
simd,384,224,4,simd_gather,384,1536,,,86016,896,1014.5811600000001,simd_single_cold,100,1650,369.0,1.0,simd_more,True
simd,384,256,4,simd_gather,384,1536,,,98304,1024,1019.5815600000001,simd_single_cold,100,1650,325.0,1.0,simd_more,True
simd,512,3,4,simd_gather,512,2048,,,1536,12,1783.6426800000002,simd_single_cold,100,1650,314.5,1.0,simd_more,True
simd,512,4,4,simd_gather,512,2048,,,2048,16,1450.61604,simd_single_cold,100,1650,324.5,1.0,simd_more,True
simd,512,5,4,simd_gather,512,2048,,,2560,20,1374.60996,simd_single_cold,100,1650,369.5,1.0,simd_more,True
simd,512,6,4,simd_gather,512,2048,,,3072,24,1299.10392,simd_single_cold,100,1650,317.5,1.0,simd_more,True
simd,512,7,4,simd_gather,512,2048,,,3584,28,1222.5978,simd_single_cold,100,1650,323.0,1.0,simd_more,True
simd,512,8,4,simd_gather,512,2048,,,4096,32,1146.5917200000001,simd_single_cold,100,1650,283.0,1.0,simd_more,True
simd,512,9,4,simd_gather,512,2048,,,4608,36,1201.5961200000002,simd_single_cold,100,1650,376.5,1.0,simd_more,True
simd,512,10,4,simd_gather,512,2048,,,5120,40,1172.0937600000002,simd_single_cold,100,1650,286.0,1.0,simd_more,True
simd,512,11,4,simd_gather,512,2048,,,5632,44,1136.0908800000002,simd_single_cold,100,1650,274.0,1.0,simd_more,True
simd,512,12,4,simd_gather,512,2048,,,6144,48,1110.5888400000001,simd_single_cold,100,1650,366.5,1.0,simd_more,True
simd,512,13,4,simd_gather,512,2048,,,6656,52,1137.09096,simd_single_cold,100,1650,309.5,1.0,simd_more,True
simd,512,14,4,simd_gather,512,2048,,,7168,56,1116.0892800000001,simd_single_cold,100,1650,312.5,1.0,simd_more,True
simd,512,15,4,simd_gather,512,2048,,,7680,60,1080.58644,simd_single_cold,100,1650,267.5,1.0,simd_more,True
simd,512,16,4,simd_gather,512,2048,,,8192,64,1150.59204,simd_single_cold,100,1650,386.5,1.0,simd_more,True
simd,512,17,4,simd_gather,512,2048,,,8704,68,1128.09024,simd_single_cold,100,1650,377.5,1.0,simd_more,True
simd,512,18,4,simd_gather,512,2048,,,9216,72,1132.5906,simd_single_cold,100,1650,378.0,1.0,simd_more,True
simd,512,19,4,simd_gather,512,2048,,,9728,76,1147.5918000000001,simd_single_cold,100,1650,389.5,1.0,simd_more,True
simd,512,20,4,simd_gather,512,2048,,,10240,80,1145.0916000000002,simd_single_cold,100,1650,381.5,1.0,simd_more,True
simd,512,21,4,simd_gather,512,2048,,,10752,84,1131.09048,simd_single_cold,100,1650,314.0,1.0,simd_more,True
simd,512,22,4,simd_gather,512,2048,,,11264,88,1149.09192,simd_single_cold,100,1650,368.0,1.0,simd_more,True
simd,512,23,4,simd_gather,512,2048,,,11776,92,1129.5903600000001,simd_single_cold,100,1650,370.5,1.0,simd_more,True
simd,512,24,4,simd_gather,512,2048,,,12288,96,1122.08976,simd_single_cold,100,1650,322.5,1.0,simd_more,True
simd,512,25,4,simd_gather,512,2048,,,12800,100,1159.09272,simd_single_cold,100,1650,360.0,1.0,simd_more,True
simd,512,26,4,simd_gather,512,2048,,,13312,104,1157.5926000000002,simd_single_cold,100,1650,331.5,1.0,simd_more,True
simd,512,27,4,simd_gather,512,2048,,,13824,108,1109.0887200000002,simd_single_cold,100,1650,381.0,1.0,simd_more,True
simd,512,28,4,simd_gather,512,2048,,,14336,112,1131.09048,simd_single_cold,100,1650,371.5,1.0,simd_more,True
simd,512,29,4,simd_gather,512,2048,,,14848,116,1170.0936000000002,simd_single_cold,1650,1650,390.0,1.0,simd_more,True
simd,512,30,4,simd_gather,512,2048,,,15360,120,1152.5922,simd_single_cold,100,1650,371.5,1.0,simd_more,True
simd,512,31,4,simd_gather,512,2048,,,15872,124,1181.59452,simd_single_cold,100,1650,324.5,1.0,simd_more,True
simd,512,32,4,simd_gather,512,2048,,,16384,128,1164.5931600000001,simd_single_cold,100,1650,375.5,1.0,simd_more,True
simd,512,40,4,simd_gather,512,2048,,,20480,160,1114.08912,simd_single_cold,100,1650,294.5,1.0,simd_more,True
simd,512,48,4,simd_gather,512,2048,,,24576,192,1145.0916000000002,simd_single_cold,100,1650,312.5,1.0,simd_more,True
simd,512,56,4,simd_gather,512,2048,,,28672,224,1177.09416,simd_single_cold,100,1650,375.0,1.0,simd_more,True
simd,512,64,4,simd_gather,512,2048,,,32768,256,1118.0894400000002,simd_single_cold,100,1650,266.0,1.0,simd_more,True
simd,512,80,4,simd_gather,512,2048,,,40960,320,1168.09344,simd_single_cold,100,1650,361.0,1.0,simd_more,True
simd,512,96,4,simd_gather,512,2048,,,49152,384,1180.59444,simd_single_cold,100,1650,321.0,1.0,simd_more,True
simd,512,112,4,simd_gather,512,2048,,,57344,448,1139.09112,simd_single_cold,1650,1650,321.5,1.0,simd_more,True
simd,512,128,4,simd_gather,512,2048,,,65536,512,1155.0924,simd_single_cold,100,1650,361.5,1.0,simd_more,True
simd,512,160,4,simd_gather,512,2048,,,81920,640,1192.5954000000002,simd_single_cold,100,1650,255.5,1.0,simd_more,True
simd,512,192,4,simd_gather,512,2048,,,98304,768,1143.0914400000001,simd_single_cold,100,1650,324.0,1.0,simd_more,True
simd,512,224,4,simd_gather,512,2048,,,114688,896,1163.0930400000002,simd_single_cold,100,1650,332.0,1.0,simd_more,True
simd,512,256,4,simd_gather,512,2048,,,131072,1024,1167.5934000000002,simd_single_cold,1650,1650,381.5,1.0,simd_more,True
simd,8,1,4,simd_wide,1,32,,,8,4,270.02160000000003,simd_single_cold,100,1650,307.0,1.0,simd_more,True
simd,8,2,4,simd_wide,1,64,,,16,8,349.52796,simd_single_cold,1650,1650,366.5,1.0,simd_more,True
simd,16,1,4,simd_wide,1,64,,,16,4,265.52124000000003,simd_single_cold,1650,1650,338.5,1.0,simd_base,True
simd,16,2,4,simd_wide,1,128,,,32,8,339.02712,simd_single_cold,1650,1650,353.0,1.0,simd_base,True
simd,24,1,4,simd_wide,1,96,,,24,4,269.02152,simd_single_cold,1650,1650,375.0,1.0,simd_more,True
simd,24,2,4,simd_wide,1,192,,,48,8,287.523,simd_single_cold,100,1650,376.5,1.0,simd_more,True
simd,32,1,4,simd_wide,1,128,,,32,4,250.52004000000002,simd_single_cold,1650,1650,362.0,1.0,simd_base,True
simd,32,2,4,simd_wide,1,256,,,64,8,288.52308000000005,simd_single_cold,1650,1650,347.0,1.0,simd_base,True
simd,48,1,4,simd_wide,1,192,,,48,4,335.02680000000004,simd_single_cold,100,1650,374.5,1.0,simd_more,True
simd,48,2,4,simd_wide,1,384,,,96,8,362.52900000000005,simd_single_cold,100,1650,316.0,1.0,simd_more,True
simd,64,1,4,simd_wide,1,256,,,64,4,260.0208,simd_single_cold,1650,1650,346.5,1.0,simd_base,True
simd,64,2,4,simd_wide,1,512,,,128,8,263.52108000000004,simd_single_cold,1650,1650,333.5,1.0,simd_base,True
simd,96,1,4,simd_wide,1,384,,,96,4,353.02824000000004,simd_single_cold,100,1650,313.0,1.0,simd_more,True
simd,96,2,4,simd_wide,2,768,,,192,8,397.53180000000003,simd_single_cold,100,1650,341.0,1.0,simd_more,True
simd,128,1,4,simd_wide,1,512,,,128,4,359.52876000000003,simd_single_cold,1650,1650,360.5,1.0,simd_base,True
simd,128,2,4,simd_wide,2,1024,,,256,8,400.53204000000005,simd_single_cold,1650,1650,265.0,1.0,simd_base,True
simd,192,1,4,simd_wide,2,768,,,192,4,354.02832,simd_single_cold,1650,1650,356.0,1.0,simd_more,True
simd,192,2,4,simd_wide,3,1536,,,384,8,402.53220000000005,simd_single_cold,1650,1650,351.5,1.0,simd_more,True
simd,256,1,4,simd_wide,2,1024,,,256,4,380.03040000000004,simd_single_cold,1650,1650,350.5,1.0,simd_base,True
simd,256,2,4,simd_wide,4,2048,,,512,8,426.53412000000003,simd_single_cold,1650,1650,345.5,1.0,simd_base,True
simd,384,1,4,simd_wide,3,1536,,,384,4,382.53060000000005,simd_single_cold,100,1650,380.5,1.0,simd_more,True
simd,384,2,4,simd_wide,6,3072,,,768,8,427.53420000000006,simd_single_cold,100,1650,303.5,1.0,simd_more,True
simd,512,1,4,simd_wide,4,2048,,,512,4,380.03040000000004,simd_single_cold,1650,1650,345.5,1.0,simd_more,True
simd,512,2,4,simd_wide,8,4096,,,1024,8,420.53364000000005,simd_single_cold,100,1650,355.0,1.0,simd_more,True
simt,4,1,4,simt,,,1,1,4,4,133.9833289384842,simt_rotate_iter,1650,1650,,1.0,simt_more,True
simt,4,2,4,simt,,,1,1,8,8,132.7660083770752,simt_rotate_iter,1650,1650,,1.0,simt_more,True
simt,4,3,4,simt,,,1,1,12,12,133.22899242242178,simt_rotate_iter,1650,1650,,1.0,simt_more,True
simt,4,4,4,simt,,,1,1,16,16,132.80183573563895,simt_rotate_iter,1650,1650,,1.0,simt_more,True
simt,4,5,4,simt,,,1,1,20,20,133.44150284926096,simt_rotate_iter,1650,1650,,1.0,simt_more,True
simt,4,6,4,simt,,,1,1,24,24,131.195659438769,simt_rotate_iter,1650,1650,,1.0,simt_more,True
simt,4,7,4,simt,,,1,1,28,28,132.9855074485143,simt_rotate_iter,1650,1650,,1.0,simt_more,True
simt,4,8,4,simt,,,1,1,32,32,133.3195020755132,simt_rotate_iter,1650,1650,,1.0,simt_more,True
simt,4,9,4,simt,,,1,1,36,36,132.99299279848734,simt_rotate_iter,1650,1650,,1.0,simt_more,True
simt,4,10,4,simt,,,1,1,40,40,133.41500361760458,simt_rotate_iter,1650,1650,,1.0,simt_more,True
simt,4,11,4,simt,,,1,2,44,44,147.8670040766398,simt_rotate_iter,1650,1650,,1.0,simt_more,True
simt,4,12,4,simt,,,1,2,48,48,142.27200051148733,simt_rotate_iter,1650,1650,,1.0,simt_more,True
simt,4,16,4,simt,,,1,2,64,64,148.0680008729299,simt_rotate_iter,1650,1650,,1.0,simt_more,True
simt,4,20,4,simt,,,1,2,80,80,145.72599530220032,simt_rotate_iter,1650,1650,,1.0,simt_more,True
simt,4,24,4,simt,,,1,3,96,96,165.6358391046524,simt_rotate_iter,1650,1650,,1.0,simt_more,True
simt,4,32,4,simt,,,1,4,128,128,177.6104917128881,simt_rotate_iter,1650,1650,,1.0,simt_more,True
simt,4,40,4,simt,,,1,4,160,160,178.0756562948227,simt_rotate_iter,1650,1650,,1.0,simt_more,True
simt,4,48,4,simt,,,1,4,192,192,179.22350764274597,simt_rotate_iter,1650,1650,,1.0,simt_more,True
simt,4,64,4,simt,,,1,4,256,256,179.15800710519156,simt_rotate_iter,1650,1650,,1.0,simt_more,True
simt,4,96,4,simt,,,1,4,384,384,164.55901165803274,simt_rotate_iter,1650,1650,,1.0,simt_more,True
simt,4,128,4,simt,,,1,4,512,512,154.65966860453287,simt_rotate_iter,1650,1650,,1.0,simt_more,True
simt,4,192,4,simt,,,1,4,768,768,151.47832532723746,simt_rotate_iter,1650,1650,,1.0,simt_more,True
simt,4,256,4,simt,,,1,4,1024,1024,142.88233717282614,simt_rotate_iter,1650,1650,,1.0,simt_more,True
simt,8,1,4,simt,,,1,1,8,4,133.09999306996664,simt_rotate_iter,1650,1650,,1.0,simt_more,True
simt,8,2,4,simt,,,1,1,16,8,132.42017229398093,simt_rotate_iter,1650,1650,,1.0,simt_more,True
simt,8,3,4,simt,,,1,1,24,12,134.12184516588846,simt_rotate_iter,1650,1650,,1.0,simt_more,True
simt,8,4,4,simt,,,1,1,32,16,133.76116752624512,simt_rotate_iter,1650,1650,,1.0,simt_more,True
simt,8,5,4,simt,,,1,2,40,20,147.90899554888406,simt_rotate_iter,1650,1650,,1.0,simt_more,True
simt,8,6,4,simt,,,1,2,48,24,148.97050460179648,simt_rotate_iter,1650,1650,,1.0,simt_more,True
simt,8,7,4,simt,,,1,2,56,28,148.06950092315674,simt_rotate_iter,1650,1650,,1.0,simt_more,True
simt,8,8,4,simt,,,1,2,64,32,147.76366452376047,simt_rotate_iter,1650,1650,,1.0,simt_more,True
simt,8,9,4,simt,,,1,2,72,36,147.3318338394165,simt_rotate_iter,1650,1650,,1.0,simt_more,True
simt,8,10,4,simt,,,1,3,80,40,170.36133507887521,simt_rotate_iter,1650,1650,,1.0,simt_more,True
simt,8,11,4,simt,,,1,3,88,44,162.6791755358378,simt_rotate_iter,1650,1650,,1.0,simt_more,True
simt,8,12,4,simt,,,1,3,96,48,162.57632772127786,simt_rotate_iter,1650,1650,,1.0,simt_more,True
simt,8,16,4,simt,,,1,4,128,64,179.12216981252035,simt_rotate_iter,1650,1650,,1.0,simt_more,True
simt,8,20,4,simt,,,1,5,160,80,194.79399919509888,simt_rotate_iter,1650,1650,,1.0,simt_more,True
simt,8,24,4,simt,,,1,6,192,96,192.9390033086141,simt_rotate_iter,1650,1650,,1.0,simt_more,True
simt,8,32,4,simt,,,1,8,256,128,200.43233533700308,simt_rotate_iter,1650,1650,,1.0,simt_more,True
simt,8,40,4,simt,,,1,8,320,160,196.29150132338205,simt_rotate_iter,1650,1650,,1.0,simt_more,True
simt,8,48,4,simt,,,1,8,384,192,196.16166253884634,simt_rotate_iter,1650,1650,,1.0,simt_more,True
simt,8,64,4,simt,,,1,8,512,256,185.03083288669586,simt_rotate_iter,1650,1650,,1.0,simt_more,True
simt,8,96,4,simt,,,1,8,768,384,169.9741631746292,simt_rotate_iter,1650,1650,,1.0,simt_more,True
simt,8,128,4,simt,,,1,8,1024,512,166.66866838932037,simt_rotate_iter,1650,1650,,1.0,simt_more,True
simt,8,192,4,simt,,,1,8,1536,768,162.36316164334616,simt_rotate_iter,1650,1650,,1.0,simt_more,True
simt,8,256,4,simt,,,1,8,2048,1024,159.88983710606894,simt_rotate_iter,1650,1650,,1.0,simt_more,True
simt,16,1,4,simt,,,1,1,16,4,133.9959998925527,simt_rotate_iter,1650,1650,,1.0,simt_base,True
simt,16,2,4,simt,,,1,1,32,8,132.93282687664032,simt_rotate_iter,1650,1650,,1.0,simt_base,True
simt,16,3,4,simt,,,1,2,48,12,147.2419947385788,simt_rotate_iter,1650,1650,,1.0,simt_base,True
simt,16,4,4,simt,,,1,2,64,16,147.57849276065826,simt_rotate_iter,1650,1650,,1.0,simt_base,True
simt,16,5,4,simt,,,1,3,80,20,161.99766596158346,simt_rotate_iter,1650,1650,,1.0,simt_base,True
simt,16,6,4,simt,,,1,3,96,24,163.02534441153207,simt_rotate_iter,1650,1650,,1.0,simt_base,True
simt,16,7,4,simt,,,1,4,112,28,178.65282793839773,simt_rotate_iter,1650,1650,,1.0,simt_base,True
simt,16,8,4,simt,,,1,4,128,32,175.85483193397522,simt_rotate_iter,1650,1650,,1.0,simt_base,True
simt,16,9,4,simt,,,1,5,144,36,192.65383978684744,simt_rotate_iter,1650,1650,,1.0,simt_base,True
simt,16,10,4,simt,,,1,5,160,40,193.55050722757974,simt_rotate_iter,1650,1650,,1.0,simt_base,True
simt,16,11,4,simt,,,1,6,176,44,194.855327407519,simt_rotate_iter,1650,1650,,1.0,simt_base,True
simt,16,12,4,simt,,,1,6,192,48,194.35150921344757,simt_rotate_iter,1650,1650,,1.0,simt_base,True
simt,16,16,4,simt,,,1,8,256,64,198.55065643787384,simt_rotate_iter,1650,1650,,1.0,simt_base,True
simt,16,20,4,simt,,,1,10,320,80,198.67949187755585,simt_rotate_iter,1650,1650,,1.0,simt_base,True
simt,16,24,4,simt,,,1,12,384,96,197.46616979440054,simt_rotate_iter,1650,1650,,1.0,simt_base,True
simt,16,32,4,simt,,,1,16,512,128,209.47600404421487,simt_rotate_iter,1650,1650,,1.0,simt_base,True
simt,16,40,4,simt,,,1,16,640,160,205.7111660639445,simt_rotate_iter,1650,1650,,1.0,simt_base,True
simt,16,48,4,simt,,,1,16,768,192,203.86566718419394,simt_rotate_iter,1650,1650,,1.0,simt_base,True
simt,16,64,4,simt,,,1,16,1024,256,200.4380077123642,simt_rotate_iter,1650,1650,,1.0,simt_base,True
simt,16,96,4,simt,,,1,16,1536,384,412.6456677913666,simt_rotate_iter,1650,1650,,1.0,simt_base,True
simt,16,128,4,simt,,,1,16,2048,512,404.0703425804774,simt_rotate_iter,1650,1650,,1.0,simt_base,True
simt,16,192,4,simt,,,1,16,3072,768,432.6239824295044,simt_rotate_iter,1650,1650,,1.0,simt_base,True
simt,16,256,4,simt,,,1,16,4096,1024,338.5123411814372,simt_rotate_iter,1650,1650,,1.0,simt_base,True
simt,32,1,4,simt,,,1,1,32,4,131.9563388824463,simt_rotate_iter,1650,1650,,1.0,simt_base,True
simt,32,2,4,simt,,,1,2,64,8,146.69917027155557,simt_rotate_iter,1650,1650,,1.0,simt_base,True
simt,32,3,4,simt,,,1,3,96,12,164.38299417495728,simt_rotate_iter,1650,1650,,1.0,simt_base,True
simt,32,4,4,simt,,,1,4,128,16,178.6003311475118,simt_rotate_iter,1650,1650,,1.0,simt_base,True
simt,32,5,4,simt,,,1,5,160,20,192.624161640803,simt_rotate_iter,1650,1650,,1.0,simt_base,True
simt,32,6,4,simt,,,1,6,192,24,196.49199148019156,simt_rotate_iter,1650,1650,,1.0,simt_base,True
simt,32,7,4,simt,,,1,7,224,28,195.9564983844757,simt_rotate_iter,1650,1650,,1.0,simt_base,True
simt,32,8,4,simt,,,1,8,256,32,198.29066594441733,simt_rotate_iter,1650,1650,,1.0,simt_base,True
simt,32,9,4,simt,,,1,9,288,36,200.28284192085266,simt_rotate_iter,1650,1650,,1.0,simt_base,True
simt,32,10,4,simt,,,1,10,320,40,201.16916795571646,simt_rotate_iter,1650,1650,,1.0,simt_base,True
simt,32,11,4,simt,,,1,11,352,44,201.17383201917013,simt_rotate_iter,1650,1650,,1.0,simt_base,True
simt,32,12,4,simt,,,1,12,384,48,201.78217192490897,simt_rotate_iter,1650,1650,,1.0,simt_base,True
simt,32,16,4,simt,,,1,16,512,64,211.01049582163492,simt_rotate_iter,1650,1650,,1.0,simt_base,True
simt,32,20,4,simt,,,1,20,640,80,212.8041684627533,simt_rotate_iter,1650,1650,,1.0,simt_base,True
simt,32,24,4,simt,,,1,24,768,96,222.10566699504852,simt_rotate_iter,1650,1650,,1.0,simt_base,True
simt,32,32,4,simt,,,1,32,1024,128,233.8116616010666,simt_rotate_iter,1650,1650,,1.0,simt_base,True
simt,32,40,4,simt,,,1,32,1280,160,464.2011572917302,simt_rotate_iter,1650,1650,,1.0,simt_base,True
simt,32,48,4,simt,,,1,32,1536,192,461.2498382727305,simt_rotate_iter,1650,1650,,1.0,simt_base,True
simt,32,64,4,simt,,,1,32,2048,256,468.5821533203125,simt_rotate_iter,1650,1650,,1.0,simt_base,True
simt,32,96,4,simt,,,1,32,3072,384,525.611013174057,simt_rotate_iter,1650,1650,,1.0,simt_base,True
simt,32,128,4,simt,,,1,32,4096,512,544.2446768283844,simt_rotate_iter,1650,1650,,1.0,simt_base,True
simt,32,192,4,simt,,,1,32,6144,768,555.3228209416071,simt_rotate_iter,1650,1650,,1.0,simt_base,True
simt,32,256,4,simt,,,1,32,8192,1024,473.7569938103358,simt_rotate_iter,1650,1650,,1.0,simt_base,True
simt,64,1,4,simt,,,1,2,64,4,149.3916710217794,simt_rotate_iter,1650,1650,,1.0,simt_base,True
simt,64,2,4,simt,,,2,4,128,8,178.3691644668579,simt_rotate_iter,1650,1650,,1.0,simt_base,True
simt,64,3,4,simt,,,2,6,192,12,204.13616796334586,simt_rotate_iter,1650,1650,,1.0,simt_base,True
simt,64,4,4,simt,,,2,8,256,16,198.51532578468323,simt_rotate_iter,1650,1650,,1.0,simt_base,True
simt,64,5,4,simt,,,2,10,320,20,207.12849497795105,simt_rotate_iter,1650,1650,,1.0,simt_base,True
simt,64,6,4,simt,,,2,12,384,24,209.25934116045633,simt_rotate_iter,1650,1650,,1.0,simt_base,True
simt,64,7,4,simt,,,2,14,448,28,212.42967247962952,simt_rotate_iter,1650,1650,,1.0,simt_base,True
simt,64,8,4,simt,,,2,16,512,32,209.689329067866,simt_rotate_iter,1650,1650,,1.0,simt_base,True
simt,64,9,4,simt,,,2,18,576,36,219.39766903718314,simt_rotate_iter,1650,1650,,1.0,simt_base,True
simt,64,10,4,simt,,,2,20,640,40,221.93701068560281,simt_rotate_iter,1650,1650,,1.0,simt_base,True
simt,64,11,4,simt,,,2,22,704,44,225.05882382392883,simt_rotate_iter,1650,1650,,1.0,simt_base,True
simt,64,12,4,simt,,,2,24,768,48,235.22467414538065,simt_rotate_iter,1650,1650,,1.0,simt_base,True
simt,64,16,4,simt,,,2,32,1024,64,236.12249890963236,simt_rotate_iter,1650,1650,,1.0,simt_base,True
simt,64,20,4,simt,,,2,40,1280,80,491.13614360491437,simt_rotate_iter,1650,1650,,1.0,simt_base,True
simt,64,24,4,simt,,,2,48,1536,96,502.67968575159705,simt_rotate_iter,1650,1650,,1.0,simt_base,True
simt,64,32,4,simt,,,2,64,2048,128,521.8961735566457,simt_rotate_iter,1650,1650,,1.0,simt_base,True
simt,64,40,4,simt,,,2,64,2560,160,596.7638492584229,simt_rotate_iter,1650,1650,,1.0,simt_base,True
simt,64,48,4,simt,,,2,64,3072,192,595.9645013014475,simt_rotate_iter,1650,1650,,1.0,simt_base,True
simt,64,64,4,simt,,,2,64,4096,256,636.1900170644125,simt_rotate_iter,1650,1650,,1.0,simt_base,True
simt,64,96,4,simt,,,2,64,6144,384,624.3540147940317,simt_rotate_iter,1650,1650,,1.0,simt_base,True
simt,64,128,4,simt,,,2,64,8192,512,594.9438015619913,simt_rotate_iter,1650,1650,,1.0,simt_base,True
simt,64,192,4,simt,,,2,64,12288,768,612.2323274612427,simt_rotate_iter,1650,1650,,1.0,simt_base,True
simt,64,256,4,simt,,,2,64,16384,1024,475.0780016183853,simt_rotate_iter,1650,1650,,1.0,simt_base,True
simt,128,1,4,simt,,,2,4,128,4,184.4018300374349,simt_rotate_iter,1650,1650,,1.0,simt_base,True
simt,128,2,4,simt,,,4,8,256,8,192.7575021982193,simt_rotate_iter,1650,1650,,1.0,simt_base,True
simt,128,3,4,simt,,,4,12,384,12,208.0508420864741,simt_rotate_iter,1650,1650,,1.0,simt_base,True
simt,128,4,4,simt,,,4,16,512,16,208.18083981672922,simt_rotate_iter,1650,1650,,1.0,simt_base,True
simt,128,5,4,simt,,,4,20,640,20,220.79400718212128,simt_rotate_iter,1650,1650,,1.0,simt_base,True
simt,128,6,4,simt,,,4,24,768,24,227.78465350468954,simt_rotate_iter,1650,1650,,1.0,simt_base,True
simt,128,7,4,simt,,,4,28,896,28,237.60599394639334,simt_rotate_iter,1650,1650,,1.0,simt_base,True
simt,128,8,4,simt,,,4,32,1024,32,231.24265670776367,simt_rotate_iter,1650,1650,,1.0,simt_base,True
simt,128,9,4,simt,,,4,36,1152,36,516.2779986858368,simt_rotate_iter,1650,1650,,1.0,simt_base,True
simt,128,10,4,simt,,,4,40,1280,40,489.6034797032674,simt_rotate_iter,1650,1650,,1.0,simt_base,True
simt,128,11,4,simt,,,4,44,1408,44,503.96149357159936,simt_rotate_iter,1650,1650,,1.0,simt_base,True
simt,128,12,4,simt,,,4,48,1536,48,501.31900111834204,simt_rotate_iter,1650,1650,,1.0,simt_base,True
simt,128,16,4,simt,,,4,64,2048,64,522.5968261559805,simt_rotate_iter,1650,1650,,1.0,simt_base,True
simt,128,20,4,simt,,,4,80,2560,80,628.1260251998901,simt_rotate_iter,1650,1650,,1.0,simt_base,True
simt,128,24,4,simt,,,4,96,3072,96,641.8671707312266,simt_rotate_iter,1650,1650,,1.0,simt_base,True
simt,128,32,4,simt,,,4,128,4096,128,734.3513270219167,simt_rotate_iter,1650,1650,,1.0,simt_base,True
simt,128,40,4,simt,,,4,128,5120,160,728.7974754969279,simt_rotate_iter,1650,1650,,1.0,simt_base,True
simt,128,48,4,simt,,,4,128,6144,192,726.1745234330496,simt_rotate_iter,1650,1650,,1.0,simt_base,True
simt,128,64,4,simt,,,4,128,8192,256,724.4803607463837,simt_rotate_iter,1650,1650,,1.0,simt_base,True
simt,128,96,4,simt,,,4,128,12288,384,719.9765344460806,simt_rotate_iter,1650,1650,,1.0,simt_base,True
simt,128,128,4,simt,,,4,128,16384,512,627.0503203074137,simt_rotate_iter,1650,1650,,1.0,simt_base,True
simt,128,192,4,simt,,,4,128,24576,768,709.6010247866312,simt_rotate_iter,1650,1650,,1.0,simt_base,True
simt,128,256,4,simt,,,4,128,32768,1024,513.7703269720078,simt_rotate_iter,1650,1650,,1.0,simt_base,True
simt,256,1,4,simt,,,4,8,256,4,204.48350409666696,simt_rotate_iter,1650,1650,,1.0,simt_base,True
simt,256,2,4,simt,,,8,16,512,8,280.21050492922467,simt_rotate_iter,1650,1650,,1.0,simt_base,True
simt,256,3,4,simt,,,8,24,768,12,529.1121999422709,simt_rotate_iter,1650,1650,,1.0,simt_base,True
simt,256,4,4,simt,,,8,32,1024,16,344.0145055452983,simt_rotate_iter,1650,1650,,1.0,simt_base,True
simt,256,5,4,simt,,,8,40,1280,20,1160.1424018541973,simt_rotate_iter,1650,1650,,1.0,simt_base,True
simt,256,6,4,simt,,,8,48,1536,24,1198.7329920132954,simt_rotate_iter,1650,1650,,1.0,simt_base,True
simt,256,7,4,simt,,,8,56,1792,28,1241.7978445688884,simt_rotate_iter,1650,1650,,1.0,simt_base,True
simt,256,8,4,simt,,,8,64,2048,32,890.9011781215668,simt_rotate_iter,1650,1650,,1.0,simt_base,True
simt,256,9,4,simt,,,8,72,2304,36,1319.8477228482564,simt_rotate_iter,1650,1650,,1.0,simt_base,True
simt,256,10,4,simt,,,8,80,2560,40,1491.6988213857014,simt_rotate_iter,1650,1650,,1.0,simt_base,True
simt,256,11,4,simt,,,8,88,2816,44,1508.1140995025635,simt_rotate_iter,1650,1650,,1.0,simt_base,True
simt,256,12,4,simt,,,8,96,3072,48,1522.5389798482258,simt_rotate_iter,1650,1650,,1.0,simt_base,True
simt,256,16,4,simt,,,8,128,4096,64,1203.8376331329346,simt_rotate_iter,1650,1650,,1.0,simt_base,True
simt,256,20,4,simt,,,8,160,5120,80,1798.154632250468,simt_rotate_iter,1650,1650,,1.0,simt_base,True
simt,256,24,4,simt,,,8,192,6144,96,1842.73358186086,simt_rotate_iter,1650,1650,,1.0,simt_base,True
simt,256,32,4,simt,,,8,256,8192,128,1326.47043466568,simt_rotate_iter,1650,1650,,1.0,simt_base,True
simt,256,40,4,simt,,,8,256,10240,160,1799.4382778803508,simt_rotate_iter,1650,1650,,1.0,simt_base,True
simt,256,48,4,simt,,,8,256,12288,192,1838.6735518773396,simt_rotate_iter,1650,1650,,1.0,simt_base,True
simt,256,64,4,simt,,,8,256,16384,256,804.4276734193166,simt_rotate_iter,1650,1650,,1.0,simt_base,True
simt,256,96,4,simt,,,8,256,24576,384,1868.3694402376811,simt_rotate_iter,1650,1650,,1.0,simt_base,True
simt,256,128,4,simt,,,8,256,32768,512,715.4925366242727,simt_rotate_iter,1650,1650,,1.0,simt_base,True
simt,256,192,4,simt,,,8,256,49152,768,1307.079056898753,simt_rotate_iter,1650,1650,,1.0,simt_base,True
simt,256,256,4,simt,,,8,256,65536,1024,610.4252934455872,simt_rotate_iter,1650,1650,,1.0,simt_base,True
simt,512,1,4,simt,,,8,16,512,4,240.77199896176657,simt_rotate_iter,1650,1650,,1.0,simt_more,True
simt,512,2,4,simt,,,16,32,1024,8,349.5868345101674,simt_rotate_iter,1650,1650,,1.0,simt_more,True
simt,512,3,4,simt,,,16,48,1536,12,1945.1011816660564,simt_rotate_iter,1650,1650,,1.0,simt_more,True
simt,512,4,4,simt,,,16,64,2048,16,1549.1963624954224,simt_rotate_iter,1650,1650,,1.0,simt_more,True
simt,512,5,4,simt,,,16,80,2560,20,2548.04790019989,simt_rotate_iter,1650,1650,,1.0,simt_more,True
simt,512,6,4,simt,,,16,96,3072,24,2539.9221181869507,simt_rotate_iter,1650,1650,,1.0,simt_more,True
simt,512,7,4,simt,,,16,112,3584,28,2643.896698951721,simt_rotate_iter,1650,1650,,1.0,simt_more,True
simt,512,8,4,simt,,,16,128,4096,32,2201.1807560920715,simt_rotate_iter,1650,1650,,1.0,simt_more,True
simt,512,9,4,simt,,,16,144,4608,36,2948.9177068074546,simt_rotate_iter,1650,1650,,1.0,simt_more,True
simt,512,10,4,simt,,,16,160,5120,40,2953.1939029693604,simt_rotate_iter,1650,1650,,1.0,simt_more,True
simt,512,11,4,simt,,,16,176,5632,44,2984.2164516448975,simt_rotate_iter,1650,1650,,1.0,simt_more,True
simt,512,12,4,simt,,,16,192,6144,48,3016.4041916529336,simt_rotate_iter,1650,1650,,1.0,simt_more,True
simt,512,16,4,simt,,,16,256,8192,64,2321.2015430132546,simt_rotate_iter,1650,1650,,1.0,simt_more,True
simt,512,20,4,simt,,,16,320,10240,80,2133.687376976013,simt_rotate_iter,1650,1650,,1.0,simt_more,True
simt,512,24,4,simt,,,16,384,12288,96,2117.332617441813,simt_rotate_iter,1650,1650,,1.0,simt_more,True
simt,512,32,4,simt,,,16,512,16384,128,1502.2896726926167,simt_rotate_iter,1650,1650,,1.0,simt_more,True
simt,512,40,4,simt,,,16,512,20480,160,2068.465073903402,simt_rotate_iter,1650,1650,,1.0,simt_more,True
simt,512,48,4,simt,,,16,512,24576,192,2072.819193204244,simt_rotate_iter,1650,1650,,1.0,simt_more,True
simt,512,64,4,simt,,,16,512,32768,256,991.6450381278992,simt_rotate_iter,1650,1650,,1.0,simt_more,True
simt,512,96,4,simt,,,16,512,49152,384,2081.86137676239,simt_rotate_iter,1650,1650,,1.0,simt_more,True
simt,512,128,4,simt,,,16,512,65536,512,901.7436703046163,simt_rotate_iter,1650,1650,,1.0,simt_more,True
simt,512,192,4,simt,,,16,512,98304,768,1706.6886027654011,simt_rotate_iter,1650,1650,,1.0,simt_more,True
simt,512,256,4,simt,,,16,512,131072,1024,791.268010934194,simt_rotate_iter,1650,1650,,1.0,simt_more,True
