mode,num_warps,block,stride,target_ns,target_kind,aicore_freq_before_mhz,aicore_freq_after_mhz,retries,source_json,valid,elem_bytes,stride_bytes,span_bytes,log_span_bytes,cross_page,elements_per_thread,dup,dup_times_L,dup_times_log_span,K,L,K_times_cross,L_times_cross,W_times_cross,W_times_L,log_L,useful_bytes,bytes_per_line,line_utilization
simt,1,32,1,132.7661673227946,simt_rotate_iter,1650,1650,0,board_v2_simt_warps,True,4,4,124,4.820281565605037,0,1.0,0.0,0.0,0.0,1,1,0,0,0,1,0.0,128,128.0,1.0
simt,1,32,4,180.55182695388794,simt_rotate_iter,1650,1650,0,board_v2_simt_warps,True,4,16,496,6.206575926724928,0,1.0,0.0,0.0,0.0,1,4,0,0,0,4,2.0,128,32.0,0.25
simt,1,32,8,199.90933438142142,simt_rotate_iter,1650,1650,0,board_v2_simt_warps,True,4,32,992,6.899723107284872,0,1.0,0.0,0.0,0.0,1,8,0,0,0,8,3.0,128,16.0,0.125
simt,1,32,16,209.97749269008636,simt_rotate_iter,1650,1650,0,board_v2_simt_warps,True,4,64,1984,7.592870287844818,0,1.0,0.0,0.0,0.0,1,16,0,0,0,16,4.0,128,8.0,0.0625
simt,1,32,32,392.7881568670273,simt_rotate_iter,1650,1650,0,board_v2_simt_warps,True,4,128,3968,8.286017468404763,0,1.0,0.0,0.0,0.0,1,32,0,0,0,32,5.0,128,4.0,0.03125
simt,1,32,64,477.19532748063403,simt_rotate_iter,1650,1650,0,board_v2_simt_warps,True,4,256,7936,8.979164648964709,1,1.0,0.0,0.0,0.0,1,32,1,32,1,32,5.0,128,4.0,0.03125
simt,1,32,128,502.90951132774353,simt_rotate_iter,1650,1650,0,board_v2_simt_warps,True,4,512,15872,9.672311829524654,1,1.0,0.0,0.0,0.0,1,32,1,32,1,32,5.0,128,4.0,0.03125
simt,1,32,256,472.6671576499939,simt_rotate_iter,1650,1650,0,board_v2_simt_warps,True,4,1024,31744,10.3654590100846,1,1.0,0.0,0.0,0.0,1,32,1,32,1,32,5.0,128,4.0,0.03125
simt,1,64,1,149.53582982222238,simt_rotate_iter,1650,1650,0,board_v2_simt_warps,True,4,4,252,5.529429087511423,0,2.0,0.0,0.0,0.0,2,2,0,0,0,2,1.0,256,128.0,1.0
simt,1,64,4,195.86051007111868,simt_rotate_iter,1650,1650,0,board_v2_simt_warps,True,4,16,1008,6.915723448631314,0,2.0,0.0,0.0,0.0,2,8,0,0,0,8,3.0,256,32.0,0.25
simt,1,64,8,210.00567078590393,simt_rotate_iter,1650,1650,0,board_v2_simt_warps,True,4,32,2016,7.60887062919126,0,2.0,0.0,0.0,0.0,2,16,0,0,0,16,4.0,256,16.0,0.125
simt,1,64,16,389.37415679295856,simt_rotate_iter,1650,1650,0,board_v2_simt_warps,True,4,64,4032,8.302017809751204,0,2.0,0.0,0.0,0.0,2,32,0,0,0,32,5.0,256,8.0,0.0625
simt,1,64,32,526.2946486473083,simt_rotate_iter,1650,1650,0,board_v2_simt_warps,True,4,128,8064,8.99516499031115,1,2.0,0.0,0.0,0.0,2,64,2,64,1,64,6.0,256,4.0,0.03125
simt,1,64,64,585.287868976593,simt_rotate_iter,1650,1650,0,board_v2_simt_warps,True,4,256,16128,9.688312170871095,1,2.0,0.0,0.0,0.0,2,64,2,64,1,64,6.0,256,4.0,0.03125
simt,1,64,128,545.1751351356506,simt_rotate_iter,1650,1650,0,board_v2_simt_warps,True,4,512,32256,10.38145935143104,1,2.0,0.0,0.0,0.0,2,64,2,64,1,64,6.0,256,4.0,0.03125
simt,1,64,256,477.1558344364166,simt_rotate_iter,1650,1650,0,board_v2_simt_warps,True,4,1024,64512,11.074606531990986,1,2.0,0.0,0.0,0.0,2,64,2,64,1,64,6.0,256,4.0,0.03125
simt,1,128,1,184.82567369937897,simt_rotate_iter,1650,1650,0,board_v2_simt_warps,True,4,4,508,6.230481447578482,0,4.0,0.0,0.0,0.0,4,4,0,0,0,4,2.0,512,128.0,1.0
simt,1,128,4,206.20650549729666,simt_rotate_iter,1650,1650,0,board_v2_simt_warps,True,4,16,2032,7.616775808698373,0,4.0,0.0,0.0,0.0,4,16,0,0,0,16,4.0,512,32.0,0.25
simt,1,128,8,396.8988209962845,simt_rotate_iter,1650,1650,0,board_v2_simt_warps,True,4,32,4064,8.309922989258318,0,4.0,0.0,0.0,0.0,4,32,0,0,0,32,5.0,512,16.0,0.125
simt,1,128,16,531.0509900252024,simt_rotate_iter,1650,1650,0,board_v2_simt_warps,True,4,64,8128,9.003070169818264,1,4.0,0.0,0.0,0.0,4,64,4,64,1,64,6.0,512,8.0,0.0625
simt,1,128,32,683.2056641578674,simt_rotate_iter,1650,1650,0,board_v2_simt_warps,True,4,128,16256,9.696217350378209,1,4.0,0.0,0.0,0.0,4,128,4,128,1,128,7.0,512,4.0,0.03125
simt,1,128,64,677.6341398557028,simt_rotate_iter,1650,1650,0,board_v2_simt_warps,True,4,256,32512,10.389364530938154,1,4.0,0.0,0.0,0.0,4,128,4,128,1,128,7.0,512,4.0,0.03125
simt,1,128,128,570.1105296611786,simt_rotate_iter,1650,1650,0,board_v2_simt_warps,True,4,512,65024,11.0825117114981,1,4.0,0.0,0.0,0.0,4,128,4,128,1,128,7.0,512,4.0,0.03125
simt,1,128,256,516.833653052648,simt_rotate_iter,1650,1650,0,board_v2_simt_warps,True,4,1024,130048,11.775658892058045,1,4.0,0.0,0.0,0.0,4,128,4,128,1,128,7.0,512,4.0,0.03125
simt,1,256,1,202.4561713139216,simt_rotate_iter,1650,1650,0,board_v2_simt_warps,True,4,4,1020,6.927557906278317,0,8.0,0.0,0.0,0.0,8,8,0,0,0,8,3.0,1024,128.0,1.0
simt,1,256,4,594.0556824207306,simt_rotate_iter,1650,1650,0,board_v2_simt_warps,True,4,16,4080,8.313852267398207,0,8.0,0.0,0.0,0.0,8,32,0,0,0,32,5.0,1024,32.0,0.25
simt,1,256,8,912.1310313542684,simt_rotate_iter,1650,1650,0,board_v2_simt_warps,True,4,32,8160,9.006999447958153,1,8.0,0.0,0.0,0.0,8,64,8,64,1,64,6.0,1024,16.0,0.125
simt,1,256,16,1102.960507074992,simt_rotate_iter,1650,1650,0,board_v2_simt_warps,True,4,64,16320,9.700146628518098,1,8.0,0.0,0.0,0.0,8,128,8,128,1,128,7.0,1024,8.0,0.0625
simt,1,256,32,1232.3553363482158,simt_rotate_iter,1650,1650,0,board_v2_simt_warps,True,4,128,32640,10.393293809078044,1,8.0,0.0,0.0,0.0,8,256,8,256,1,256,8.0,1024,4.0,0.03125
simt,1,256,64,757.7836910883585,simt_rotate_iter,1650,1650,0,board_v2_simt_warps,True,4,256,65280,11.086440989637989,1,8.0,0.0,0.0,0.0,8,256,8,256,1,256,8.0,1024,4.0,0.03125
simt,1,256,128,666.0888195037842,simt_rotate_iter,1650,1650,0,board_v2_simt_warps,True,4,512,130560,11.779588170197934,1,8.0,0.0,0.0,0.0,8,256,8,256,1,256,8.0,1024,4.0,0.03125
simt,1,256,256,610.7854843139648,simt_rotate_iter,1650,1650,0,board_v2_simt_warps,True,4,1024,261120,12.47273535075788,1,8.0,0.0,0.0,0.0,8,256,8,256,1,256,8.0,1024,4.0,0.03125
simt,2,32,1,134.7270061572393,simt_rotate_iter,1650,1650,0,board_v2_simt_warps,True,4,4,124,4.820281565605037,0,0.5,1.0,1.0,4.820281565605037,2,1,0,0,0,2,0.0,128,128.0,1.0
simt,2,32,4,173.4678397576014,simt_rotate_iter,1650,1650,0,board_v2_simt_warps,True,4,16,496,6.206575926724928,0,0.5,1.0,4.0,6.206575926724928,2,4,0,0,0,8,2.0,128,32.0,0.25
simt,2,32,8,201.90500219662985,simt_rotate_iter,1650,1650,0,board_v2_simt_warps,True,4,32,992,6.899723107284872,0,0.5,1.0,8.0,6.899723107284872,2,8,0,0,0,16,3.0,128,16.0,0.125
simt,2,32,16,208.41817061106363,simt_rotate_iter,1650,1650,0,board_v2_simt_warps,True,4,64,1984,7.592870287844818,0,0.5,1.0,16.0,7.592870287844818,2,16,0,0,0,32,4.0,128,8.0,0.0625
simt,2,32,32,392.2784924507141,simt_rotate_iter,1650,1650,0,board_v2_simt_warps,True,4,128,3968,8.286017468404763,0,0.5,1.0,32.0,8.286017468404763,2,32,0,0,0,64,5.0,128,4.0,0.03125
simt,2,32,64,476.58317784468335,simt_rotate_iter,1650,1650,0,board_v2_simt_warps,True,4,256,7936,8.979164648964709,1,0.5,1.0,32.0,8.979164648964709,2,32,2,32,2,64,5.0,128,4.0,0.03125
simt,2,32,128,507.5879792372385,simt_rotate_iter,1650,1650,0,board_v2_simt_warps,True,4,512,15872,9.672311829524654,1,0.5,1.0,32.0,9.672311829524654,2,32,2,32,2,64,5.0,128,4.0,0.03125
simt,2,32,256,470.16585369904834,simt_rotate_iter,1650,1650,0,board_v2_simt_warps,True,4,1024,31744,10.3654590100846,1,0.5,1.0,32.0,10.3654590100846,2,32,2,32,2,64,5.0,128,4.0,0.03125
simt,2,64,1,132.6801578203837,simt_rotate_iter,1650,1650,0,board_v2_simt_warps,True,4,4,252,5.529429087511423,0,1.0,0.0,0.0,0.0,2,2,0,0,0,4,1.0,256,128.0,1.0
simt,2,64,4,178.92632881800333,simt_rotate_iter,1650,1650,0,board_v2_simt_warps,True,4,16,1008,6.915723448631314,0,1.0,0.0,0.0,0.0,2,8,0,0,0,16,3.0,256,32.0,0.25
simt,2,64,8,197.15415934721628,simt_rotate_iter,1650,1650,0,board_v2_simt_warps,True,4,32,2016,7.60887062919126,0,1.0,0.0,0.0,0.0,2,16,0,0,0,32,4.0,256,16.0,0.125
simt,2,64,16,369.74867184956867,simt_rotate_iter,1650,1650,0,board_v2_simt_warps,True,4,64,4032,8.302017809751204,0,1.0,0.0,0.0,0.0,2,32,0,0,0,64,5.0,256,8.0,0.0625
simt,2,64,32,483.821173508962,simt_rotate_iter,1650,1650,0,board_v2_simt_warps,True,4,128,8064,8.99516499031115,1,1.0,0.0,0.0,0.0,2,64,2,64,2,128,6.0,256,4.0,0.03125
simt,2,64,64,542.0446594556173,simt_rotate_iter,1650,1650,0,board_v2_simt_warps,True,4,256,16128,9.688312170871095,1,1.0,0.0,0.0,0.0,2,64,2,64,2,128,6.0,256,4.0,0.03125
simt,2,64,128,501.3288458188375,simt_rotate_iter,1650,1650,0,board_v2_simt_warps,True,4,512,32256,10.38145935143104,1,1.0,0.0,0.0,0.0,2,64,2,64,2,128,6.0,256,4.0,0.03125
simt,2,64,256,475.53183635075885,simt_rotate_iter,1650,1650,0,board_v2_simt_warps,True,4,1024,64512,11.074606531990986,1,1.0,0.0,0.0,0.0,2,64,2,64,2,128,6.0,256,4.0,0.03125
simt,2,128,1,147.598996758461,simt_rotate_iter,1650,1650,0,board_v2_simt_warps,True,4,4,508,6.230481447578482,0,2.0,0.0,0.0,0.0,4,4,0,0,0,8,2.0,512,128.0,1.0
simt,2,128,4,186.04366978009543,simt_rotate_iter,1650,1650,0,board_v2_simt_warps,True,4,16,2032,7.616775808698373,0,2.0,0.0,0.0,0.0,4,16,0,0,0,32,4.0,512,32.0,0.25
simt,2,128,8,365.0251775979996,simt_rotate_iter,1650,1650,0,board_v2_simt_warps,True,4,32,4064,8.309922989258318,0,2.0,0.0,0.0,0.0,4,32,0,0,0,64,5.0,512,16.0,0.125
simt,2,128,16,482.925146818161,simt_rotate_iter,1650,1650,0,board_v2_simt_warps,True,4,64,8128,9.003070169818264,1,2.0,0.0,0.0,0.0,4,64,4,64,2,128,6.0,512,8.0,0.0625
simt,2,128,32,592.6058689753214,simt_rotate_iter,1650,1650,0,board_v2_simt_warps,True,4,128,16256,9.696217350378209,1,2.0,0.0,0.0,0.0,4,128,4,128,2,256,7.0,512,4.0,0.03125
simt,2,128,64,580.5821319421133,simt_rotate_iter,1650,1650,0,board_v2_simt_warps,True,4,256,32512,10.389364530938154,1,2.0,0.0,0.0,0.0,4,128,4,128,2,256,7.0,512,4.0,0.03125
simt,2,128,128,516.226182381312,simt_rotate_iter,1650,1650,0,board_v2_simt_warps,True,4,512,65024,11.0825117114981,1,2.0,0.0,0.0,0.0,4,128,4,128,2,256,7.0,512,4.0,0.03125
simt,2,128,256,479.10715639591217,simt_rotate_iter,1650,1650,0,board_v2_simt_warps,True,4,1024,130048,11.775658892058045,1,2.0,0.0,0.0,0.0,4,128,4,128,2,256,7.0,512,4.0,0.03125
simt,2,256,1,184.9131683508555,simt_rotate_iter,1650,1650,0,board_v2_simt_warps,True,4,4,1020,6.927557906278317,0,4.0,0.0,0.0,0.0,8,8,0,0,0,16,3.0,1024,128.0,1.0
simt,2,256,4,331.9990187883377,simt_rotate_iter,1650,1650,0,board_v2_simt_warps,True,4,16,4080,8.313852267398207,0,4.0,0.0,0.0,0.0,8,32,0,0,0,64,5.0,1024,32.0,0.25
simt,2,256,8,486.50433619817096,simt_rotate_iter,1650,1650,0,board_v2_simt_warps,True,4,32,8160,9.006999447958153,1,4.0,0.0,0.0,0.0,8,64,8,64,2,128,6.0,1024,16.0,0.125
simt,2,256,16,596.1508452892303,simt_rotate_iter,1650,1650,0,board_v2_simt_warps,True,4,64,16320,9.700146628518098,1,4.0,0.0,0.0,0.0,8,128,8,128,2,256,7.0,1024,8.0,0.0625
simt,2,256,32,714.1101757685343,simt_rotate_iter,1650,1650,0,board_v2_simt_warps,True,4,128,32640,10.393293809078044,1,4.0,0.0,0.0,0.0,8,256,8,256,2,512,8.0,1024,4.0,0.03125
simt,2,256,64,609.4053089618683,simt_rotate_iter,1650,1650,0,board_v2_simt_warps,True,4,256,65280,11.086440989637989,1,4.0,0.0,0.0,0.0,8,256,8,256,2,512,8.0,1024,4.0,0.03125
simt,2,256,128,553.029845158259,simt_rotate_iter,1650,1650,0,board_v2_simt_warps,True,4,512,130560,11.779588170197934,1,4.0,0.0,0.0,0.0,8,256,8,256,2,512,8.0,1024,4.0,0.03125
simt,2,256,256,515.8501466115316,simt_rotate_iter,1650,1650,0,board_v2_simt_warps,True,4,1024,261120,12.47273535075788,1,4.0,0.0,0.0,0.0,8,256,8,256,2,512,8.0,1024,4.0,0.03125
simt,4,32,1,130.5211732784907,simt_rotate_iter,1650,1650,0,board_v2_simt_warps,True,4,4,124,4.820281565605037,0,0.25,3.0,3.0,14.460844696815112,4,1,0,0,0,4,0.0,128,128.0,1.0
simt,4,32,4,179.30266757806143,simt_rotate_iter,1650,1650,0,board_v2_simt_warps,True,4,16,496,6.206575926724928,0,0.25,3.0,12.0,18.619727780174784,4,4,0,0,0,16,2.0,128,32.0,0.25
simt,4,32,8,197.73916900157928,simt_rotate_iter,1650,1650,0,board_v2_simt_warps,True,4,32,992,6.899723107284872,0,0.25,3.0,24.0,20.69916932185462,4,8,0,0,0,32,3.0,128,16.0,0.125
simt,4,32,16,242.36433704694113,simt_rotate_iter,1650,1650,0,board_v2_simt_warps,True,4,64,1984,7.592870287844818,0,0.25,3.0,48.0,22.778610863534453,4,16,0,0,0,64,4.0,128,8.0,0.0625
simt,4,32,32,391.97465280691785,simt_rotate_iter,1650,1650,0,board_v2_simt_warps,True,4,128,3968,8.286017468404763,0,0.25,3.0,96.0,24.858052405214288,4,32,0,0,0,128,5.0,128,4.0,0.03125
simt,4,32,64,477.56168246269226,simt_rotate_iter,1650,1650,0,board_v2_simt_warps,True,4,256,7936,8.979164648964709,1,0.25,3.0,96.0,26.937493946894126,4,32,4,32,4,128,5.0,128,4.0,0.03125
simt,4,32,128,516.911506652832,simt_rotate_iter,1650,1650,0,board_v2_simt_warps,True,4,512,15872,9.672311829524654,1,0.25,3.0,96.0,29.016935488573964,4,32,4,32,4,128,5.0,128,4.0,0.03125
simt,4,32,256,479.6891510486603,simt_rotate_iter,1650,1650,0,board_v2_simt_warps,True,4,1024,31744,10.3654590100846,1,0.25,3.0,96.0,31.096377030253798,4,32,4,32,4,128,5.0,128,4.0,0.03125
simt,4,64,1,132.41683940092722,simt_rotate_iter,1650,1650,0,board_v2_simt_warps,True,4,4,252,5.529429087511423,0,0.5,1.0,2.0,5.529429087511423,4,2,0,0,0,8,1.0,256,128.0,1.0
simt,4,64,4,179.18767035007477,simt_rotate_iter,1650,1650,0,board_v2_simt_warps,True,4,16,1008,6.915723448631314,0,0.5,1.0,8.0,6.915723448631314,4,8,0,0,0,32,3.0,256,32.0,0.25
simt,4,64,8,201.37684047222137,simt_rotate_iter,1650,1650,0,board_v2_simt_warps,True,4,32,2016,7.60887062919126,0,0.5,1.0,16.0,7.60887062919126,4,16,0,0,0,64,4.0,256,16.0,0.125
simt,4,64,16,363.2125109434128,simt_rotate_iter,1650,1650,0,board_v2_simt_warps,True,4,64,4032,8.302017809751204,0,0.5,1.0,32.0,8.302017809751204,4,32,0,0,0,128,5.0,256,8.0,0.0625
simt,4,64,32,541.1966343720754,simt_rotate_iter,1650,1650,0,board_v2_simt_warps,True,4,128,8064,8.99516499031115,1,0.5,1.0,64.0,8.99516499031115,4,64,4,64,4,256,6.0,256,4.0,0.03125
simt,4,64,64,530.8456619580587,simt_rotate_iter,1650,1650,0,board_v2_simt_warps,True,4,256,16128,9.688312170871095,1,0.5,1.0,64.0,9.688312170871095,4,64,4,64,4,256,6.0,256,4.0,0.03125
simt,4,64,128,509.5271567503611,simt_rotate_iter,1650,1650,0,board_v2_simt_warps,True,4,512,32256,10.38145935143104,1,0.5,1.0,64.0,10.38145935143104,4,64,4,64,4,256,6.0,256,4.0,0.03125
simt,4,64,256,413.2036666075389,simt_rotate_iter,1650,1650,0,board_v2_simt_warps,True,4,1024,64512,11.074606531990986,1,0.5,1.0,64.0,11.074606531990986,4,64,4,64,4,256,6.0,256,4.0,0.03125
simt,4,128,1,132.17300176620483,simt_rotate_iter,1650,1650,0,board_v2_simt_warps,True,4,4,508,6.230481447578482,0,1.0,0.0,0.0,0.0,4,4,0,0,0,16,2.0,512,128.0,1.0
simt,4,128,4,183.3954999844233,simt_rotate_iter,1650,1650,0,board_v2_simt_warps,True,4,16,2032,7.616775808698373,0,1.0,0.0,0.0,0.0,4,16,0,0,0,64,4.0,512,32.0,0.25
simt,4,128,8,351.1200149854024,simt_rotate_iter,1650,1650,0,board_v2_simt_warps,True,4,32,4064,8.309922989258318,0,1.0,0.0,0.0,0.0,4,32,0,0,0,128,5.0,512,16.0,0.125
simt,4,128,16,477.40264733632404,simt_rotate_iter,1650,1650,0,board_v2_simt_warps,True,4,64,8128,9.003070169818264,1,1.0,0.0,0.0,0.0,4,64,4,64,4,256,6.0,512,8.0,0.0625
simt,4,128,32,552.7961750825247,simt_rotate_iter,1650,1650,0,board_v2_simt_warps,True,4,128,16256,9.696217350378209,1,1.0,0.0,0.0,0.0,4,128,4,128,4,512,7.0,512,4.0,0.03125
simt,4,128,64,549.4450330734253,simt_rotate_iter,1650,1650,0,board_v2_simt_warps,True,4,256,32512,10.389364530938154,1,1.0,0.0,0.0,0.0,4,128,4,128,4,512,7.0,512,4.0,0.03125
simt,4,128,128,493.78249049186707,simt_rotate_iter,1650,1650,0,board_v2_simt_warps,True,4,512,65024,11.0825117114981,1,1.0,0.0,0.0,0.0,4,128,4,128,4,512,7.0,512,4.0,0.03125
simt,4,128,256,476.27850870291394,simt_rotate_iter,1650,1650,0,board_v2_simt_warps,True,4,1024,130048,11.775658892058045,1,1.0,0.0,0.0,0.0,4,128,4,128,4,512,7.0,512,4.0,0.03125
simt,4,256,1,148.54750533898672,simt_rotate_iter,1650,1650,0,board_v2_simt_warps,True,4,4,1020,6.927557906278317,0,2.0,0.0,0.0,0.0,8,8,0,0,0,32,3.0,1024,128.0,1.0
simt,4,256,4,331.98000987370807,simt_rotate_iter,1650,1650,0,board_v2_simt_warps,True,4,16,4080,8.313852267398207,0,2.0,0.0,0.0,0.0,8,32,0,0,0,128,5.0,1024,32.0,0.25
simt,4,256,8,458.87534817059833,simt_rotate_iter,1650,1650,0,board_v2_simt_warps,True,4,32,8160,9.006999447958153,1,2.0,0.0,0.0,0.0,8,64,8,64,4,256,6.0,1024,16.0,0.125
simt,4,256,16,551.4800151189169,simt_rotate_iter,1650,1650,0,board_v2_simt_warps,True,4,64,16320,9.700146628518098,1,2.0,0.0,0.0,0.0,8,128,8,128,4,512,7.0,1024,8.0,0.0625
simt,4,256,32,643.8075105349222,simt_rotate_iter,1650,1650,0,board_v2_simt_warps,True,4,128,32640,10.393293809078044,1,2.0,0.0,0.0,0.0,8,256,8,256,4,1024,8.0,1024,4.0,0.03125
simt,4,256,64,552.1904726823171,simt_rotate_iter,1650,1650,0,board_v2_simt_warps,True,4,256,65280,11.086440989637989,1,2.0,0.0,0.0,0.0,8,256,8,256,4,1024,8.0,1024,4.0,0.03125
simt,4,256,128,527.1350045998892,simt_rotate_iter,1650,1650,0,board_v2_simt_warps,True,4,512,130560,11.779588170197934,1,2.0,0.0,0.0,0.0,8,256,8,256,4,1024,8.0,1024,4.0,0.03125
simt,4,256,256,479.2846590280533,simt_rotate_iter,1650,1650,0,board_v2_simt_warps,True,4,1024,261120,12.47273535075788,1,2.0,0.0,0.0,0.0,8,256,8,256,4,1024,8.0,1024,4.0,0.03125
simt,8,32,1,133.44599306583405,simt_rotate_iter,1650,1650,0,board_v2_simt_warps,True,4,4,124,4.820281565605037,0,0.125,7.0,7.0,33.74197095923526,8,1,0,0,0,8,0.0,128,128.0,1.0
simt,8,32,4,177.87383496761322,simt_rotate_iter,1650,1650,0,board_v2_simt_warps,True,4,16,496,6.206575926724928,0,0.125,7.0,28.0,43.44603148707449,8,4,0,0,0,32,2.0,128,32.0,0.25
simt,8,32,8,199.9910076459249,simt_rotate_iter,1650,1650,0,board_v2_simt_warps,True,4,32,992,6.899723107284872,0,0.125,7.0,56.0,48.29806175099411,8,8,0,0,0,64,3.0,128,16.0,0.125
simt,8,32,16,214.39049144585928,simt_rotate_iter,1650,1650,0,board_v2_simt_warps,True,4,64,1984,7.592870287844818,0,0.125,7.0,112.0,53.150092014913724,8,16,0,0,0,128,4.0,128,8.0,0.0625
simt,8,32,32,402.33615040779114,simt_rotate_iter,1650,1650,0,board_v2_simt_warps,True,4,128,3968,8.286017468404763,0,0.125,7.0,224.0,58.00212227883334,8,32,0,0,0,256,5.0,128,4.0,0.03125
simt,8,32,64,480.9800138076146,simt_rotate_iter,1650,1650,0,board_v2_simt_warps,True,4,256,7936,8.979164648964709,1,0.125,7.0,224.0,62.854152542752956,8,32,8,32,8,256,5.0,128,4.0,0.03125
simt,8,32,128,512.8314991792043,simt_rotate_iter,1650,1650,0,board_v2_simt_warps,True,4,512,15872,9.672311829524654,1,0.125,7.0,224.0,67.70618280667257,8,32,8,32,8,256,5.0,128,4.0,0.03125
simt,8,32,256,464.02732531229657,simt_rotate_iter,1650,1650,0,board_v2_simt_warps,True,4,1024,31744,10.3654590100846,1,0.125,7.0,224.0,72.55821307059219,8,32,8,32,8,256,5.0,128,4.0,0.03125
simt,8,64,1,131.55716160933176,simt_rotate_iter,1650,1650,0,board_v2_simt_warps,True,4,4,252,5.529429087511423,0,0.25,3.0,6.0,16.58828726253427,8,2,0,0,0,16,1.0,256,128.0,1.0
simt,8,64,4,188.3358359336853,simt_rotate_iter,1650,1650,0,board_v2_simt_warps,True,4,16,1008,6.915723448631314,0,0.25,3.0,24.0,20.74717034589394,8,8,0,0,0,64,3.0,256,32.0,0.25
simt,8,64,8,541.3470268249512,simt_rotate_iter,1650,1650,0,board_v2_simt_warps,True,4,32,2016,7.60887062919126,0,0.25,3.0,48.0,22.82661188757378,8,16,0,0,0,128,4.0,256,16.0,0.125
simt,8,64,16,371.91034356753033,simt_rotate_iter,1650,1650,0,board_v2_simt_warps,True,4,64,4032,8.302017809751204,0,0.25,3.0,96.0,24.90605342925361,8,32,0,0,0,256,5.0,256,8.0,0.0625
simt,8,64,32,554.3463230133057,simt_rotate_iter,1650,1650,0,board_v2_simt_warps,True,4,128,8064,8.99516499031115,1,0.25,3.0,192.0,26.98549497093345,8,64,8,64,8,512,6.0,256,4.0,0.03125
simt,8,64,64,568.4566795825958,simt_rotate_iter,1650,1650,0,board_v2_simt_warps,True,4,256,16128,9.688312170871095,1,0.25,3.0,192.0,29.064936512613286,8,64,8,64,8,512,6.0,256,4.0,0.03125
simt,8,64,128,529.4924875100454,simt_rotate_iter,1650,1650,0,board_v2_simt_warps,True,4,512,32256,10.38145935143104,1,0.25,3.0,192.0,31.14437805429312,8,64,8,64,8,512,6.0,256,4.0,0.03125
simt,8,64,256,466.74183507760364,simt_rotate_iter,1650,1650,0,board_v2_simt_warps,True,4,1024,64512,11.074606531990986,1,0.25,3.0,192.0,33.223819595972955,8,64,8,64,8,512,6.0,256,4.0,0.03125
simt,8,128,1,133.0703298250834,simt_rotate_iter,1650,1650,0,board_v2_simt_warps,True,4,4,508,6.230481447578482,0,0.5,1.0,4.0,6.230481447578482,8,4,0,0,0,32,2.0,512,128.0,1.0
simt,8,128,4,192.70900388558707,simt_rotate_iter,1650,1650,0,board_v2_simt_warps,True,4,16,2032,7.616775808698373,0,0.5,1.0,16.0,7.616775808698373,8,16,0,0,0,128,4.0,512,32.0,0.25
simt,8,128,8,357.4826816717784,simt_rotate_iter,1650,1650,0,board_v2_simt_warps,True,4,32,4064,8.309922989258318,0,0.5,1.0,32.0,8.309922989258318,8,32,0,0,0,256,5.0,512,16.0,0.125
simt,8,128,16,460.8951508998871,simt_rotate_iter,1650,1650,0,board_v2_simt_warps,True,4,64,8128,9.003070169818264,1,0.5,1.0,64.0,9.003070169818264,8,64,8,64,8,512,6.0,512,8.0,0.0625
simt,8,128,32,576.7804781595866,simt_rotate_iter,1650,1650,0,board_v2_simt_warps,True,4,128,16256,9.696217350378209,1,0.5,1.0,128.0,9.696217350378209,8,128,8,128,8,1024,7.0,512,4.0,0.03125
simt,8,128,64,574.0361909071604,simt_rotate_iter,1650,1650,0,board_v2_simt_warps,True,4,256,32512,10.389364530938154,1,0.5,1.0,128.0,10.389364530938154,8,128,8,128,8,1024,7.0,512,4.0,0.03125
simt,8,128,128,529.0786723295847,simt_rotate_iter,1650,1650,0,board_v2_simt_warps,True,4,512,65024,11.0825117114981,1,0.5,1.0,128.0,11.0825117114981,8,128,8,128,8,1024,7.0,512,4.0,0.03125
simt,8,128,256,473.24584424495697,simt_rotate_iter,1650,1650,0,board_v2_simt_warps,True,4,1024,130048,11.775658892058045,1,0.5,1.0,128.0,11.775658892058045,8,128,8,128,8,1024,7.0,512,4.0,0.03125
simt,8,256,1,132.84467657407126,simt_rotate_iter,1650,1650,0,board_v2_simt_warps,True,4,4,1020,6.927557906278317,0,1.0,0.0,0.0,0.0,8,8,0,0,0,64,3.0,1024,128.0,1.0
simt,8,256,4,333.31217368443805,simt_rotate_iter,1650,1650,0,board_v2_simt_warps,True,4,16,4080,8.313852267398207,0,1.0,0.0,0.0,0.0,8,32,0,0,0,256,5.0,1024,32.0,0.25
simt,8,256,8,452.8021514415741,simt_rotate_iter,1650,1650,0,board_v2_simt_warps,True,4,32,8160,9.006999447958153,1,1.0,0.0,0.0,0.0,8,64,8,64,8,512,6.0,1024,16.0,0.125
simt,8,256,16,528.9998253186544,simt_rotate_iter,1650,1650,0,board_v2_simt_warps,True,4,64,16320,9.700146628518098,1,1.0,0.0,0.0,0.0,8,128,8,128,8,1024,7.0,1024,8.0,0.0625
simt,8,256,32,654.8454860846201,simt_rotate_iter,1650,1650,0,board_v2_simt_warps,True,4,128,32640,10.393293809078044,1,1.0,0.0,0.0,0.0,8,256,8,256,8,2048,8.0,1024,4.0,0.03125
simt,8,256,64,542.6910320917765,simt_rotate_iter,1650,1650,0,board_v2_simt_warps,True,4,256,65280,11.086440989637989,1,1.0,0.0,0.0,0.0,8,256,8,256,8,2048,8.0,1024,4.0,0.03125
simt,8,256,128,492.5450185934703,simt_rotate_iter,1650,1650,0,board_v2_simt_warps,True,4,512,130560,11.779588170197934,1,1.0,0.0,0.0,0.0,8,256,8,256,8,2048,8.0,1024,4.0,0.03125
simt,8,256,256,469.9961692094803,simt_rotate_iter,1650,1650,0,board_v2_simt_warps,True,4,1024,261120,12.47273535075788,1,1.0,0.0,0.0,0.0,8,256,8,256,8,2048,8.0,1024,4.0,0.03125
simt,16,32,1,141.56934122244516,simt_rotate_iter,1650,1650,0,board_v2_simt_warps,True,4,4,124,4.820281565605037,0,0.0625,15.0,15.0,72.30422348407555,16,1,0,0,0,16,0.0,128,128.0,1.0
simt,16,32,4,181.9568375746409,simt_rotate_iter,1650,1650,0,board_v2_simt_warps,True,4,16,496,6.206575926724928,0,0.0625,15.0,60.0,93.09863890087392,16,4,0,0,0,64,2.0,128,32.0,0.25
simt,16,32,8,199.77083802223206,simt_rotate_iter,1650,1650,0,board_v2_simt_warps,True,4,32,992,6.899723107284872,0,0.0625,15.0,120.0,103.49584660927309,16,8,0,0,0,128,3.0,128,16.0,0.125
simt,16,32,16,229.98798886934915,simt_rotate_iter,1650,1650,0,board_v2_simt_warps,True,4,64,1984,7.592870287844818,0,0.0625,15.0,240.0,113.89305431767227,16,16,0,0,0,256,4.0,128,8.0,0.0625
simt,16,32,32,475.6766657034556,simt_rotate_iter,1650,1650,0,board_v2_simt_warps,True,4,128,3968,8.286017468404763,0,0.0625,15.0,480.0,124.29026202607145,16,32,0,0,0,512,5.0,128,4.0,0.03125
simt,16,32,64,529.5961697896322,simt_rotate_iter,1650,1650,0,board_v2_simt_warps,True,4,256,7936,8.979164648964709,1,0.0625,15.0,480.0,134.68746973447062,16,32,16,32,16,512,5.0,128,4.0,0.03125
simt,16,32,128,526.8431504567465,simt_rotate_iter,1650,1650,0,board_v2_simt_warps,True,4,512,15872,9.672311829524654,1,0.0625,15.0,480.0,145.0846774428698,16,32,16,32,16,512,5.0,128,4.0,0.03125
simt,16,32,256,499.46799874305725,simt_rotate_iter,1650,1650,0,board_v2_simt_warps,True,4,1024,31744,10.3654590100846,1,0.0625,15.0,480.0,155.48188515126898,16,32,16,32,16,512,5.0,128,4.0,0.03125
simt,16,64,1,134.50083633263907,simt_rotate_iter,1650,1650,0,board_v2_simt_warps,True,4,4,252,5.529429087511423,0,0.125,7.0,14.0,38.70600361257996,16,2,0,0,0,32,1.0,256,128.0,1.0
simt,16,64,4,246.68083588282266,simt_rotate_iter,1650,1650,0,board_v2_simt_warps,True,4,16,1008,6.915723448631314,0,0.125,7.0,56.0,48.4100641404192,16,8,0,0,0,128,3.0,256,32.0,0.25
simt,16,64,8,201.29733284314474,simt_rotate_iter,1650,1650,0,board_v2_simt_warps,True,4,32,2016,7.60887062919126,0,0.125,7.0,112.0,53.26209440433882,16,16,0,0,0,256,4.0,256,16.0,0.125
simt,16,64,16,390.54132501284283,simt_rotate_iter,1650,1650,0,board_v2_simt_warps,True,4,64,4032,8.302017809751204,0,0.125,7.0,224.0,58.11412466825843,16,32,0,0,0,512,5.0,256,8.0,0.0625
simt,16,64,32,641.7134900887808,simt_rotate_iter,1650,1650,0,board_v2_simt_warps,True,4,128,8064,8.99516499031115,1,0.125,7.0,448.0,62.96615493217804,16,64,16,64,16,1024,6.0,256,4.0,0.03125
simt,16,64,64,678.5353422164917,simt_rotate_iter,1650,1650,0,board_v2_simt_warps,True,4,256,16128,9.688312170871095,1,0.125,7.0,448.0,67.81818519609766,16,64,16,64,16,1024,6.0,256,4.0,0.03125
simt,16,64,128,638.5436455408732,simt_rotate_iter,1650,1650,0,board_v2_simt_warps,True,4,512,32256,10.38145935143104,1,0.125,7.0,448.0,72.67021546001729,16,64,16,64,16,1024,6.0,256,4.0,0.03125
simt,16,64,256,501.7851789792379,simt_rotate_iter,1650,1650,0,board_v2_simt_warps,True,4,1024,64512,11.074606531990986,1,0.125,7.0,448.0,77.5222457239369,16,64,16,64,16,1024,6.0,256,4.0,0.03125
simt,16,128,1,135.55199901262918,simt_rotate_iter,1650,1650,0,board_v2_simt_warps,True,4,4,508,6.230481447578482,0,0.25,3.0,12.0,18.691444342735444,16,4,0,0,0,64,2.0,512,128.0,1.0
simt,16,128,4,189.942995707194,simt_rotate_iter,1650,1650,0,board_v2_simt_warps,True,4,16,2032,7.616775808698373,0,0.25,3.0,48.0,22.85032742609512,16,16,0,0,0,256,4.0,512,32.0,0.25
simt,16,128,8,355.28065264225006,simt_rotate_iter,1650,1650,0,board_v2_simt_warps,True,4,32,4064,8.309922989258318,0,0.25,3.0,96.0,24.929768967774955,16,32,0,0,0,512,5.0,512,16.0,0.125
simt,16,128,16,475.04350543022156,simt_rotate_iter,1650,1650,0,board_v2_simt_warps,True,4,64,8128,9.003070169818264,1,0.25,3.0,192.0,27.00921050945479,16,64,16,64,16,1024,6.0,512,8.0,0.0625
simt,16,128,32,862.9343112309774,simt_rotate_iter,1650,1650,0,board_v2_simt_warps,True,4,128,16256,9.696217350378209,1,0.25,3.0,384.0,29.088652051134627,16,128,16,128,16,2048,7.0,512,4.0,0.03125
simt,16,128,64,806.8596522013346,simt_rotate_iter,1650,1650,0,board_v2_simt_warps,True,4,256,32512,10.389364530938154,1,0.25,3.0,384.0,31.168093592814465,16,128,16,128,16,2048,7.0,512,4.0,0.03125
simt,16,128,128,638.5478576024374,simt_rotate_iter,1650,1650,0,board_v2_simt_warps,True,4,512,65024,11.0825117114981,1,0.25,3.0,384.0,33.2475351344943,16,128,16,128,16,2048,7.0,512,4.0,0.03125
simt,16,128,256,506.2659978866577,simt_rotate_iter,1650,1650,0,board_v2_simt_warps,True,4,1024,130048,11.775658892058045,1,0.25,3.0,384.0,35.326976676174134,16,128,16,128,16,2048,7.0,512,4.0,0.03125
simt,16,256,1,132.15982417265573,simt_rotate_iter,1650,1650,0,board_v2_simt_warps,True,4,4,1020,6.927557906278317,0,0.5,1.0,8.0,6.927557906278317,16,8,0,0,0,128,3.0,1024,128.0,1.0
simt,16,256,4,324.4761476914088,simt_rotate_iter,1650,1650,0,board_v2_simt_warps,True,4,16,4080,8.313852267398207,0,0.5,1.0,32.0,8.313852267398207,16,32,0,0,0,512,5.0,1024,32.0,0.25
simt,16,256,8,450.95933477083844,simt_rotate_iter,1650,1650,0,board_v2_simt_warps,True,4,32,8160,9.006999447958153,1,0.5,1.0,64.0,9.006999447958153,16,64,16,64,16,1024,6.0,1024,16.0,0.125
simt,16,256,16,520.080178976059,simt_rotate_iter,1650,1650,0,board_v2_simt_warps,True,4,64,16320,9.700146628518098,1,0.5,1.0,128.0,9.700146628518098,16,128,16,128,16,2048,7.0,1024,8.0,0.0625
simt,16,256,32,876.5116532643636,simt_rotate_iter,1650,1650,0,board_v2_simt_warps,True,4,128,32640,10.393293809078044,1,0.5,1.0,256.0,10.393293809078044,16,256,16,256,16,4096,8.0,1024,4.0,0.03125
simt,16,256,64,833.78932873408,simt_rotate_iter,1650,1650,0,board_v2_simt_warps,True,4,256,65280,11.086440989637989,1,0.5,1.0,256.0,11.086440989637989,16,256,16,256,16,4096,8.0,1024,4.0,0.03125
simt,16,256,128,637.4608278274536,simt_rotate_iter,1650,1650,0,board_v2_simt_warps,True,4,512,130560,11.779588170197934,1,0.5,1.0,256.0,11.779588170197934,16,256,16,256,16,4096,8.0,1024,4.0,0.03125
simt,16,256,256,496.97667360305786,simt_rotate_iter,1650,1650,0,board_v2_simt_warps,True,4,1024,261120,12.47273535075788,1,0.5,1.0,256.0,12.47273535075788,16,256,16,256,16,4096,8.0,1024,4.0,0.03125
simt,32,32,1,138.53099445501962,simt_rotate_iter,1650,1650,0,board_v2_simt_warps,True,4,4,124,4.820281565605037,0,0.03125,31.0,31.0,149.42872853375616,32,1,0,0,0,32,0.0,128,128.0,1.0
simt,32,32,2,148.51267139116922,simt_rotate_iter,1650,1650,0,board_v2_simt_warps,True,4,8,248,5.5134287461649825,0,0.03125,31.0,62.0,170.91629113111446,32,2,0,0,0,64,1.0,128,64.0,0.5
simt,32,32,3,163.7493371963501,simt_rotate_iter,1650,1650,0,board_v2_simt_warps,True,4,12,372,5.918893854273146,0,0.03125,31.0,93.0,183.48570948246754,32,3,0,0,0,96,1.584962500721156,128,42.666666666666664,0.3333333333333333
simt,32,32,4,185.25534371534982,simt_rotate_iter,1650,1650,0,board_v2_simt_warps,True,4,16,496,6.206575926724928,0,0.03125,31.0,124.0,192.40385372847277,32,4,0,0,0,128,2.0,128,32.0,0.25
simt,32,32,5,195.98916669686636,simt_rotate_iter,1650,1650,0,board_v2_simt_warps,True,4,20,620,6.429719478039138,0,0.03125,31.0,155.0,199.32130381921326,32,5,0,0,0,160,2.321928094887362,128,25.6,0.2
simt,32,32,6,197.1958428621292,simt_rotate_iter,1650,1650,0,board_v2_simt_warps,True,4,24,744,6.612041034833092,0,0.03125,31.0,186.0,204.97327207982585,32,6,0,0,0,192,2.584962500721156,128,21.333333333333332,0.16666666666666666
simt,32,32,7,202.5691717863083,simt_rotate_iter,1650,1650,0,board_v2_simt_warps,True,4,28,868,6.7661917146603505,0,0.03125,31.0,217.0,209.75194315447087,32,7,0,0,0,224,2.807354922057604,128,18.285714285714285,0.14285714285714285
simt,32,32,8,210.8856588602066,simt_rotate_iter,1650,1650,0,board_v2_simt_warps,True,4,32,992,6.899723107284872,0,0.03125,31.0,248.0,213.89141632583105,32,8,0,0,0,256,3.0,128,16.0,0.125
simt,32,32,9,209.84049638112387,simt_rotate_iter,1650,1650,0,board_v2_simt_warps,True,4,36,1116,7.017506142941256,0,0.03125,31.0,279.0,217.54269043117895,32,9,0,0,0,288,3.169925001442312,128,14.222222222222221,0.1111111111111111
simt,32,32,10,210.9569956858953,simt_rotate_iter,1650,1650,0,board_v2_simt_warps,True,4,40,1240,7.122866658599083,0,0.03125,31.0,310.0,220.80886641657156,32,10,0,0,0,320,3.321928094887362,128,12.8,0.1
simt,32,32,11,215.90050061543783,simt_rotate_iter,1650,1650,0,board_v2_simt_warps,True,4,44,1364,7.218176838403408,0,0.03125,31.0,341.0,223.76348199050565,32,11,0,0,0,352,3.4594316186372973,128,11.636363636363637,0.09090909090909091
simt,32,32,12,218.14916531244913,simt_rotate_iter,1650,1650,0,board_v2_simt_warps,True,4,48,1488,7.305188215393037,0,0.03125,31.0,372.0,226.46083467718415,32,12,0,0,0,384,3.584962500721156,128,10.666666666666666,0.08333333333333333
simt,32,32,16,357.9331537087758,simt_rotate_iter,1650,1650,0,board_v2_simt_warps,True,4,64,1984,7.592870287844818,0,0.03125,31.0,496.0,235.37897892318935,32,16,0,0,0,512,4.0,128,8.0,0.0625
simt,32,32,20,363.152340054512,simt_rotate_iter,1650,1650,0,board_v2_simt_warps,True,4,80,2480,7.8160138391590275,0,0.03125,31.0,620.0,242.29642901392984,32,20,0,0,0,640,4.321928094887363,128,6.4,0.05
simt,32,32,24,442.6969786485036,simt_rotate_iter,1650,1650,0,board_v2_simt_warps,True,4,96,2976,7.998335395952982,0,0.03125,31.0,744.0,247.94839727454246,32,24,0,0,0,768,4.584962500721156,128,5.333333333333333,0.041666666666666664
simt,32,32,32,767.8246895472208,simt_rotate_iter,1650,1650,0,board_v2_simt_warps,True,4,128,3968,8.286017468404763,0,0.03125,31.0,992.0,256.8665415205477,32,32,0,0,0,1024,5.0,128,4.0,0.03125
simt,32,32,40,657.7204763889313,simt_rotate_iter,1650,1650,0,board_v2_simt_warps,True,4,160,4960,8.509161019718974,1,0.03125,31.0,992.0,263.7839916112882,32,32,32,32,32,1024,5.0,128,4.0,0.03125
simt,32,32,48,742.0600056648254,simt_rotate_iter,1650,1650,0,board_v2_simt_warps,True,4,192,5952,8.691482576512929,1,0.03125,31.0,992.0,269.43595987190076,32,32,32,32,32,1024,5.0,128,4.0,0.03125
simt,32,32,64,904.1586716969808,simt_rotate_iter,1650,1650,0,board_v2_simt_warps,True,4,256,7936,8.979164648964709,1,0.03125,31.0,992.0,278.354104117906,32,32,32,32,32,1024,5.0,128,4.0,0.03125
simt,32,32,96,769.3236470222473,simt_rotate_iter,1650,1650,0,board_v2_simt_warps,True,4,384,11904,9.384629757072872,1,0.03125,31.0,992.0,290.92352246925907,32,32,32,32,32,1024,5.0,128,4.0,0.03125
simt,32,32,128,844.78231271108,simt_rotate_iter,1650,1650,0,board_v2_simt_warps,True,4,512,15872,9.672311829524654,1,0.03125,31.0,992.0,299.8416667152643,32,32,32,32,32,1024,5.0,128,4.0,0.03125
simt,32,32,192,675.5921840667725,simt_rotate_iter,1650,1650,0,board_v2_simt_warps,True,4,768,23808,10.077776937632818,1,0.03125,31.0,992.0,312.4110850666174,32,32,32,32,32,1024,5.0,128,4.0,0.03125
simt,32,32,256,762.0976567268372,simt_rotate_iter,1650,1650,0,board_v2_simt_warps,True,4,1024,31744,10.3654590100846,1,0.03125,31.0,992.0,321.3292293126226,32,32,32,32,32,1024,5.0,128,4.0,0.03125
simt,32,64,1,137.25449641545615,simt_rotate_iter,1650,1650,0,board_v2_simt_warps,True,4,4,252,5.529429087511423,0,0.0625,15.0,30.0,82.94143631267136,32,2,0,0,0,64,1.0,256,128.0,1.0
simt,32,64,2,147.75783816973367,simt_rotate_iter,1650,1650,0,board_v2_simt_warps,True,4,8,504,6.222576268071369,0,0.0625,15.0,60.0,93.33864402107054,32,4,0,0,0,128,2.0,256,64.0,0.5
simt,32,64,3,165.22100071112314,simt_rotate_iter,1650,1650,0,board_v2_simt_warps,True,4,12,756,6.628041376179533,0,0.0625,15.0,90.0,99.420620642693,32,6,0,0,0,192,2.584962500721156,256,42.666666666666664,0.3333333333333333
simt,32,64,4,180.49316108226776,simt_rotate_iter,1650,1650,0,board_v2_simt_warps,True,4,16,1008,6.915723448631314,0,0.0625,15.0,120.0,103.73585172946972,32,8,0,0,0,256,3.0,256,32.0,0.25
simt,32,64,5,193.0263340473175,simt_rotate_iter,1650,1650,0,board_v2_simt_warps,True,4,20,1260,7.138866999945524,0,0.0625,15.0,150.0,107.08300499918286,32,10,0,0,0,320,3.321928094887362,256,25.6,0.2
simt,32,64,6,200.19884407520294,simt_rotate_iter,1650,1650,0,board_v2_simt_warps,True,4,24,1512,7.321188556739478,0,0.0625,15.0,180.0,109.81782835109217,32,12,0,0,0,384,3.584962500721156,256,21.333333333333332,0.16666666666666666
simt,32,64,7,207.71833757559457,simt_rotate_iter,1650,1650,0,board_v2_simt_warps,True,4,28,1764,7.475339236566737,0,0.0625,15.0,210.0,112.13008854850105,32,14,0,0,0,448,3.807354922057604,256,18.285714285714285,0.14285714285714285
simt,32,64,8,217.72867441177368,simt_rotate_iter,1650,1650,0,board_v2_simt_warps,True,4,32,2016,7.60887062919126,0,0.0625,15.0,240.0,114.1330594378689,32,16,0,0,0,512,4.0,256,16.0,0.125
simt,32,64,9,323.1726835171382,simt_rotate_iter,1650,1650,0,board_v2_simt_warps,True,4,36,2268,7.7266536648476425,0,0.0625,15.0,270.0,115.89980497271463,32,18,0,0,0,576,4.169925001442312,256,14.222222222222221,0.1111111111111111
simt,32,64,10,333.7143411238988,simt_rotate_iter,1650,1650,0,board_v2_simt_warps,True,4,40,2520,7.832014180505469,0,0.0625,15.0,300.0,117.48021270758204,32,20,0,0,0,640,4.321928094887363,256,12.8,0.1
simt,32,64,11,361.20249330997467,simt_rotate_iter,1650,1650,0,board_v2_simt_warps,True,4,44,2772,7.927324360309794,0,0.0625,15.0,330.0,118.90986540464691,32,22,0,0,0,704,4.459431618637297,256,11.636363636363637,0.09090909090909091
simt,32,64,12,368.02099148432416,simt_rotate_iter,1650,1650,0,board_v2_simt_warps,True,4,48,3024,8.014335737299424,0,0.0625,15.0,360.0,120.21503605949137,32,24,0,0,0,768,4.584962500721156,256,10.666666666666666,0.08333333333333333
simt,32,64,16,519.6973383426666,simt_rotate_iter,1650,1650,0,board_v2_simt_warps,True,4,64,4032,8.302017809751204,0,0.0625,15.0,480.0,124.53026714626806,32,32,0,0,0,1024,5.0,256,8.0,0.0625
simt,32,64,20,724.6993482112885,simt_rotate_iter,1650,1650,0,board_v2_simt_warps,True,4,80,5040,8.525161361065415,1,0.0625,15.0,600.0,127.87742041598122,32,40,32,40,32,1280,5.321928094887363,256,6.4,0.05
simt,32,64,24,809.1827034950256,simt_rotate_iter,1650,1650,0,board_v2_simt_warps,True,4,96,6048,8.70748291785937,1,0.0625,15.0,720.0,130.61224376789053,32,48,32,48,32,1536,5.584962500721156,256,5.333333333333333,0.041666666666666664
simt,32,64,32,863.7818694114685,simt_rotate_iter,1650,1650,0,board_v2_simt_warps,True,4,128,8064,8.99516499031115,1,0.0625,15.0,960.0,134.92747485466725,32,64,32,64,32,2048,6.0,256,4.0,0.03125
simt,32,64,40,875.754694143931,simt_rotate_iter,1650,1650,0,board_v2_simt_warps,True,4,160,10080,9.21830854162536,1,0.0625,15.0,960.0,138.2746281243804,32,64,32,64,32,2048,6.0,256,4.0,0.03125
simt,32,64,48,826.3838092486063,simt_rotate_iter,1650,1650,0,board_v2_simt_warps,True,4,192,12096,9.400630098419315,1,0.0625,15.0,960.0,141.0094514762897,32,64,32,64,32,2048,6.0,256,4.0,0.03125
simt,32,64,64,855.7471632957458,simt_rotate_iter,1650,1650,0,board_v2_simt_warps,True,4,256,16128,9.688312170871095,1,0.0625,15.0,960.0,145.32468256306643,32,64,32,64,32,2048,6.0,256,4.0,0.03125
simt,32,64,96,736.2542947133383,simt_rotate_iter,1650,1650,0,board_v2_simt_warps,True,4,384,24192,10.09377727897926,1,0.0625,15.0,960.0,151.40665918468892,32,64,32,64,32,2048,6.0,256,4.0,0.03125
simt,32,64,128,831.8003614743551,simt_rotate_iter,1650,1650,0,board_v2_simt_warps,True,4,512,32256,10.38145935143104,1,0.0625,15.0,960.0,155.7218902714656,32,64,32,64,32,2048,6.0,256,4.0,0.03125
simt,32,64,192,751.8694599469503,simt_rotate_iter,1650,1650,0,board_v2_simt_warps,True,4,768,48384,10.786924459539204,1,0.0625,15.0,960.0,161.80386689308807,32,64,32,64,32,2048,6.0,256,4.0,0.03125
simt,32,64,256,761.9751493136088,simt_rotate_iter,1650,1650,0,board_v2_simt_warps,True,4,1024,64512,11.074606531990986,1,0.0625,15.0,960.0,166.1190979798648,32,64,32,64,32,2048,6.0,256,4.0,0.03125
simt,32,128,1,133.78250102202097,simt_rotate_iter,1650,1650,0,board_v2_simt_warps,True,4,4,508,6.230481447578482,0,0.125,7.0,28.0,43.61337013304937,32,4,0,0,0,128,2.0,512,128.0,1.0
simt,32,128,2,151.37149393558502,simt_rotate_iter,1650,1650,0,board_v2_simt_warps,True,4,8,1016,6.923628628138427,0,0.125,7.0,56.0,48.46540039696899,32,8,0,0,0,256,3.0,512,64.0,0.5
simt,32,128,3,165.8308357000351,simt_rotate_iter,1650,1650,0,board_v2_simt_warps,True,4,12,1524,7.329093736246592,0,0.125,7.0,84.0,51.303656153726145,32,12,0,0,0,384,3.584962500721156,512,42.666666666666664,0.3333333333333333
simt,32,128,4,180.6695063908895,simt_rotate_iter,1650,1650,0,board_v2_simt_warps,True,4,16,2032,7.616775808698373,0,0.125,7.0,112.0,53.31743066088861,32,16,0,0,0,512,4.0,512,32.0,0.25
simt,32,128,5,305.64198394616443,simt_rotate_iter,1650,1650,0,board_v2_simt_warps,True,4,20,2540,7.8399193600125825,0,0.125,7.0,140.0,54.87943552008808,32,20,0,0,0,640,4.321928094887363,512,25.6,0.2
simt,32,128,6,334.7744941711426,simt_rotate_iter,1650,1650,0,board_v2_simt_warps,True,4,24,3048,8.022240916806537,0,0.125,7.0,168.0,56.155686417645754,32,24,0,0,0,768,4.584962500721156,512,21.333333333333332,0.16666666666666666
simt,32,128,7,362.77466515700024,simt_rotate_iter,1650,1650,0,board_v2_simt_warps,True,4,28,3556,8.176391596633795,0,0.125,7.0,196.0,57.23474117643657,32,28,0,0,0,896,4.807354922057604,512,18.285714285714285,0.14285714285714285
simt,32,128,8,364.5925124486287,simt_rotate_iter,1650,1650,0,board_v2_simt_warps,True,4,32,4064,8.309922989258318,0,0.125,7.0,224.0,58.16946092480823,32,32,0,0,0,1024,5.0,512,16.0,0.125
simt,32,128,9,502.5585194428762,simt_rotate_iter,1650,1650,0,board_v2_simt_warps,True,4,36,4572,8.427706024914702,1,0.125,7.0,252.0,58.99394217440292,32,36,32,36,32,1152,5.169925001442312,512,14.222222222222221,0.1111111111111111
simt,32,128,10,510.070671637853,simt_rotate_iter,1650,1650,0,board_v2_simt_warps,True,4,40,5080,8.533066540572527,1,0.125,7.0,280.0,59.73146578400769,32,40,32,40,32,1280,5.321928094887363,512,12.8,0.1
simt,32,128,11,549.6659874916077,simt_rotate_iter,1650,1650,0,board_v2_simt_warps,True,4,44,5588,8.628376720376853,1,0.125,7.0,308.0,60.39863704263797,32,44,32,44,32,1408,5.459431618637297,512,11.636363636363637,0.09090909090909091
simt,32,128,12,580.4276764392853,simt_rotate_iter,1650,1650,0,board_v2_simt_warps,True,4,48,6096,8.715388097366482,1,0.125,7.0,336.0,61.00771668156537,32,48,32,48,32,1536,5.584962500721156,512,10.666666666666666,0.08333333333333333
simt,32,128,16,784.7410341103872,simt_rotate_iter,1650,1650,0,board_v2_simt_warps,True,4,64,8128,9.003070169818264,1,0.125,7.0,448.0,63.02149118872784,32,64,32,64,32,2048,6.0,512,8.0,0.0625
simt,32,128,20,911.037802696228,simt_rotate_iter,1650,1650,0,board_v2_simt_warps,True,4,80,10160,9.226213721132472,1,0.125,7.0,560.0,64.58349604792731,32,80,32,80,32,2560,6.321928094887363,512,6.4,0.05
simt,32,128,24,944.6848630905151,simt_rotate_iter,1650,1650,0,board_v2_simt_warps,True,4,96,12192,9.408535277926427,1,0.125,7.0,672.0,65.85974694548499,32,96,32,96,32,3072,6.584962500721156,512,5.333333333333333,0.041666666666666664
simt,32,128,32,927.7536670366923,simt_rotate_iter,1650,1650,0,board_v2_simt_warps,True,4,128,16256,9.696217350378209,1,0.125,7.0,896.0,67.87352145264747,32,128,32,128,32,4096,7.0,512,4.0,0.03125
simt,32,128,40,907.8134695688883,simt_rotate_iter,1650,1650,0,board_v2_simt_warps,True,4,160,20320,9.919360901692418,1,0.125,7.0,896.0,69.43552631184693,32,128,32,128,32,4096,7.0,512,4.0,0.03125
simt,32,128,48,914.9460196495056,simt_rotate_iter,1650,1650,0,board_v2_simt_warps,True,4,192,24384,10.101682458486373,1,0.125,7.0,896.0,70.7117772094046,32,128,32,128,32,4096,7.0,512,4.0,0.03125
simt,32,128,64,940.0033553441366,simt_rotate_iter,1650,1650,0,board_v2_simt_warps,True,4,256,32512,10.389364530938154,1,0.125,7.0,896.0,72.72555171656708,32,128,32,128,32,4096,7.0,512,4.0,0.03125
simt,32,128,96,834.047536055247,simt_rotate_iter,1650,1650,0,board_v2_simt_warps,True,4,384,48768,10.794829639046318,1,0.125,7.0,896.0,75.56380747332423,32,128,32,128,32,4096,7.0,512,4.0,0.03125
simt,32,128,128,834.8976969718933,simt_rotate_iter,1650,1650,0,board_v2_simt_warps,True,4,512,65024,11.0825117114981,1,0.125,7.0,896.0,77.5775819804867,32,128,32,128,32,4096,7.0,512,4.0,0.03125
simt,32,128,192,876.5523433685303,simt_rotate_iter,1650,1650,0,board_v2_simt_warps,True,4,768,97536,11.487976819606263,1,0.125,7.0,896.0,80.41583773724385,32,128,32,128,32,4096,7.0,512,4.0,0.03125
simt,32,128,256,756.2910119692484,simt_rotate_iter,1650,1650,0,board_v2_simt_warps,True,4,1024,130048,11.775658892058045,1,0.125,7.0,896.0,82.42961224440631,32,128,32,128,32,4096,7.0,512,4.0,0.03125
simt,32,256,1,135.125661889712,simt_rotate_iter,1650,1650,0,board_v2_simt_warps,True,4,4,1020,6.927557906278317,0,0.25,3.0,24.0,20.78267371883495,32,8,0,0,0,256,3.0,1024,128.0,1.0
simt,32,256,2,156.49316708246866,simt_rotate_iter,1650,1650,0,board_v2_simt_warps,True,4,8,2040,7.620705086838262,0,0.25,3.0,48.0,22.862115260514784,32,16,0,0,0,512,4.0,1024,64.0,0.5
simt,32,256,3,299.7693220774333,simt_rotate_iter,1650,1650,0,board_v2_simt_warps,True,4,12,3060,8.026170194946426,0,0.25,3.0,72.0,24.07851058483928,32,24,0,0,0,768,4.584962500721156,1024,42.666666666666664,0.3333333333333333
simt,32,256,4,319.6159899234772,simt_rotate_iter,1650,1650,0,board_v2_simt_warps,True,4,16,4080,8.313852267398207,0,0.25,3.0,96.0,24.941556802194622,32,32,0,0,0,1024,5.0,1024,32.0,0.25
simt,32,256,5,518.3048446973165,simt_rotate_iter,1650,1650,0,board_v2_simt_warps,True,4,20,5100,8.536995818712418,1,0.25,3.0,120.0,25.610987456137252,32,40,32,40,32,1280,5.321928094887363,1024,25.6,0.2
simt,32,256,6,523.0366736650467,simt_rotate_iter,1650,1650,0,board_v2_simt_warps,True,4,24,6120,8.719317375506371,1,0.25,3.0,144.0,26.157952126519113,32,48,32,48,32,1536,5.584962500721156,1024,21.333333333333332,0.16666666666666666
simt,32,256,7,523.282508055369,simt_rotate_iter,1650,1650,0,board_v2_simt_warps,True,4,28,7140,8.87346805533363,1,0.25,3.0,168.0,26.62040416600089,32,56,32,56,32,1792,5.807354922057604,1024,18.285714285714285,0.14285714285714285
simt,32,256,8,534.9403421084086,simt_rotate_iter,1650,1650,0,board_v2_simt_warps,True,4,32,8160,9.006999447958153,1,0.25,3.0,192.0,27.02099834387446,32,64,32,64,32,2048,6.0,1024,16.0,0.125
simt,32,256,9,526.5508194764456,simt_rotate_iter,1650,1650,0,board_v2_simt_warps,True,4,36,9180,9.124782483614537,1,0.25,3.0,216.0,27.374347450843608,32,72,32,72,32,2304,6.169925001442312,1024,14.222222222222221,0.1111111111111111
simt,32,256,10,545.9291438261668,simt_rotate_iter,1650,1650,0,board_v2_simt_warps,True,4,40,10200,9.230142999272362,1,0.25,3.0,240.0,27.690428997817087,32,80,32,80,32,2560,6.321928094887363,1024,12.8,0.1
simt,32,256,11,619.0693378448486,simt_rotate_iter,1650,1650,0,board_v2_simt_warps,True,4,44,11220,9.325453179076687,1,0.25,3.0,264.0,27.97635953723006,32,88,32,88,32,2816,6.459431618637297,1024,11.636363636363637,0.09090909090909091
simt,32,256,12,660.3019734223684,simt_rotate_iter,1650,1650,0,board_v2_simt_warps,True,4,48,12240,9.412464556066316,1,0.25,3.0,288.0,28.237393668198948,32,96,32,96,32,3072,6.584962500721156,1024,10.666666666666666,0.08333333333333333
simt,32,256,16,838.6024733384451,simt_rotate_iter,1650,1650,0,board_v2_simt_warps,True,4,64,16320,9.700146628518098,1,0.25,3.0,384.0,29.100439885554295,32,128,32,128,32,4096,7.0,1024,8.0,0.0625
simt,32,256,20,970.0068632761637,simt_rotate_iter,1650,1650,0,board_v2_simt_warps,True,4,80,20400,9.923290179832307,1,0.25,3.0,480.0,29.76987053949692,32,160,32,160,32,5120,7.321928094887363,1024,6.4,0.05
simt,32,256,24,1084.6195022265117,simt_rotate_iter,1650,1650,0,board_v2_simt_warps,True,4,96,24480,10.105611736626262,1,0.25,3.0,576.0,30.316835209878786,32,192,32,192,32,6144,7.584962500721156,1024,5.333333333333333,0.041666666666666664
simt,32,256,32,1287.139356136322,simt_rotate_iter,1650,1650,0,board_v2_simt_warps,True,4,128,32640,10.393293809078044,1,0.25,3.0,768.0,31.17988142723413,32,256,32,256,32,8192,8.0,1024,4.0,0.03125
simt,32,256,40,1157.809853553772,simt_rotate_iter,1650,1650,0,board_v2_simt_warps,True,4,160,40800,10.616437360392252,1,0.25,3.0,768.0,31.849312081176755,32,256,32,256,32,8192,8.0,1024,4.0,0.03125
simt,32,256,48,1138.8107736905415,simt_rotate_iter,1650,1650,0,board_v2_simt_warps,True,4,192,48960,10.798758917186207,1,0.25,3.0,768.0,32.396276751558624,32,256,32,256,32,8192,8.0,1024,4.0,0.03125
simt,32,256,64,932.9250256220499,simt_rotate_iter,1650,1650,0,board_v2_simt_warps,True,4,256,65280,11.086440989637989,1,0.25,3.0,768.0,33.25932296891396,32,256,32,256,32,8192,8.0,1024,4.0,0.03125
simt,32,256,96,1163.8658046722412,simt_rotate_iter,1650,1650,0,board_v2_simt_warps,True,4,384,97920,11.491906097746153,1,0.25,3.0,768.0,34.47571829323846,32,256,32,256,32,8192,8.0,1024,4.0,0.03125
simt,32,256,128,831.932008266449,simt_rotate_iter,1650,1650,0,board_v2_simt_warps,True,4,512,130560,11.779588170197934,1,0.25,3.0,768.0,35.338764510593805,32,256,32,256,32,8192,8.0,1024,4.0,0.03125
simt,32,256,192,884.0101361274719,simt_rotate_iter,1650,1650,0,board_v2_simt_warps,True,4,768,195840,12.185053278306098,1,0.25,3.0,768.0,36.55515983491829,32,256,32,256,32,8192,8.0,1024,4.0,0.03125
simt,32,256,256,759.7326437632242,simt_rotate_iter,1650,1650,0,board_v2_simt_warps,True,4,1024,261120,12.47273535075788,1,0.25,3.0,768.0,37.41820605227364,32,256,32,256,32,8192,8.0,1024,4.0,0.03125
simt,64,32,1,140.22967219352722,simt_rotate_iter,1650,1650,0,board_v2_simt_warps,True,4,4,124,4.820281565605037,0,0.015625,63.0,63.0,303.6777386331173,64,1,0,0,0,64,0.0,128,128.0,1.0
simt,64,32,2,151.77916983763376,simt_rotate_iter,1650,1650,0,board_v2_simt_warps,True,4,8,248,5.5134287461649825,0,0.015625,63.0,126.0,347.3460110083939,64,2,0,0,0,128,1.0,128,64.0,0.5
simt,64,32,3,184.86467003822327,simt_rotate_iter,1650,1650,0,board_v2_simt_warps,True,4,12,372,5.918893854273146,0,0.015625,63.0,189.0,372.8903128192082,64,3,0,0,0,192,1.584962500721156,128,42.666666666666664,0.3333333333333333
simt,64,32,4,194.17783617973328,simt_rotate_iter,1650,1650,0,board_v2_simt_warps,True,4,16,496,6.206575926724928,0,0.015625,63.0,252.0,391.01428338367043,64,4,0,0,0,256,2.0,128,32.0,0.25
simt,64,32,5,208.34400753180185,simt_rotate_iter,1650,1650,0,board_v2_simt_warps,True,4,20,620,6.429719478039138,0,0.015625,63.0,315.0,405.07232711646566,64,5,0,0,0,320,2.321928094887362,128,25.6,0.2
simt,64,32,6,208.20783078670502,simt_rotate_iter,1650,1650,0,board_v2_simt_warps,True,4,24,744,6.612041034833092,0,0.015625,63.0,378.0,416.55858519448475,64,6,0,0,0,384,2.584962500721156,128,21.333333333333332,0.16666666666666666
simt,64,32,7,220.56167324384054,simt_rotate_iter,1650,1650,0,board_v2_simt_warps,True,4,28,868,6.7661917146603505,0,0.015625,63.0,441.0,426.2700780236021,64,7,0,0,0,448,2.807354922057604,128,18.285714285714285,0.14285714285714285
simt,64,32,8,327.80099908510846,simt_rotate_iter,1650,1650,0,board_v2_simt_warps,True,4,32,992,6.899723107284872,0,0.015625,63.0,504.0,434.68255575894693,64,8,0,0,0,512,3.0,128,16.0,0.125
simt,64,32,9,246.2193419535955,simt_rotate_iter,1650,1650,0,board_v2_simt_warps,True,4,36,1116,7.017506142941256,0,0.015625,63.0,567.0,442.1028870052991,64,9,0,0,0,576,3.169925001442312,128,14.222222222222221,0.1111111111111111
simt,64,32,10,249.94282921155295,simt_rotate_iter,1650,1650,0,board_v2_simt_warps,True,4,40,1240,7.122866658599083,0,0.015625,63.0,630.0,448.7405994917422,64,10,0,0,0,640,3.321928094887362,128,12.8,0.1
simt,64,32,11,280.09601434071857,simt_rotate_iter,1650,1650,0,board_v2_simt_warps,True,4,44,1364,7.218176838403408,0,0.015625,63.0,693.0,454.7451408194147,64,11,0,0,0,704,3.4594316186372973,128,11.636363636363637,0.09090909090909091
simt,64,32,12,285.2264940738678,simt_rotate_iter,1650,1650,0,board_v2_simt_warps,True,4,48,1488,7.305188215393037,0,0.015625,63.0,756.0,460.2268575697613,64,12,0,0,0,768,3.584962500721156,128,10.666666666666666,0.08333333333333333
simt,64,32,16,639.9094859759012,simt_rotate_iter,1650,1650,0,board_v2_simt_warps,True,4,64,1984,7.592870287844818,0,0.015625,63.0,1008.0,478.35082813422355,64,16,0,0,0,1024,4.0,128,8.0,0.0625
simt,64,32,20,424.3590136369069,simt_rotate_iter,1650,1650,0,board_v2_simt_warps,True,4,80,2480,7.8160138391590275,0,0.015625,63.0,1260.0,492.4088718670187,64,20,0,0,0,1280,4.321928094887363,128,6.4,0.05
simt,64,32,24,637.3637914657593,simt_rotate_iter,1650,1650,0,board_v2_simt_warps,True,4,96,2976,7.998335395952982,0,0.015625,63.0,1512.0,503.89512994503787,64,24,0,0,0,1536,4.584962500721156,128,5.333333333333333,0.041666666666666664
simt,64,32,32,2626.8006960550942,simt_rotate_iter,1650,1650,0,board_v2_simt_warps,True,4,128,3968,8.286017468404763,0,0.015625,63.0,2016.0,522.0191005095,64,32,0,0,0,2048,5.0,128,4.0,0.03125
simt,64,32,40,2648.199478785197,simt_rotate_iter,1650,1650,0,board_v2_simt_warps,True,4,160,4960,8.509161019718974,1,0.015625,63.0,2016.0,536.0771442422954,64,32,64,32,64,2048,5.0,128,4.0,0.03125
simt,64,32,48,2626.483122507731,simt_rotate_iter,1650,1650,0,board_v2_simt_warps,True,4,192,5952,8.691482576512929,1,0.015625,63.0,2016.0,547.5634023203145,64,32,64,32,64,2048,5.0,128,4.0,0.03125
simt,64,32,64,2836.504062016805,simt_rotate_iter,1650,1650,0,board_v2_simt_warps,True,4,256,7936,8.979164648964709,1,0.015625,63.0,2016.0,565.6873728847767,64,32,64,32,64,2048,5.0,128,4.0,0.03125
simt,64,32,96,3055.969476699829,simt_rotate_iter,1650,1650,0,board_v2_simt_warps,True,4,384,11904,9.384629757072872,1,0.015625,63.0,2016.0,591.231674695591,64,32,64,32,64,2048,5.0,128,4.0,0.03125
simt,64,32,128,3089.231491088867,simt_rotate_iter,1650,1650,0,board_v2_simt_warps,True,4,512,15872,9.672311829524654,1,0.015625,63.0,2016.0,609.3556452600532,64,32,64,32,64,2048,5.0,128,4.0,0.03125
simt,64,32,192,2813.535769780477,simt_rotate_iter,1650,1650,0,board_v2_simt_warps,True,4,768,23808,10.077776937632818,1,0.015625,63.0,2016.0,634.8999470708675,64,32,64,32,64,2048,5.0,128,4.0,0.03125
simt,64,32,256,2588.630199432373,simt_rotate_iter,1650,1650,0,board_v2_simt_warps,True,4,1024,31744,10.3654590100846,1,0.015625,63.0,2016.0,653.0239176353298,64,32,64,32,64,2048,5.0,128,4.0,0.03125
simt,64,64,1,140.27267694473267,simt_rotate_iter,1650,1650,0,board_v2_simt_warps,True,4,4,252,5.529429087511423,0,0.03125,31.0,62.0,171.41230171285412,64,2,0,0,0,128,1.0,256,128.0,1.0
simt,64,64,2,154.17233109474182,simt_rotate_iter,1650,1650,0,board_v2_simt_warps,True,4,8,504,6.222576268071369,0,0.03125,31.0,124.0,192.89986431021242,64,4,0,0,0,256,2.0,256,64.0,0.5
simt,64,64,3,183.29117695490518,simt_rotate_iter,1650,1650,0,board_v2_simt_warps,True,4,12,756,6.628041376179533,0,0.03125,31.0,186.0,205.46928266156553,64,6,0,0,0,384,2.584962500721156,256,42.666666666666664,0.3333333333333333
simt,64,64,4,199.19549425443014,simt_rotate_iter,1650,1650,0,board_v2_simt_warps,True,4,16,1008,6.915723448631314,0,0.03125,31.0,248.0,214.38742690757073,64,8,0,0,0,512,3.0,256,32.0,0.25
simt,64,64,5,210.19684274991354,simt_rotate_iter,1650,1650,0,board_v2_simt_warps,True,4,20,1260,7.138866999945524,0,0.03125,31.0,310.0,221.30487699831124,64,10,0,0,0,640,3.321928094887362,256,25.6,0.2
simt,64,64,6,213.97517124811807,simt_rotate_iter,1650,1650,0,board_v2_simt_warps,True,4,24,1512,7.321188556739478,0,0.03125,31.0,372.0,226.9568452589238,64,12,0,0,0,768,3.584962500721156,256,21.333333333333332,0.16666666666666666
simt,64,64,7,233.0651730298996,simt_rotate_iter,1650,1650,0,board_v2_simt_warps,True,4,28,1764,7.475339236566737,0,0.03125,31.0,434.0,231.73551633356885,64,14,0,0,0,896,3.807354922057604,256,18.285714285714285,0.14285714285714285
simt,64,64,8,338.2181723912557,simt_rotate_iter,1650,1650,0,board_v2_simt_warps,True,4,32,2016,7.60887062919126,0,0.03125,31.0,496.0,235.87498950492903,64,16,0,0,0,1024,4.0,256,16.0,0.125
simt,64,64,9,273.07750781377155,simt_rotate_iter,1650,1650,0,board_v2_simt_warps,True,4,36,2268,7.7266536648476425,0,0.03125,31.0,558.0,239.5262636102769,64,18,0,0,0,1152,4.169925001442312,256,14.222222222222221,0.1111111111111111
simt,64,64,10,270.8676556746165,simt_rotate_iter,1650,1650,0,board_v2_simt_warps,True,4,40,2520,7.832014180505469,0,0.03125,31.0,620.0,242.79243959566955,64,20,0,0,0,1280,4.321928094887363,256,12.8,0.1
simt,64,64,11,308.2568248112996,simt_rotate_iter,1650,1650,0,board_v2_simt_warps,True,4,44,2772,7.927324360309794,0,0.03125,31.0,682.0,245.7470551696036,64,22,0,0,0,1408,4.459431618637297,256,11.636363636363637,0.09090909090909091
simt,64,64,12,486.57331864039105,simt_rotate_iter,1650,1650,0,board_v2_simt_warps,True,4,48,3024,8.014335737299424,0,0.03125,31.0,744.0,248.44440785628214,64,24,0,0,0,1536,4.584962500721156,256,10.666666666666666,0.08333333333333333
simt,64,64,16,1327.256401379903,simt_rotate_iter,1650,1650,0,board_v2_simt_warps,True,4,64,4032,8.302017809751204,0,0.03125,31.0,992.0,257.36255210228734,64,32,0,0,0,2048,5.0,256,8.0,0.0625
simt,64,64,20,675.9348014990488,simt_rotate_iter,1650,1650,0,board_v2_simt_warps,True,4,80,5040,8.525161361065415,1,0.03125,31.0,1240.0,264.2800021930278,64,40,64,40,64,2560,5.321928094887363,256,6.4,0.05
simt,64,64,24,733.7285280227661,simt_rotate_iter,1650,1650,0,board_v2_simt_warps,True,4,96,6048,8.70748291785937,1,0.03125,31.0,1488.0,269.9319704536405,64,48,64,48,64,3072,5.584962500721156,256,5.333333333333333,0.041666666666666664
simt,64,64,32,2913.288116455078,simt_rotate_iter,1650,1650,0,board_v2_simt_warps,True,4,128,8064,8.99516499031115,1,0.03125,31.0,1984.0,278.85011469964564,64,64,64,64,64,4096,6.0,256,4.0,0.03125
simt,64,64,40,2907.179594039917,simt_rotate_iter,1650,1650,0,board_v2_simt_warps,True,4,160,10080,9.21830854162536,1,0.03125,31.0,1984.0,285.7675647903862,64,64,64,64,64,4096,6.0,256,4.0,0.03125
simt,64,64,48,2732.135852177938,simt_rotate_iter,1650,1650,0,board_v2_simt_warps,True,4,192,12096,9.400630098419315,1,0.03125,31.0,1984.0,291.4195330509988,64,64,64,64,64,4096,6.0,256,4.0,0.03125
simt,64,64,64,2948.7013022104898,simt_rotate_iter,1650,1650,0,board_v2_simt_warps,True,4,256,16128,9.688312170871095,1,0.03125,31.0,1984.0,300.33767729700395,64,64,64,64,64,4096,6.0,256,4.0,0.03125
simt,64,64,96,2899.8937606811523,simt_rotate_iter,1650,1650,0,board_v2_simt_warps,True,4,384,24192,10.09377727897926,1,0.03125,31.0,1984.0,312.9070956483571,64,64,64,64,64,4096,6.0,256,4.0,0.03125
simt,64,64,128,2986.2648646036782,simt_rotate_iter,1650,1650,0,board_v2_simt_warps,True,4,512,32256,10.38145935143104,1,0.03125,31.0,1984.0,321.82523989436226,64,64,64,64,64,4096,6.0,256,4.0,0.03125
simt,64,64,192,2941.9120947519937,simt_rotate_iter,1650,1650,0,board_v2_simt_warps,True,4,768,48384,10.786924459539204,1,0.03125,31.0,1984.0,334.39465824571533,64,64,64,64,64,4096,6.0,256,4.0,0.03125
simt,64,64,256,2739.1093571980796,simt_rotate_iter,1650,1650,0,board_v2_simt_warps,True,4,1024,64512,11.074606531990986,1,0.03125,31.0,1984.0,343.31280249172056,64,64,64,64,64,4096,6.0,256,4.0,0.03125
simt,64,128,1,141.37532810370126,simt_rotate_iter,1650,1650,0,board_v2_simt_warps,True,4,4,508,6.230481447578482,0,0.0625,15.0,60.0,93.45722171367723,64,4,0,0,0,256,2.0,512,128.0,1.0
simt,64,128,2,151.4208366473516,simt_rotate_iter,1650,1650,0,board_v2_simt_warps,True,4,8,1016,6.923628628138427,0,0.0625,15.0,120.0,103.85442942207641,64,8,0,0,0,512,3.0,512,64.0,0.5
simt,64,128,3,184.4311555226644,simt_rotate_iter,1650,1650,0,board_v2_simt_warps,True,4,12,1524,7.329093736246592,0,0.0625,15.0,180.0,109.93640604369888,64,12,0,0,0,768,3.584962500721156,512,42.666666666666664,0.3333333333333333
simt,64,128,4,204.24417157967886,simt_rotate_iter,1650,1650,0,board_v2_simt_warps,True,4,16,2032,7.616775808698373,0,0.0625,15.0,240.0,114.25163713047559,64,16,0,0,0,1024,4.0,512,32.0,0.25
simt,64,128,5,216.63816769917807,simt_rotate_iter,1650,1650,0,board_v2_simt_warps,True,4,20,2540,7.8399193600125825,0,0.0625,15.0,300.0,117.59879040018873,64,20,0,0,0,1280,4.321928094887363,512,25.6,0.2
simt,64,128,6,219.54583128293356,simt_rotate_iter,1650,1650,0,board_v2_simt_warps,True,4,24,3048,8.022240916806537,0,0.0625,15.0,360.0,120.33361375209805,64,24,0,0,0,1536,4.584962500721156,512,21.333333333333332,0.16666666666666666
simt,64,128,7,245.599498351415,simt_rotate_iter,1650,1650,0,board_v2_simt_warps,True,4,28,3556,8.176391596633795,0,0.0625,15.0,420.0,122.64587394950694,64,28,0,0,0,1792,4.807354922057604,512,18.285714285714285,0.14285714285714285
simt,64,128,8,506.52581453323364,simt_rotate_iter,1650,1650,0,board_v2_simt_warps,True,4,32,4064,8.309922989258318,0,0.0625,15.0,480.0,124.64884483887477,64,32,0,0,0,2048,5.0,512,16.0,0.125
simt,64,128,9,480.12200991312665,simt_rotate_iter,1650,1650,0,board_v2_simt_warps,True,4,36,4572,8.427706024914702,1,0.0625,15.0,540.0,126.41559037372053,64,36,64,36,64,2304,5.169925001442312,512,14.222222222222221,0.1111111111111111
simt,64,128,10,492.61099100112915,simt_rotate_iter,1650,1650,0,board_v2_simt_warps,True,4,40,5080,8.533066540572527,1,0.0625,15.0,600.0,127.99599810858791,64,40,64,40,64,2560,5.321928094887363,512,12.8,0.1
simt,64,128,11,540.1871800422668,simt_rotate_iter,1650,1650,0,board_v2_simt_warps,True,4,44,5588,8.628376720376853,1,0.0625,15.0,660.0,129.4256508056528,64,44,64,44,64,2816,5.459431618637297,512,11.636363636363637,0.09090909090909091
simt,64,128,12,621.115485827128,simt_rotate_iter,1650,1650,0,board_v2_simt_warps,True,4,48,6096,8.715388097366482,1,0.0625,15.0,720.0,130.73082146049722,64,48,64,48,64,3072,5.584962500721156,512,10.666666666666666,0.08333333333333333
simt,64,128,16,773.4750310579935,simt_rotate_iter,1650,1650,0,board_v2_simt_warps,True,4,64,8128,9.003070169818264,1,0.0625,15.0,960.0,135.04605254727394,64,64,64,64,64,4096,6.0,512,8.0,0.0625
simt,64,128,20,819.8165198167165,simt_rotate_iter,1650,1650,0,board_v2_simt_warps,True,4,80,10160,9.226213721132472,1,0.0625,15.0,1200.0,138.3932058169871,64,80,64,80,64,5120,6.321928094887363,512,6.4,0.05
simt,64,128,24,2322.10119565328,simt_rotate_iter,1650,1650,0,board_v2_simt_warps,True,4,96,12192,9.408535277926427,1,0.0625,15.0,1440.0,141.1280291688964,64,96,64,96,64,6144,6.584962500721156,512,5.333333333333333,0.041666666666666664
simt,64,128,32,3075.6702423095703,simt_rotate_iter,1650,1650,0,board_v2_simt_warps,True,4,128,16256,9.696217350378209,1,0.0625,15.0,1920.0,145.44326025567312,64,128,64,128,64,8192,7.0,512,4.0,0.03125
simt,64,128,40,2763.605753580729,simt_rotate_iter,1650,1650,0,board_v2_simt_warps,True,4,160,20320,9.919360901692418,1,0.0625,15.0,1920.0,148.79041352538627,64,128,64,128,64,8192,7.0,512,4.0,0.03125
simt,64,128,48,2947.5696086883545,simt_rotate_iter,1650,1650,0,board_v2_simt_warps,True,4,192,24384,10.101682458486373,1,0.0625,15.0,1920.0,151.52523687729558,64,128,64,128,64,8192,7.0,512,4.0,0.03125
simt,64,128,64,3084.957202275594,simt_rotate_iter,1650,1650,0,board_v2_simt_warps,True,4,256,32512,10.389364530938154,1,0.0625,15.0,1920.0,155.8404679640723,64,128,64,128,64,8192,7.0,512,4.0,0.03125
simt,64,128,96,2716.904401779175,simt_rotate_iter,1650,1650,0,board_v2_simt_warps,True,4,384,48768,10.794829639046318,1,0.0625,15.0,1920.0,161.92244458569476,64,128,64,128,64,8192,7.0,512,4.0,0.03125
simt,64,128,128,3058.4805011749268,simt_rotate_iter,1650,1650,0,board_v2_simt_warps,True,4,512,65024,11.0825117114981,1,0.0625,15.0,1920.0,166.23767567247148,64,128,64,128,64,8192,7.0,512,4.0,0.03125
simt,64,128,192,2636.2839539845786,simt_rotate_iter,1650,1650,0,board_v2_simt_warps,True,4,768,97536,11.487976819606263,1,0.0625,15.0,1920.0,172.31965229409394,64,128,64,128,64,8192,7.0,512,4.0,0.03125
simt,64,128,256,2412.890593210856,simt_rotate_iter,1650,1650,0,board_v2_simt_warps,True,4,1024,130048,11.775658892058045,1,0.0625,15.0,1920.0,176.6348833808707,64,128,64,128,64,8192,7.0,512,4.0,0.03125
simt,64,256,1,142.6361600557963,simt_rotate_iter,1650,1650,0,board_v2_simt_warps,True,4,4,1020,6.927557906278317,0,0.125,7.0,56.0,48.492905343948216,64,8,0,0,0,512,3.0,1024,128.0,1.0
simt,64,256,2,161.32032871246338,simt_rotate_iter,1650,1650,0,board_v2_simt_warps,True,4,8,2040,7.620705086838262,0,0.125,7.0,112.0,53.34493560786783,64,16,0,0,0,1024,4.0,1024,64.0,0.5
simt,64,256,3,200.7796714703242,simt_rotate_iter,1650,1650,0,board_v2_simt_warps,True,4,12,3060,8.026170194946426,0,0.125,7.0,168.0,56.18319136462498,64,24,0,0,0,1536,4.584962500721156,1024,42.666666666666664,0.3333333333333333
simt,64,256,4,348.0728318293889,simt_rotate_iter,1650,1650,0,board_v2_simt_warps,True,4,16,4080,8.313852267398207,0,0.125,7.0,224.0,58.196965871787455,64,32,0,0,0,2048,5.0,1024,32.0,0.25
simt,64,256,5,411.3225191831589,simt_rotate_iter,1650,1650,0,board_v2_simt_warps,True,4,20,5100,8.536995818712418,1,0.125,7.0,280.0,59.758970730986924,64,40,64,40,64,2560,5.321928094887363,1024,25.6,0.2
simt,64,256,6,464.63583906491596,simt_rotate_iter,1650,1650,0,board_v2_simt_warps,True,4,24,6120,8.719317375506371,1,0.125,7.0,336.0,61.0352216285446,64,48,64,48,64,3072,5.584962500721156,1024,21.333333333333332,0.16666666666666666
simt,64,256,7,533.5528453191122,simt_rotate_iter,1650,1650,0,board_v2_simt_warps,True,4,28,7140,8.87346805533363,1,0.125,7.0,392.0,62.11427638733541,64,56,64,56,64,3584,5.807354922057604,1024,18.285714285714285,0.14285714285714285
simt,64,256,8,667.1356658140818,simt_rotate_iter,1650,1650,0,board_v2_simt_warps,True,4,32,8160,9.006999447958153,1,0.125,7.0,448.0,63.04899613570707,64,64,64,64,64,4096,6.0,1024,16.0,0.125
simt,64,256,9,723.8846818606058,simt_rotate_iter,1650,1650,0,board_v2_simt_warps,True,4,36,9180,9.124782483614537,1,0.125,7.0,504.0,63.873477385301754,64,72,64,72,64,4608,6.169925001442312,1024,14.222222222222221,0.1111111111111111
simt,64,256,10,746.1644808451334,simt_rotate_iter,1650,1650,0,board_v2_simt_warps,True,4,40,10200,9.230142999272362,1,0.125,7.0,560.0,64.61100099490653,64,80,64,80,64,5120,6.321928094887363,1024,12.8,0.1
simt,64,256,11,766.391654809316,simt_rotate_iter,1650,1650,0,board_v2_simt_warps,True,4,44,11220,9.325453179076687,1,0.125,7.0,616.0,65.27817225353681,64,88,64,88,64,5632,6.459431618637297,1024,11.636363636363637,0.09090909090909091
simt,64,256,12,836.3478183746338,simt_rotate_iter,1650,1650,0,board_v2_simt_warps,True,4,48,12240,9.412464556066316,1,0.125,7.0,672.0,65.88725189246422,64,96,64,96,64,6144,6.584962500721156,1024,10.666666666666666,0.08333333333333333
simt,64,256,16,861.9157870610555,simt_rotate_iter,1650,1650,0,board_v2_simt_warps,True,4,64,16320,9.700146628518098,1,0.125,7.0,896.0,67.90102639962669,64,128,64,128,64,8192,7.0,1024,8.0,0.0625
simt,64,256,20,2255.187710126241,simt_rotate_iter,1650,1650,0,board_v2_simt_warps,True,4,80,20400,9.923290179832307,1,0.125,7.0,1120.0,69.46303125882615,64,160,64,160,64,10240,7.321928094887363,1024,6.4,0.05
simt,64,256,24,2537.2210343678794,simt_rotate_iter,1650,1650,0,board_v2_simt_warps,True,4,96,24480,10.105611736626262,1,0.125,7.0,1344.0,70.73928215638384,64,192,64,192,64,12288,7.584962500721156,1024,5.333333333333333,0.041666666666666664
simt,64,256,32,3056.023597717285,simt_rotate_iter,1650,1650,0,board_v2_simt_warps,True,4,128,32640,10.393293809078044,1,0.125,7.0,1792.0,72.7530566635463,64,256,64,256,64,16384,8.0,1024,4.0,0.03125
simt,64,256,40,2854.578733444214,simt_rotate_iter,1650,1650,0,board_v2_simt_warps,True,4,160,40800,10.616437360392252,1,0.125,7.0,1792.0,74.31506152274576,64,256,64,256,64,16384,8.0,1024,4.0,0.03125
simt,64,256,48,2809.8325729370117,simt_rotate_iter,1650,1650,0,board_v2_simt_warps,True,4,192,48960,10.798758917186207,1,0.125,7.0,1792.0,75.59131242030345,64,256,64,256,64,16384,8.0,1024,4.0,0.03125
simt,64,256,64,2963.9525413513184,simt_rotate_iter,1650,1650,0,board_v2_simt_warps,True,4,256,65280,11.086440989637989,1,0.125,7.0,1792.0,77.60508692746592,64,256,64,256,64,16384,8.0,1024,4.0,0.03125
simt,64,256,96,2498.795509338379,simt_rotate_iter,1650,1650,0,board_v2_simt_warps,True,4,384,97920,11.491906097746153,1,0.125,7.0,1792.0,80.44334268422307,64,256,64,256,64,16384,8.0,1024,4.0,0.03125
simt,64,256,128,3130.4352283477783,simt_rotate_iter,1650,1650,0,board_v2_simt_warps,True,4,512,130560,11.779588170197934,1,0.125,7.0,1792.0,82.45711719138554,64,256,64,256,64,16384,8.0,1024,4.0,0.03125
simt,64,256,192,2640.340487162272,simt_rotate_iter,1650,1650,0,board_v2_simt_warps,True,4,768,195840,12.185053278306098,1,0.125,7.0,1792.0,85.29537294814268,64,256,64,256,64,16384,8.0,1024,4.0,0.03125
simt,64,256,256,2765.8418814341226,simt_rotate_iter,1650,1650,0,board_v2_simt_warps,True,4,1024,261120,12.47273535075788,1,0.125,7.0,1792.0,87.30914745530515,64,256,64,256,64,16384,8.0,1024,4.0,0.03125
