mode,block,stride,num_warps,branch,target_ns,pred_ns,relative_error,abs_pct_error
simd,32,2,1,simd_gather,1574.3366479873657,1770.8704972363676,0.12483597425001247,12.483597425001246
simd,32,3,1,simd_gather,1083.7775468826294,1122.4024507379504,0.03563914381361877,3.5639143813618768
simd,32,4,1,simd_gather,827.3033499717712,906.246435238478,0.09542217527512786,9.542217527512786
simd,32,5,1,simd_gather,721.3893532752991,690.0904197390057,-0.043387018943636835,4.338701894363684
simd,32,6,1,simd_gather,614.7851347923279,582.0124119892695,-0.05330760447571481,5.330760447571481
simd,32,7,1,simd_gather,527.9348492622375,473.9344042395333,-0.10228619137033135,10.228619137033135
simd,32,8,1,simd_gather,452.786386013031,473.9344042395333,0.04670639153424916,4.670639153424916
simd,32,9,1,simd_gather,440.141499042511,365.85639648979713,-0.1687755022289753,16.87755022289753
simd,32,10,1,simd_gather,415.5426323413849,365.85639648979713,-0.11956952664911769,11.956952664911768
simd,32,11,1,simd_gather,341.98275208473206,257.77838874006096,-0.24622400641950515,24.622400641950513
simd,32,12,1,simd_gather,337.6602530479431,257.77838874006096,-0.23657467406014188,23.657467406014188
simd,32,16,1,simd_gather,247.3142445087433,257.77838874006096,0.04231112628430811,4.231112628430811
simd,32,20,1,simd_gather,237.52574622631073,142.59375501978622,-0.39967032085892207,39.96703208589221
simd,32,24,1,simd_gather,233.59274864196777,139.6782161600781,-0.40204386920346713,40.204386920346714
simd,32,32,1,simd_gather,150.08611977100372,138.0382255514923,-0.08027320739515209,8.02732073951521
simd,32,40,1,simd_gather,149.5874971151352,134.8949102183695,-0.09822068809304996,9.822068809304996
simd,32,48,1,simd_gather,144.7180062532425,134.16602550344246,-0.07291408320907278,7.291408320907278
simd,32,64,1,simd_gather,129.8779994249344,132.20714783207606,0.017933356053023042,1.7933356053023042
simd,32,96,1,simd_gather,126.10049545764923,130.2938254553926,0.033253874082926904,3.3253874082926904
simd,32,128,1,simd_gather,120.85150182247162,129.29160897236795,0.06983866168493869,6.9838661684938685
simd,32,192,1,simd_gather,119.40249800682068,129.61049603514851,0.08549233222695829,8.549233222695829
simd,32,256,1,simd_gather,116.95949733257294,129.29160897236795,0.1054391641640593,10.54391641640593
simd,64,2,1,simd_gather,1867.2369718551636,1854.6526216066077,-0.00673955713079788,0.673955713079788
simd,64,3,1,simd_gather,1221.5758562088013,1206.1845751081905,-0.012599529552244193,1.2599529552244193
simd,64,4,1,simd_gather,993.6543703079224,990.0285596087183,-0.003648965684195038,0.3648965684195038
simd,64,5,1,simd_gather,795.5425977706909,773.872544109246,-0.027239337933845253,2.7239337933845253
simd,64,6,1,simd_gather,664.342999458313,665.7945363595097,0.00218492089535105,0.21849208953510502
simd,64,7,1,simd_gather,563.7277364730835,557.7165286097736,-0.010663317545662188,1.0663317545662188
simd,64,8,1,simd_gather,478.44287753105164,557.7165286097736,0.16569094201549062,16.569094201549063
simd,64,9,1,simd_gather,462.4638855457306,431.46195828154464,-0.06703642864480563,6.703642864480564
simd,64,10,1,simd_gather,446.6756284236908,421.2120169778833,-0.057006941559959445,5.7006941559959445
simd,64,11,1,simd_gather,369.5071339607239,305.16183265863265,-0.17413818405176096,17.413818405176094
simd,64,12,1,simd_gather,367.4347400665283,300.42408201160697,-0.18237431235486412,18.23743123548641
simd,64,16,1,simd_gather,269.6908712387085,294.9118913549713,0.09351825666334546,9.351825666334545
simd,64,20,1,simd_gather,269.37249302864075,174.26062227274394,-0.3530867969721917,35.30867969721917
simd,64,24,1,simd_gather,257.7269971370697,171.2995281183529,-0.3353450355561748,33.534503555617476
simd,64,32,1,simd_gather,171.57849669456482,163.5095727275703,-0.047027594497219605,4.7027594497219605
simd,64,40,1,simd_gather,168.54649782180786,158.86293266991046,-0.057453375045117494,5.745337504511749
simd,64,48,1,simd_gather,162.0980054140091,155.7651726314706,-0.03906792539713255,3.9067925397132552
simd,64,64,1,simd_gather,152.12300419807434,151.84741728873783,-0.0018116057514725448,0.18116057514725448
simd,64,96,1,simd_gather,145.56799829006195,153.25963142390893,0.052838764180300535,5.2838764180300535
simd,64,128,1,simd_gather,138.7224942445755,151.84741728873783,0.09461279596820371,9.461279596820372
simd,64,192,1,simd_gather,140.1890069246292,142.30680461699959,0.015106731539292317,1.5106731539292317
simd,64,256,1,simd_gather,136.6885006427765,137.30934083656527,0.004542007490529798,0.4542007490529798
simd,128,2,1,simd_gather,2493.4120178222656,2162.1627356130775,-0.13284979772356265,13.284979772356264
simd,128,3,1,simd_gather,1436.1525774002075,1513.6946891146604,0.05399294819692724,5.399294819692724
simd,128,4,1,simd_gather,1078.980803489685,1297.5386736151881,0.20255955381099833,20.25595538109983
simd,128,5,1,simd_gather,848.0506539344788,964.0777743071471,0.13681626189941332,13.681626189941332
simd,128,6,1,simd_gather,731.9849729537964,808.758925971203,0.10488460262729005,10.488460262729005
simd,128,7,1,simd_gather,621.5931177139282,683.187685063218,0.09909145644311512,9.909145644311511
simd,128,8,1,simd_gather,526.7366170883179,678.6321555949241,0.2883709496906648,28.837094969066477
simd,128,9,1,simd_gather,509.8379850387573,536.4332321276665,0.052164114619446256,5.216411461944626
simd,128,10,1,simd_gather,498.6434876918793,519.0311095587838,0.0408861689165434,4.08861689165434
simd,128,11,1,simd_gather,413.6914908885956,402.8442593554843,-0.02622058169437269,2.622058169437269
simd,128,12,1,simd_gather,408.85600447654724,400.2931628532397,-0.02094341658078469,2.094341658078469
simd,128,16,1,simd_gather,312.9504919052124,369.1788965847922,0.17967188463985684,17.967188463985686
simd,128,20,1,simd_gather,311.7454946041107,242.46877330973388,-0.22222204488424813,22.22220448842481
simd,128,24,1,simd_gather,301.48449540138245,230.03217786129147,-0.23700163235579552,23.700163235579552
simd,128,32,1,simd_gather,211.86649799346924,214.45226707972623,0.012204709620190712,1.2204709620190712
simd,128,40,1,simd_gather,208.1339955329895,219.96445773636188,0.05684060488569842,5.684060488569842
simd,128,48,1,simd_gather,202.565997838974,219.5089047895325,0.08364141628560451,8.36414162856045
simd,128,64,1,simd_gather,190.933495759964,214.45226707972623,0.12317781762781599,12.3177817627816
simd,128,96,1,simd_gather,184.50799584388733,195.37104173624974,0.05887574596796141,5.887574596796141
simd,128,128,1,simd_gather,179.92350459098816,185.3761141753811,0.030305154386516264,3.0305154386516264
simd,128,192,1,simd_gather,180.45300245285034,175.83550150364286,-0.02558838526620788,2.558838526620788
simd,128,256,1,simd_gather,175.27100443840027,170.83803772320854,-0.025292071152303475,2.5292071152303475
simd,256,2,1,simd_gather,3238.342523574829,3336.9664246899747,0.030455055448017854,3.0455055448017854
simd,256,3,1,simd_gather,2237.943172454834,2026.3521699750356,-0.09454708461059846,9.454708461059846
simd,256,4,1,simd_gather,1799.5622158050537,1725.9644146068085,-0.04089761418185833,4.089761418185834
simd,256,5,1,simd_gather,1414.760947227478,1301.3018153435232,-0.08019668065216379,8.01966806521638
simd,256,6,1,simd_gather,1155.495524406433,1152.9529270940689,-0.0022004389101120125,0.22004389101120125
simd,256,7,1,simd_gather,980.5734753608704,944.2888286844027,-0.03700349600330988,3.7003496003309877
simd,256,8,1,simd_gather,840.5364751815796,920.4634095652254,0.09509038184973395,9.509038184973395
simd,256,9,1,simd_gather,786.7615222930908,753.0724081383024,-0.04281998191344982,4.281998191344982
simd,256,10,1,simd_gather,732.1835160255432,737.7658291248348,0.007624199366838669,0.7624199366838669
simd,256,11,1,simd_gather,646.6565132141113,590.5102679477709,-0.0868254538831964,8.68254538831964
simd,256,12,1,simd_gather,623.2879757881165,579.941439581329,-0.06954495817439443,6.954495817439444
simd,256,16,1,simd_gather,498.8884925842285,517.7129070444339,0.037732709292803035,3.7732709292803035
simd,256,20,1,simd_gather,458.8715136051178,432.7769889936309,-0.056866734669310026,5.686673466931003
simd,256,24,1,simd_gather,426.64599418640137,430.72700073289866,0.009565322543997112,0.9565322543997112
simd,256,32,1,simd_gather,313.2309913635254,409.6348992946978,0.30777257228448773,30.777257228448775
simd,256,40,1,simd_gather,302.9065132141113,394.20924004514745,0.30142213141022234,30.142213141022232
simd,256,48,1,simd_gather,294.1789925098419,371.0181337186144,0.2611986007335374,26.119860073353742
simd,256,64,1,simd_gather,278.39648723602295,351.48259348600754,0.2625252458305001,26.252524583050008
simd,256,96,1,simd_gather,263.2425129413605,332.40136814253106,0.26271917263066213,26.271917263066214
simd,256,128,1,simd_gather,255.88849186897278,322.4064405816624,0.25994896537492607,25.994896537492608
simd,256,192,1,simd_gather,256.58148527145386,312.8658279099242,0.21936244767982194,21.936244767982195
simd,256,256,1,simd_gather,251.55049562454224,307.86836412948986,0.22388295584599538,22.38829558459954
